timestamp_ms,process_cpu_percent,process_rss_bytes,process_vms_bytes,system_cpu_percent
1786954494988,0.0,33153024,125796352,0.0
1786954495490,0.0,33222656,125796352,0.0
1786954495992,2.0,33222656,125796352,0.5
1786954496494,0.0,33222656,125796352,0.0
1786954496996,0.0,33222656,125796352,0.5
1786954497498,0.0,33222656,125796352,0.5
1786954498001,0.0,33222656,125796352,0.0
1786954498503,0.0,33222656,125796352,0.0
1786954499005,0.0,33226752,125796352,0.5
1786954499508,2.0,33226752,125796352,1.0
1786954500011,0.0,33226752,125796352,1.0
1786954500515,0.0,33226752,125796352,0.0
1786954501019,0.0,33226752,125796352,0.0
1786954501522,2.0,33226752,125796352,0.0
1786954502027,0.0,33230848,125796352,1.5
1786954502530,2.0,33230848,125796352,0.0
1786954503033,0.0,33230848,125796352,1.5
1786954503537,0.0,33230848,125796352,0.0
1786954504040,2.0,33230848,125796352,1.0
1786954504544,0.0,33230848,125796352,0.0
1786954505047,0.0,33230848,125796352,2.0
1786954505550,2.0,33230848,125796352,0.0
1786954506053,0.0,33230848,125796352,1.0
1786954506556,0.0,33230848,125796352,0.5
1786954507059,0.0,33230848,125796352,1.0
1786954507562,2.0,33230848,125796352,0.5
1786954508065,0.0,33230848,125796352,1.0
1786954508568,0.0,33230848,125796352,0.0
1786954509071,4.0,33230848,125796352,1.0
1786954509576,0.0,33230848,125796352,0.5
1786954510079,7.9,34197504,277643264,3.0
1786954510582,0.0,34197504,277643264,0.5
1786954511084,2.0,34197504,277643264,1.0
1786954511588,0.0,34197504,277643264,0.0
1786954512091,4.0,34197504,277643264,0.5
1786954512595,2.0,34197504,277643264,0.5
1786954513098,0.0,34197504,277643264,1.5
1786954513602,2.0,34197504,277643264,0.5
1786954514105,4.0,34197504,277643264,1.0
1786954514608,0.0,34197504,277643264,1.0
1786954515115,2.0,34197504,277643264,0.5
1786954515619,2.0,34197504,277643264,1.5
1786954516124,2.0,34197504,277643264,0.5
1786954516628,2.0,34197504,277643264,0.5
1786954517131,2.0,34197504,277643264,0.5
1786954517635,0.0,34197504,277643264,1.0
1786954518139,4.0,34201600,277643264,1.0
1786954518643,0.0,34201600,277643264,1.0
1786954519147,4.0,34201600,277643264,1.0
1786954519650,0.0,34201600,277643264,0.5
1786954520154,2.0,34201600,277643264,0.5
1786954520658,2.0,34201600,277643264,2.0
1786954521161,2.0,34205696,277643264,1.5
1786954521664,2.0,34205696,277643264,0.5
1786954522168,2.0,34205696,277643264,0.5
1786954522672,0.0,34205696,277643264,0.5
1786954523175,4.0,34205696,277643264,1.5
1786954523679,0.0,34205696,277643264,0.5
1786954524182,4.0,34205696,277643264,0.5
1786954524685,0.0,34209792,277643264,1.0
1786954525188,2.0,34209792,277643264,1.0
1786954525692,0.0,34209792,277643264,1.0
1786954526196,4.0,34209792,277643264,1.5
1786954526700,2.0,34209792,277643264,0.0
1786954527203,2.0,34209792,277643264,1.0
1786954527707,2.0,34209792,277643264,1.0
1786954528210,2.0,34209792,277643264,1.0
1786954528714,0.0,34209792,277643264,0.5
1786954529218,4.0,34209792,277643264,1.0
1786954529722,0.0,34209792,277643264,1.0
1786954530225,2.0,34209792,277643264,1.0
1786954530729,2.0,34209792,277643264,0.5
1786954531233,2.0,34213888,277643264,1.5
1786954531737,0.0,34213888,277643264,1.0
1786954532241,2.0,34217984,277643264,0.5
1786954532745,2.0,34217984,277643264,1.0
1786954533250,2.0,34217984,277643264,1.5
1786954533753,2.0,34217984,277643264,0.5
1786954534256,2.0,34217984,277643264,1.0
1786954534759,2.0,34217984,277643264,0.5
1786954535263,4.0,34217984,277643264,2.0
1786954535766,0.0,34217984,277643264,0.0
1786954536269,2.0,34217984,277643264,1.5
1786954536772,0.0,34217984,277643264,0.5
1786954537276,4.0,34217984,277643264,0.5
1786954537779,2.0,34217984,277643264,1.0
1786954538283,2.0,34217984,277643264,0.5
1786954538786,0.0,34217984,277643264,1.5
1786954539289,2.0,34217984,277643264,1.0
1786954539793,2.0,34217984,277643264,0.5
1786954540297,2.0,34217984,277643264,1.0
1786954540800,2.0,34217984,277643264,0.5
1786954541303,4.0,34217984,277643264,1.0
1786954541807,0.0,34222080,277643264,1.0
1786954542310,2.0,34222080,277643264,0.0
1786954542814,0.0,34222080,277643264,0.5
1786954543318,2.0,34222080,277643264,1.5
1786954543821,2.0,34222080,277643264,0.5
1786954544325,2.0,34222080,277643264,1.0
1786954544830,2.0,34222080,277643264,0.5
1786954545333,2.0,34222080,277643264,1.0
1786954545837,2.0,34222080,277643264,1.5
1786954546341,2.0,34222080,277643264,0.5
1786954546845,0.0,34222080,277643264,1.0
1786954547348,4.0,34222080,277643264,0.5
1786954547852,2.0,34222080,277643264,0.5
1786954548356,2.0,34222080,277643264,1.0
1786954548859,2.0,34222080,277643264,1.5
1786954549362,2.0,34222080,277643264,0.5
1786954549866,0.0,34222080,277643264,0.5
1786954550369,2.0,34222080,277643264,0.5
1786954550873,0.0,34222080,277643264,1.0
1786954551376,4.0,34222080,277643264,1.0
1786954551880,0.0,34222080,277643264,0.5
1786954552383,2.0,34222080,277643264,0.5
1786954552887,2.0,34222080,277643264,0.5
1786954553391,2.0,34222080,277643264,1.0
1786954553895,2.0,34222080,277643264,1.0
1786954554398,2.0,34222080,277643264,0.5
1786954554902,2.0,34222080,277643264,1.5
1786954555405,0.0,34222080,277643264,0.5
1786954555909,4.0,34222080,277643264,1.0
1786954556413,2.0,34222080,277643264,1.0
1786954556916,0.0,34222080,277643264,0.5
1786954557419,4.0,34222080,277643264,1.0
1786954557922,0.0,34222080,277643264,0.5
1786954558426,2.0,34222080,277643264,1.0
1786954558930,2.0,34222080,277643264,1.5
1786954559434,2.0,34222080,277643264,0.5
1786954559937,2.0,34226176,277643264,0.5
1786954560441,2.0,34226176,277643264,0.5
1786954560945,0.0,34226176,277643264,1.5
1786954561448,2.0,34226176,277643264,1.0
1786954561952,2.0,34226176,277643264,1.0
1786954562456,4.0,34226176,277643264,0.5
1786954562959,0.0,34226176,277643264,1.5
1786954563463,2.0,34226176,277643264,0.5
1786954563967,2.0,34226176,277643264,1.0
1786954564473,2.0,34226176,277643264,1.0
1786954564977,2.0,34226176,277643264,1.5
1786954565481,0.0,34226176,277643264,0.0
1786954565984,2.0,34226176,277643264,1.0
1786954566488,2.0,34226176,277643264,1.0
1786954566992,2.0,34226176,277643264,1.5
1786954567497,2.0,34226176,277643264,1.0
1786954568001,2.0,34226176,277643264,1.0
1786954568504,2.0,34226176,277643264,0.5
1786954569007,2.0,34226176,277643264,2.0
1786954569511,2.0,34226176,277643264,1.0
1786954570015,2.0,34226176,277643264,1.0
1786954570518,0.0,34226176,277643264,1.0
1786954571021,4.0,34226176,277643264,1.0
1786954571525,0.0,34226176,277643264,0.0
1786954572029,4.0,34226176,277643264,1.5
1786954572533,0.0,34226176,277643264,0.5
1786954573036,2.0,34226176,277643264,1.0
1786954573540,2.0,34226176,277643264,0.5
1786954574043,4.0,34226176,277643264,1.5
1786954574547,0.0,34226176,277643264,0.5
1786954575052,2.0,34226176,277643264,2.5
1786954575555,0.0,34226176,277643264,0.5
1786954576058,4.0,34226176,277643264,1.5
1786954576562,0.0,34226176,277643264,0.5
1786954577066,2.0,34226176,277643264,1.5
1786954577570,2.0,34226176,277643264,0.0
1786954578073,2.0,34226176,277643264,1.5
1786954578577,2.0,34226176,277643264,0.5
1786954579080,2.0,34226176,277643264,1.0
1786954579583,0.0,34226176,277643264,0.5
1786954580087,4.0,34226176,277643264,1.0
1786954580591,0.0,34226176,277643264,0.0
1786954581094,4.0,34226176,277643264,2.0
1786954581598,0.0,34226176,277643264,0.5
1786954582101,2.0,34230272,277643264,1.0
1786954582605,2.0,34230272,277643264,1.0
1786954583111,2.0,34230272,277643264,1.5
1786954583615,0.0,34234368,277643264,0.0
1786954584120,4.0,34234368,277643264,1.5
1786954584624,0.0,34234368,277643264,1.0
1786954585128,4.0,34234368,277643264,0.0
1786954585633,0.0,34234368,277643264,0.5
1786954586136,4.0,34234368,277643264,1.0
1786954586640,0.0,34234368,277643264,0.5
1786954587144,2.0,34234368,277643264,2.5
1786954587648,2.0,34234368,277643264,0.5
1786954588152,2.0,34234368,277643264,0.0
1786954588655,0.0,34234368,277643264,1.0
1786954589160,4.0,34234368,277643264,1.0
1786954589664,0.0,34234368,277643264,1.0
1786954590167,4.0,34234368,277643264,1.5
1786954590671,0.0,34234368,277643264,0.5
1786954591175,2.0,34234368,277643264,1.5
1786954591679,0.0,34234368,277643264,0.0
1786954592182,6.0,34234368,277643264,1.5
1786954592686,0.0,34234368,277643264,0.5
1786954593190,2.0,34234368,277643264,0.5
1786954593694,2.0,34234368,277643264,1.0
1786954594198,2.0,34234368,277643264,0.5
1786954594701,0.0,34234368,277643264,0.5
1786954595205,2.0,34234368,277643264,1.0
1786954595709,0.0,34234368,277643264,1.5
1786954596213,4.0,34234368,277643264,0.5
1786954596716,0.0,34234368,277643264,0.5
1786954597221,2.0,34234368,277643264,0.5
1786954597725,2.0,34234368,277643264,0.5
1786954598230,4.0,34234368,277643264,1.0
1786954598734,0.0,34234368,277643264,1.5
1786954599238,4.0,34234368,277643264,1.5
1786954599742,0.0,34234368,277643264,0.5
1786954600246,2.0,34234368,277643264,0.5
1786954600749,0.0,34234368,277643264,0.5
1786954601254,4.0,34234368,277643264,2.0
1786954601758,0.0,34234368,277643264,0.5
1786954602261,4.0,34234368,277643264,0.5
1786954602764,0.0,34234368,277643264,0.5
1786954603268,2.0,34234368,277643264,1.0
1786954603770,2.0,34234368,277643264,1.0
1786954604274,2.0,34234368,277643264,1.0
1786954604777,0.0,34234368,277643264,1.0
1786954605279,2.0,34234368,277643264,1.0
1786954605783,2.0,34234368,277643264,1.0
1786954606287,2.0,34234368,277643264,1.0
1786954606791,2.0,34234368,277643264,0.5
1786954607294,2.0,34234368,277643264,1.0
1786954607797,0.0,34234368,277643264,0.5
1786954608300,4.0,34234368,277643264,0.5
1786954608802,0.0,34234368,277643264,0.5
1786954609306,2.0,34234368,277643264,1.0
1786954609809,2.0,34234368,277643264,1.0
1786954610311,2.0,34234368,277643264,1.0
1786954610814,0.0,34234368,277643264,0.5
1786954611317,4.0,34234368,277643264,1.5
1786954611820,0.0,34234368,277643264,1.0
1786954612323,4.0,34234368,277643264,1.0
1786954612826,0.0,34234368,277643264,0.5
1786954613329,4.0,34234368,277643264,2.0
1786954613832,0.0,34234368,277643264,0.0
1786954614335,2.0,34234368,277643264,1.0
1786954614838,2.0,34234368,277643264,0.5
1786954615341,4.0,34234368,277643264,0.0
1786954615844,0.0,34234368,277643264,1.0
1786954616347,2.0,34234368,277643264,0.5
1786954616850,2.0,34234368,277643264,1.5
1786954617353,2.0,34234368,277643264,0.5
1786954617856,0.0,34234368,277643264,1.0
1786954618360,2.0,34234368,277643264,0.5
1786954618863,2.0,34234368,277643264,1.0
1786954619367,2.0,34234368,277643264,0.5
1786954619871,0.0,34234368,277643264,0.5
1786954620375,4.0,34238464,277643264,1.5
1786954620878,2.0,34238464,277643264,0.5
1786954621382,0.0,34238464,277643264,0.5
1786954621885,4.0,34238464,277643264,2.5
1786954622388,2.0,34238464,277643264,0.5
1786954622891,0.0,34238464,277643264,1.5
1786954623395,2.0,34238464,277643264,0.5
1786954623898,0.0,34238464,277643264,0.0
1786954624402,4.0,34238464,277643264,1.0
1786954624905,0.0,34238464,277643264,0.5
1786954625408,4.0,34238464,277643264,1.5
1786954625911,2.0,34238464,277643264,1.0
1786954626415,2.0,34238464,277643264,1.0
1786954626919,0.0,34238464,277643264,0.5
1786954627422,2.0,34238464,277643264,0.5
1786954627926,2.0,34238464,277643264,0.5
1786954628429,2.0,34238464,277643264,1.0
1786954628932,2.0,34238464,277643264,1.0
1786954629436,2.0,34238464,277643264,0.5
1786954629940,2.0,34238464,277643264,1.5
1786954630443,2.0,34238464,277643264,0.0
1786954630947,2.0,34238464,277643264,1.0
1786954631450,0.0,34238464,277643264,1.5
1786954631953,2.0,34238464,277643264,1.0
1786954632456,2.0,34238464,277643264,0.5
1786954632959,2.0,34238464,277643264,1.5
1786954633462,2.0,34238464,277643264,1.0
1786954633965,2.0,34238464,277643264,1.0
1786954634469,2.0,34238464,277643264,0.5
1786954634972,0.0,34238464,277643264,2.0
1786954635475,2.0,34238464,277643264,1.0
1786954635978,2.0,34238464,277643264,1.0
1786954636482,2.0,34238464,277643264,0.5
1786954636986,2.0,34238464,277643264,1.0
1786954637489,2.0,34238464,277643264,0.5
1786954637992,2.0,34238464,277643264,1.0
1786954638496,2.0,34238464,277643264,1.5
1786954639000,2.0,34238464,277643264,0.5
1786954639505,0.0,34238464,277643264,1.0
1786954640008,2.0,34238464,277643264,1.5
1786954640514,2.0,34238464,277643264,0.5
1786954641017,2.0,34238464,277643264,1.0
1786954641521,2.0,34238464,277643264,0.0
1786954642023,4.0,34238464,277643264,2.0
1786954642527,0.0,34238464,277643264,0.0
1786954643031,4.0,34238464,277643264,2.0
1786954643535,0.0,34238464,277643264,0.5
1786954644039,2.0,34238464,277643264,1.5
1786954644543,0.0,34238464,277643264,0.5
1786954645046,4.0,34238464,277643264,1.5
1786954645549,2.0,34238464,277643264,1.0
1786954646052,2.0,34238464,277643264,1.0
1786954646556,0.0,34238464,277643264,0.0
1786954647060,4.0,34238464,277643264,1.5
1786954647563,0.0,34238464,277643264,0.0
1786954648068,2.0,34238464,277643264,2.0
1786954648571,0.0,34238464,277643264,0.0
1786954649075,4.0,34238464,277643264,1.5
1786954649578,0.0,34238464,277643264,0.0
1786954650081,2.0,34238464,277643264,1.0
1786954650585,2.0,34238464,277643264,0.0
1786954651089,4.0,34238464,277643264,2.0
1786954651593,0.0,34238464,277643264,0.5
1786954652097,2.0,34238464,277643264,1.0
1786954652601,2.0,34238464,277643264,0.5
1786954653105,2.0,34238464,277643264,1.0
1786954653610,0.0,34238464,277643264,0.5
1786954654115,2.0,34238464,277643264,1.0
1786954654619,4.0,34238464,277643264,0.5
1786954655124,2.0,34238464,277643264,1.0
1786954655628,0.0,34238464,277643264,0.5
1786954656131,2.0,34238464,277643264,1.0
1786954656635,2.0,34238464,277643264,1.0
1786954657138,2.0,34238464,277643264,1.0
1786954657642,0.0,34238464,277643264,0.0
1786954658145,4.0,34238464,277643264,1.5
1786954658649,0.0,34238464,277643264,1.0
1786954659152,2.0,34238464,277643264,0.5
1786954659656,2.0,34238464,277643264,0.5
1786954660159,4.0,34238464,277643264,1.0
1786954660663,0.0,34238464,277643264,0.5
1786954661166,2.0,34238464,277643264,0.5
1786954661670,0.0,34238464,277643264,0.5
1786954662174,4.0,34238464,277643264,1.5
1786954662678,0.0,34238464,277643264,0.5
1786954663181,4.0,34238464,277643264,0.5
1786954663685,0.0,34238464,277643264,0.5
1786954664189,2.0,34238464,277643264,0.5
1786954664693,2.0,34238464,277643264,1.5
1786954665196,2.0,34238464,277643264,1.5
1786954665700,0.0,34238464,277643264,1.0
1786954666204,4.0,34238464,277643264,1.0
1786954666708,0.0,34238464,277643264,1.0
1786954667211,4.0,34238464,277643264,1.0
1786954667715,0.0,34238464,277643264,1.0
1786954668218,2.0,34238464,277643264,0.5
1786954668723,2.0,34238464,277643264,1.0
1786954669227,4.0,34238464,277643264,0.5
1786954669730,0.0,34238464,277643264,0.5
1786954670234,2.0,34238464,277643264,0.5
1786954670738,0.0,34238464,277643264,1.5
1786954671242,2.0,34238464,277643264,0.5
1786954671745,2.0,34238464,277643264,0.5
1786954672249,4.0,34238464,277643264,1.0
1786954672753,0.0,34238464,277643264,0.5
1786954673257,4.0,34238464,277643264,1.5
1786954673760,0.0,34238464,277643264,0.5
1786954674264,2.0,34238464,277643264,1.0
1786954674768,0.0,34238464,277643264,0.0
1786954675272,4.0,34238464,277643264,1.0
1786954675776,0.0,34238464,277643264,0.0
1786954676279,4.0,34238464,277643264,1.5
1786954676783,0.0,34238464,277643264,1.0
1786954677286,4.0,34238464,277643264,2.0
1786954677790,0.0,34238464,277643264,0.5
1786954678294,2.0,34238464,277643264,1.0
1786954678797,2.0,34238464,277643264,0.5
1786954679303,2.0,34238464,277643264,1.5
1786954679808,0.0,34238464,277643264,0.5
1786954680311,4.0,34238464,277643264,1.0
1786954680815,0.0,34238464,277643264,0.5
1786954681318,2.0,34238464,277643264,0.5
1786954681822,2.0,34238464,277643264,0.5
1786954682326,2.0,34238464,277643264,1.0
1786954682830,0.0,34238464,277643264,1.0
1786954683334,2.0,34238464,277643264,1.0
1786954683838,2.0,34238464,277643264,0.5
1786954684342,2.0,34238464,277643264,1.0
1786954684846,2.0,34238464,277643264,0.5
1786954685350,2.0,34238464,277643264,1.5
1786954685854,2.0,34238464,277643264,1.0
1786954686358,2.0,34238464,277643264,1.0
1786954686862,2.0,34238464,277643264,1.0
1786954687365,2.0,34238464,277643264,1.0
1786954687869,2.0,34238464,277643264,1.0
1786954688373,2.0,34238464,277643264,0.5
1786954688877,0.0,34238464,277643264,1.0
1786954689380,4.0,34238464,277643264,2.0
1786954689884,0.0,34238464,277643264,0.0
1786954690388,2.0,34238464,277643264,2.0
1786954690891,2.0,34238464,277643264,0.5
1786954691396,2.0,34238464,277643264,1.0
1786954691900,0.0,34238464,277643264,0.0
1786954692403,4.0,34238464,277643264,1.5
1786954692907,0.0,34238464,277643264,0.5
1786954693411,4.0,34238464,277643264,1.0
1786954693914,0.0,34238464,277643264,0.0
1786954694418,4.0,34238464,277643264,1.5
1786954694922,0.0,34238464,277643264,1.0
1786954695425,2.0,34238464,277643264,1.5
1786954695928,2.0,34238464,277643264,0.5
1786954696431,2.0,34238464,277643264,0.5
1786954696935,0.0,34238464,277643264,0.5
1786954697438,2.0,34238464,277643264,1.0
1786954697943,2.0,34238464,277643264,0.5
1786954698447,2.0,34238464,277643264,0.5
1786954698950,2.0,34238464,277643264,1.0
1786954699454,2.0,34238464,277643264,1.0
1786954699958,2.0,34238464,277643264,1.0
1786954700461,2.0,34238464,277643264,0.5
1786954700965,0.0,34238464,277643264,1.0
1786954701469,2.0,34238464,277643264,0.5
1786954701972,2.0,34238464,277643264,0.5
1786954702477,2.0,34238464,277643264,0.5
1786954702980,0.0,34238464,277643264,1.0
1786954703483,4.0,34238464,277643264,2.0
1786954703986,2.0,34238464,277643264,0.5
1786954704490,2.0,34238464,277643264,1.5
1786954704993,0.0,34238464,277643264,1.0
1786954705496,2.0,34238464,277643264,0.0
1786954706000,2.0,34238464,277643264,1.0
1786954706504,2.0,34238464,277643264,0.5
1786954707007,2.0,34238464,277643264,0.5
1786954707511,2.0,34238464,277643264,1.5
1786954708015,0.0,34238464,277643264,1.5
1786954708518,2.0,34238464,277643264,0.5
1786954709021,2.0,34238464,277643264,0.5
1786954709524,2.0,34238464,277643264,1.0
1786954710027,2.0,34238464,277643264,0.5
1786954710530,2.0,34238464,277643264,1.0
1786954711034,2.0,34238464,277643264,1.0
1786954711542,2.0,34242560,277643264,0.5
1786954712045,2.0,34242560,277643264,2.0
1786954712548,2.0,34242560,277643264,0.0
1786954713051,0.0,34246656,277643264,1.0
1786954713555,2.0,34246656,277643264,1.0
1786954714059,4.0,34246656,277643264,1.0
1786954714563,0.0,34246656,277643264,0.0
1786954715066,0.0,34246656,277643264,0.5
1786954715569,4.0,34246656,277643264,1.5
1786954716073,2.0,34246656,277643264,1.0
1786954716576,0.0,34246656,277643264,0.0
1786954717079,4.0,34246656,277643264,2.0
1786954717582,0.0,34246656,277643264,0.0
1786954718086,2.0,34246656,277643264,1.5
1786954718590,2.0,34246656,277643264,0.5
1786954719093,4.0,34246656,277643264,2.0
1786954719597,0.0,34246656,277643264,0.0
1786954720100,2.0,34246656,277643264,0.5
1786954720605,2.0,34246656,277643264,1.0
1786954721110,2.0,34246656,277643264,0.5
1786954721615,2.0,34246656,277643264,1.0
1786954722119,2.0,34246656,277643264,1.0
1786954722623,2.0,34246656,277643264,1.0
1786954723128,2.0,34246656,277643264,0.5
1786954723631,0.0,34246656,277643264,1.0
1786954724135,4.0,34246656,277643264,1.5
1786954724639,0.0,34246656,277643264,0.0
1786954725142,2.0,34246656,277643264,2.0
1786954725647,2.0,34246656,277643264,1.5
1786954726151,2.0,34246656,277643264,0.5
1786954726655,0.0,34246656,277643264,1.0
1786954727159,4.0,34246656,277643264,0.5
1786954727663,2.0,34246656,277643264,1.0
1786954728166,2.0,34246656,277643264,1.0
1786954728670,0.0,34246656,277643264,0.5
1786954729174,4.0,34246656,277643264,0.5
1786954729678,0.0,34246656,277643264,1.0
1786954730181,2.0,34246656,277643264,1.0
1786954730685,2.0,34246656,277643264,1.5
1786954731189,2.0,34246656,277643264,0.5
1786954731693,0.0,34246656,277643264,1.0
1786954732197,4.0,34246656,277643264,1.0
1786954732701,0.0,34246656,277643264,0.5
1786954733205,2.0,34246656,277643264,1.0
1786954733708,2.0,34246656,277643264,1.0
1786954734212,4.0,34246656,277643264,1.0
1786954734716,0.0,34246656,277643264,0.5
1786954735220,2.0,34246656,277643264,1.0
1786954735724,0.0,34246656,277643264,1.0
1786954736227,4.0,34246656,277643264,1.0
1786954736731,0.0,34246656,277643264,1.5
1786954737234,2.0,34246656,277643264,0.5
1786954737738,2.0,34246656,277643264,1.0
1786954738242,2.0,34246656,277643264,1.5
1786954738746,0.0,34246656,277643264,0.5
1786954739250,4.0,34246656,277643264,1.0
1786954739753,0.0,34246656,277643264,0.5
1786954740257,4.0,34246656,277643264,1.0
1786954740761,0.0,34246656,277643264,1.5
1786954741265,2.0,34246656,277643264,0.5
1786954741770,2.0,34246656,277643264,0.5
1786954742273,2.0,34246656,277643264,1.5
1786954742777,0.0,34246656,277643264,1.0
1786954743281,4.0,34246656,277643264,1.5
1786954743785,0.0,34246656,277643264,0.5
1786954744289,4.0,34246656,277643264,1.5
1786954744793,0.0,34246656,277643264,1.0
1786954745297,2.0,34246656,277643264,1.0
1786954745800,2.0,34246656,277643264,0.0
1786954746304,4.0,34246656,277643264,1.5
1786954746809,0.0,34246656,277643264,0.5
1786954747313,2.0,34246656,277643264,0.5
1786954747816,0.0,34246656,277643264,0.5
1786954748320,4.0,34246656,277643264,1.0
1786954748823,0.0,34246656,277643264,1.0
1786954749327,4.0,34246656,277643264,1.0
1786954749830,0.0,34246656,277643264,0.5
1786954750333,4.0,34246656,277643264,2.0
1786954750836,0.0,34246656,277643264,0.5
1786954751340,4.0,34246656,277643264,1.0
1786954751844,0.0,34246656,277643264,0.5
1786954752347,4.0,34246656,277643264,0.5
1786954752851,0.0,34246656,277643264,1.5
1786954753356,2.0,34246656,277643264,0.5
1786954753859,2.0,34246656,277643264,1.0
1786954754363,2.0,34246656,277643264,0.5
1786954754866,0.0,34246656,277643264,1.0
1786954755369,4.0,34246656,277643264,1.5
1786954755873,0.0,34246656,277643264,0.5
1786954756377,2.0,34246656,277643264,0.5
1786954756880,2.0,34246656,277643264,0.5
1786954757384,2.0,34246656,277643264,0.5
1786954757888,2.0,34246656,277643264,0.5
1786954758391,2.0,34246656,277643264,1.0
1786954758895,0.0,34246656,277643264,0.5
1786954759398,4.0,34246656,277643264,0.5
1786954759902,2.0,34246656,277643264,1.0
1786954760406,2.0,34246656,277643264,0.5
1786954760910,0.0,34246656,277643264,1.5
1786954761414,4.0,34246656,277643264,1.5
1786954761918,0.0,34246656,277643264,0.5
1786954762423,2.0,34246656,277643264,1.5
1786954762927,0.0,34246656,277643264,0.5
1786954763430,4.0,34246656,277643264,1.0
1786954763934,2.0,34246656,277643264,1.0
1786954764438,2.0,34246656,277643264,1.5
1786954764941,0.0,34246656,277643264,1.0
1786954765445,4.0,34246656,277643264,1.0
1786954765949,0.0,34246656,277643264,0.5
1786954766453,2.0,34246656,277643264,0.5
1786954766957,2.0,34246656,277643264,1.5
1786954767460,2.0,34246656,277643264,0.5
1786954767964,2.0,34246656,277643264,1.0
1786954768468,2.0,34246656,277643264,1.0
1786954768972,0.0,34246656,277643264,0.5
1786954769475,4.0,34246656,277643264,0.5
1786954769979,2.0,34246656,277643264,1.0
1786954770482,2.0,34246656,277643264,1.0
1786954770985,0.0,34246656,277643264,1.5
1786954771489,2.0,34246656,277643264,1.0
1786954771992,0.0,34246656,277643264,1.0
1786954772495,4.0,34246656,277643264,0.5
1786954772999,2.0,34246656,277643264,2.0
1786954773503,2.0,34246656,277643264,0.5
1786954774006,0.0,34246656,277643264,1.0
1786954774510,4.0,34246656,277643264,1.0
1786954775013,0.0,34246656,277643264,1.0
1786954775516,2.0,34246656,277643264,0.5
1786954776020,2.0,34246656,277643264,1.5
1786954776523,2.0,34246656,277643264,0.5
1786954777027,2.0,34246656,277643264,0.5
1786954777531,2.0,34246656,277643264,1.0
1786954778034,2.0,34246656,277643264,0.5
1786954778537,2.0,34246656,277643264,1.0
1786954779041,0.0,34246656,277643264,1.5
1786954779545,2.0,34246656,277643264,1.0
1786954780049,2.0,34246656,277643264,0.5
1786954780553,2.0,34246656,277643264,1.5
1786954781057,0.0,34246656,277643264,0.0
1786954781560,4.0,34246656,277643264,1.0
1786954782064,2.0,34246656,277643264,0.5
1786954782568,2.0,34246656,277643264,0.5
1786954783071,2.0,34246656,277643264,1.0
1786954783574,0.0,34246656,277643264,0.0
1786954784080,2.0,34246656,277643264,1.5
1786954784586,2.0,34246656,277643264,0.5
1786954785090,2.0,34246656,277643264,1.5
1786954785595,2.0,34246656,277643264,0.5
1786954786098,2.0,34246656,277643264,1.5
1786954786602,0.0,34246656,277643264,0.5
1786954787107,5.9,34246656,277643264,1.0
1786954787611,0.0,34246656,277643264,1.0
1786954788115,4.0,34246656,277643264,0.5
1786954788619,0.0,34246656,277643264,0.5
1786954789124,2.0,34246656,277643264,1.0
1786954789628,0.0,34246656,277643264,0.0
1786954790131,4.0,34246656,277643264,1.0
1786954790635,0.0,34246656,277643264,0.5
1786954791138,4.0,34246656,277643264,1.5
1786954791641,0.0,34246656,277643264,0.5
1786954792145,4.0,34246656,277643264,1.0
1786954792648,0.0,34246656,277643264,0.5
1786954793152,2.0,34246656,277643264,1.0
1786954793656,2.0,34246656,277643264,0.0
1786954794159,2.0,34246656,277643264,1.0
1786954794663,0.0,34246656,277643264,0.5
1786954795166,4.0,34246656,277643264,1.0
1786954795670,0.0,34246656,277643264,1.0
1786954796173,2.0,34246656,277643264,1.0
1786954796678,2.0,34246656,277643264,1.0
1786954797181,2.0,34246656,277643264,0.5
1786954797685,0.0,34246656,277643264,0.5
1786954798189,4.0,34246656,277643264,0.5
1786954798693,0.0,34246656,277643264,1.0
1786954799196,2.0,34246656,277643264,1.0
1786954799700,2.0,34246656,277643264,0.5
1786954800204,4.0,34246656,277643264,1.0
1786954800707,0.0,34246656,277643264,0.5
1786954801210,2.0,34246656,277643264,0.5
1786954801714,0.0,34246656,277643264,1.0
1786954802217,4.0,34246656,277643264,1.5
1786954802720,0.0,34246656,277643264,0.5
1786954803223,4.0,34246656,277643264,0.5
1786954803726,0.0,34246656,277643264,1.0
1786954804229,2.0,34246656,277643264,1.0
1786954804733,0.0,34246656,277643264,0.0
1786954805236,4.0,34246656,277643264,0.5
1786954805739,2.0,34246656,277643264,2.0
1786954806243,2.0,34246656,277643264,2.0
1786954806746,0.0,34246656,277643264,0.0
1786954807250,4.0,34246656,277643264,1.5
1786954807753,0.0,34246656,277643264,1.0
1786954808256,2.0,34246656,277643264,0.5
1786954808758,2.0,34246656,277643264,1.5
1786954809263,2.0,34246656,277643264,2.0
1786954809765,0.0,34246656,277643264,1.0
1786954810268,4.0,34246656,277643264,1.0
1786954810771,0.0,34246656,277643264,1.0
1786954811274,2.0,34246656,277643264,1.0
1786954811777,2.0,34246656,277643264,1.0
1786954812281,2.0,34246656,277643264,1.0
1786954812785,0.0,34246656,277643264,1.0
1786954813288,4.0,34246656,277643264,1.0
1786954813790,0.0,34246656,277643264,0.0
1786954814293,2.0,34246656,277643264,1.5
1786954814796,2.0,34246656,277643264,1.5
1786954815299,2.0,34246656,277643264,1.0
1786954815802,0.0,34246656,277643264,0.0
1786954816305,4.0,34246656,277643264,0.5
1786954816808,0.0,34246656,277643264,1.0
1786954817311,2.0,34246656,277643264,1.0
1786954817813,2.0,34246656,277643264,0.5
1786954818317,4.0,34246656,277643264,1.0
1786954818819,0.0,34246656,277643264,1.0
1786954819323,4.0,34246656,277643264,0.5
1786954819826,0.0,34246656,277643264,1.0
1786954820329,2.0,34246656,277643264,0.0
1786954820832,0.0,34246656,277643264,1.5
1786954821337,4.0,34246656,277643264,0.5
1786954821840,0.0,34246656,277643264,0.5
1786954822344,4.0,34246656,277643264,1.0
1786954822847,0.0,34246656,277643264,1.0
1786954823350,4.0,34246656,277643264,1.0
1786954823853,0.0,34246656,277643264,1.0
1786954824356,2.0,34246656,277643264,0.5
1786954824859,2.0,34246656,277643264,1.0
1786954825363,2.0,34246656,277643264,0.5
1786954825866,2.0,34246656,277643264,1.0
1786954826369,2.0,34246656,277643264,0.5
1786954826872,0.0,34246656,277643264,1.0
1786954827375,4.0,34246656,277643264,1.0
1786954827878,0.0,34246656,277643264,1.0
1786954828382,2.0,34246656,277643264,1.0
1786954828885,0.0,34246656,277643264,0.5
1786954829388,4.0,34246656,277643264,1.0
1786954829892,0.0,34246656,277643264,0.5
1786954830396,4.0,34246656,277643264,0.5
1786954830899,0.0,34246656,277643264,1.0
1786954831403,2.0,34246656,277643264,0.5
1786954831906,2.0,34246656,277643264,1.0
1786954832410,2.0,34246656,277643264,0.5
1786954832914,0.0,34246656,277643264,1.0
1786954833417,4.0,34246656,277643264,1.0
1786954833920,0.0,34246656,277643264,1.0
1786954834423,2.0,34246656,277643264,1.0
1786954834927,2.0,34246656,277643264,0.5
1786954835431,4.0,34246656,277643264,1.5
1786954835935,0.0,34246656,277643264,0.5
1786954836438,4.0,34246656,277643264,1.0
1786954836942,0.0,34246656,277643264,1.0
1786954837445,2.0,34246656,277643264,2.5
1786954837949,2.0,34246656,277643264,1.0
1786954838452,2.0,34246656,277643264,2.0
1786954838956,0.0,34246656,277643264,1.0
1786954839461,4.0,34246656,277643264,1.0
1786954839965,0.0,34246656,277643264,1.0
1786954840469,2.0,34246656,277643264,0.5
1786954840972,2.0,34246656,277643264,1.5
1786954841475,2.0,34246656,277643264,1.0
1786954841979,0.0,34246656,277643264,0.5
1786954842482,2.0,34246656,277643264,1.0
1786954842986,2.0,34246656,277643264,0.5
1786954843490,2.0,34246656,277643264,1.5
1786954843993,2.0,34246656,277643264,0.5
1786954844497,2.0,34246656,277643264,1.0
1786954845000,0.0,34246656,277643264,1.0
1786954845505,4.0,34246656,277643264,1.5
1786954846009,2.0,34246656,277643264,0.0
1786954846512,2.0,34246656,277643264,1.0
1786954847017,2.0,34246656,277643264,1.0
1786954847521,2.0,34246656,277643264,0.5
1786954848024,2.0,34246656,277643264,0.5
1786954848527,2.0,34246656,277643264,0.5
1786954849030,0.0,34246656,277643264,0.5
1786954849534,2.0,34246656,277643264,1.5
1786954850037,2.0,34246656,277643264,0.5
1786954850540,2.0,34246656,277643264,0.5
1786954851043,0.0,34246656,277643264,1.0
1786954851548,2.0,34246656,277643264,0.5
1786954852051,4.0,34246656,277643264,1.0
1786954852555,0.0,34246656,277643264,0.5
1786954853058,2.0,34246656,277643264,1.5
1786954853562,2.0,34246656,277643264,0.5
1786954854066,0.0,34246656,277643264,0.5
1786954854569,2.0,34246656,277643264,0.5
1786954855073,4.0,34246656,277643264,2.0
1786954855576,0.0,34246656,277643264,0.5
1786954856080,2.0,34246656,277643264,0.5
1786954856583,2.0,34246656,277643264,1.0
1786954857087,2.0,34246656,277643264,1.5
1786954857591,2.0,34246656,277643264,0.5
1786954858095,2.0,34246656,277643264,1.0
1786954858598,0.0,34246656,277643264,1.5
1786954859102,4.0,34246656,277643264,0.5
1786954859605,2.0,34246656,277643264,1.0
1786954860111,0.0,34246656,277643264,1.0
1786954860614,4.0,34246656,277643264,1.0
1786954861119,0.0,34246656,277643264,0.5
1786954861623,4.0,34246656,277643264,1.0
1786954862127,0.0,34246656,277643264,0.0
1786954862632,2.0,34246656,277643264,1.5
1786954863134,2.0,34246656,277643264,0.5
1786954863638,2.0,34246656,277643264,1.0
1786954864141,2.0,34246656,277643264,0.5
1786954864645,2.0,34246656,277643264,0.0
1786954865147,2.0,34246656,277643264,0.5
1786954865651,2.0,34246656,277643264,1.0
1786954866154,2.0,34246656,277643264,0.5
1786954866659,0.0,34246656,277643264,1.0
1786954867162,2.0,34246656,277643264,1.0
1786954867666,2.0,34246656,277643264,1.0
1786954868169,2.0,34246656,277643264,0.0
1786954868673,0.0,34246656,277643264,1.5
1786954869176,4.0,34246656,277643264,0.5
1786954869680,0.0,34246656,277643264,1.0
1786954870184,4.0,34246656,277643264,1.0
1786954870687,0.0,34246656,277643264,1.0
1786954871190,2.0,34246656,277643264,0.5
1786954871694,0.0,34246656,277643264,0.5
1786954872198,4.0,34246656,277643264,1.5
1786954872701,2.0,34246656,277643264,0.5
1786954873205,2.0,34246656,277643264,1.0
1786954873708,0.0,34246656,277643264,0.5
1786954874212,2.0,34246656,277643264,1.0
1786954874715,2.0,34246656,277643264,1.5
1786954875219,2.0,34246656,277643264,1.0
1786954875723,0.0,34246656,277643264,0.5
1786954876227,4.0,34246656,277643264,1.0
1786954876730,0.0,34246656,277643264,1.0
1786954877234,4.0,34246656,277643264,1.0
1786954877737,0.0,34246656,277643264,0.5
1786954878241,2.0,34246656,277643264,1.0
1786954878744,0.0,34246656,277643264,1.0
1786954879248,4.0,34246656,277643264,0.5
1786954879753,0.0,34246656,277643264,0.5
1786954880256,2.0,34246656,277643264,0.5
1786954880760,2.0,34246656,277643264,1.5
1786954881263,4.0,34246656,277643264,1.0
1786954881766,0.0,34246656,277643264,0.5
1786954882271,2.0,34246656,277643264,1.0
1786954882775,2.0,34246656,277643264,1.0
1786954883278,2.0,34246656,277643264,0.5
1786954883782,2.0,34246656,277643264,0.5
1786954884286,2.0,34246656,277643264,1.5
1786954884790,2.0,34246656,277643264,1.5
1786954885295,0.0,34246656,277643264,1.0
1786954885799,2.0,34246656,277643264,0.5
1786954886302,4.0,34246656,277643264,0.5
1786954886806,0.0,34246656,277643264,0.5
1786954887309,2.0,34246656,277643264,1.0
1786954887813,0.0,34246656,277643264,0.5
1786954888316,4.0,34246656,277643264,1.0
1786954888820,0.0,34246656,277643264,1.0
1786954889323,4.0,34246656,277643264,0.5
1786954889827,2.0,34246656,277643264,1.0
1786954890330,2.0,34246656,277643264,1.0
1786954890835,0.0,34246656,277643264,1.5
1786954891339,2.0,34246656,277643264,0.5
1786954891843,2.0,34246656,277643264,0.0
1786954892347,2.0,34246656,277643264,0.5
1786954892851,0.0,34246656,277643264,1.0
1786954893354,2.0,34246656,277643264,1.0
1786954893858,2.0,34246656,277643264,0.0
1786954894362,2.0,34246656,277643264,1.5
1786954894865,2.0,34246656,277643264,0.5
1786954895369,2.0,34246656,277643264,1.0
1786954895873,2.0,34246656,277643264,1.0
1786954896376,4.0,34246656,277643264,1.0
1786954896880,0.0,34246656,277643264,0.5
1786954897384,2.0,34246656,277643264,0.5
1786954897888,0.0,34246656,277643264,0.5
1786954898392,4.0,34246656,277643264,0.5
1786954898896,0.0,34246656,277643264,1.5
1786954899399,4.0,34246656,277643264,1.0
1786954899903,0.0,34246656,277643264,0.5
1786954900407,4.0,34246656,277643264,1.0
1786954900911,0.0,34246656,277643264,0.0
1786954901414,2.0,34246656,277643264,1.5
1786954901918,0.0,34246656,277643264,0.0
1786954902421,4.0,34246656,277643264,2.0
1786954902926,0.0,34246656,277643264,0.0
1786954903429,4.0,34246656,277643264,1.0
1786954903933,0.0,34246656,277643264,0.5
1786954904437,4.0,34246656,277643264,1.0
1786954904941,0.0,34246656,277643264,1.0
1786954905446,2.0,34246656,277643264,2.0
1786954905950,0.0,34246656,277643264,0.5
1786954906456,4.0,34246656,277643264,1.0
1786954906960,2.0,34246656,277643264,1.0
1786954907463,2.0,34246656,277643264,2.0
1786954907966,0.0,34246656,277643264,0.5
1786954908469,4.0,34246656,277643264,0.5
1786954908972,0.0,34246656,277643264,0.5
1786954909475,2.0,34246656,277643264,2.0
1786954909978,2.0,34246656,277643264,0.0
1786954910481,2.0,34246656,277643264,0.5
1786954910984,0.0,34246656,277643264,2.0
1786954911487,4.0,34246656,277643264,0.5
1786954911990,0.0,34246656,277643264,1.5
1786954912493,2.0,34246656,277643264,0.5
1786954912996,2.0,34246656,277643264,1.0
1786954913500,4.0,34246656,277643264,1.0
1786954914003,0.0,34246656,277643264,1.0
1786954914506,4.0,34246656,277643264,1.0
1786954915009,0.0,34246656,277643264,1.0
1786954915512,2.0,34246656,277643264,1.0
1786954916015,0.0,34246656,277643264,1.5
1786954916518,4.0,34246656,277643264,0.5
1786954917021,0.0,34246656,277643264,1.0
1786954917525,2.0,34246656,277643264,1.0
1786954918027,2.0,34246656,277643264,0.5
1786954918531,2.0,34246656,277643264,1.0
1786954919034,0.0,34246656,277643264,0.5
1786954919537,4.0,34246656,277643264,1.0
1786954920040,0.0,34246656,277643264,0.5
1786954920543,2.0,34246656,277643264,0.5
1786954921046,2.0,34246656,277643264,0.5
1786954921549,2.0,34246656,277643264,0.0
1786954922053,2.0,34246656,277643264,2.0
1786954922557,2.0,34246656,277643264,0.0
1786954923060,2.0,34246656,277643264,1.0
1786954923563,2.0,34246656,277643264,0.5
1786954924067,0.0,34246656,277643264,1.5
1786954924571,2.0,34246656,277643264,0.0
1786954925074,2.0,34246656,277643264,0.5
1786954925577,2.0,34246656,277643264,1.5
1786954926080,0.0,34246656,277643264,0.5
1786954926583,4.0,34246656,277643264,1.0
1786954927087,0.0,34246656,277643264,1.5
1786954927591,4.0,34246656,277643264,1.5
1786954928094,0.0,34246656,277643264,0.0
1786954928598,2.0,34246656,277643264,1.0
1786954929100,2.0,34246656,277643264,1.5
1786954929604,2.0,34246656,277643264,1.0
1786954930109,2.0,34246656,277643264,1.0
1786954930612,2.0,34246656,277643264,0.5
1786954931118,2.0,34246656,277643264,0.0
1786954931621,2.0,34246656,277643264,1.5
1786954932126,2.0,34246656,277643264,0.5
1786954932629,2.0,34246656,277643264,0.5
1786954933133,0.0,34246656,277643264,0.5
1786954933638,4.0,34246656,277643264,1.5
1786954934141,0.0,34246656,277643264,0.5
1786954934644,2.0,34246656,277643264,0.5
1786954935147,2.0,34246656,277643264,1.5
1786954935650,2.0,34246656,277643264,1.0
1786954936154,2.0,34246656,277643264,0.5
1786954936657,2.0,34246656,277643264,0.5
1786954937160,2.0,34246656,277643264,0.5
1786954937664,2.0,34246656,277643264,1.0
1786954938167,2.0,34246656,277643264,1.5
1786954938670,0.0,34246656,277643264,0.5
1786954939175,2.0,34246656,277643264,1.5
1786954939678,2.0,34246656,277643264,0.0
1786954940181,2.0,34246656,277643264,0.5
1786954940684,2.0,34246656,277643264,1.0
1786954941188,2.0,34246656,277643264,0.5
1786954941692,2.0,34246656,277643264,0.5
1786954942195,2.0,34246656,277643264,0.0
1786954942699,0.0,34246656,277643264,1.0
1786954943202,4.0,34246656,277643264,0.5
1786954943707,0.0,34246656,277643264,1.0
1786954944211,4.0,34246656,277643264,1.5
1786954944714,0.0,34246656,277643264,0.0
1786954945218,2.0,34246656,277643264,1.0
1786954945723,0.0,34246656,277643264,0.0
1786954946226,4.0,34246656,277643264,0.5
1786954946730,2.0,34246656,277643264,0.5
1786954947233,2.0,34246656,277643264,1.5
1786954947737,2.0,34246656,277643264,0.5
1786954948241,2.0,34246656,277643264,1.0
1786954948745,0.0,34246656,277643264,0.0
1786954949248,2.0,34246656,277643264,0.0
1786954949752,2.0,34246656,277643264,0.5
1786954950255,2.0,34246656,277643264,1.0
1786954950759,2.0,34246656,277643264,0.0
1786954951262,2.0,34246656,277643264,0.5
1786954951766,2.0,34246656,277643264,0.5
1786954952270,2.0,34246656,277643264,1.5
1786954952774,0.0,34246656,277643264,0.5
1786954953277,2.0,34246656,277643264,0.0
1786954953781,0.0,34246656,277643264,0.0
1786954954284,4.0,34246656,277643264,1.0
1786954954789,0.0,34246656,277643264,0.0
1786954955292,4.0,34246656,277643264,1.0
1786954955796,0.0,34246656,277643264,0.0
1786954956299,2.0,34246656,277643264,1.5
1786954956803,2.0,34246656,277643264,0.0
1786954957307,4.0,34246656,277643264,0.5
1786954957811,0.0,34246656,277643264,0.0
1786954958313,2.0,34246656,277643264,1.0
1786954958817,0.0,34246656,277643264,0.5
1786954959321,4.0,34246656,277643264,1.5
1786954959825,2.0,34246656,277643264,0.0
1786954960328,2.0,34246656,277643264,1.5
1786954960832,2.0,34246656,277643264,0.5
1786954961335,2.0,34246656,277643264,0.5
1786954961840,0.0,34246656,277643264,0.5
1786954962343,2.0,34246656,277643264,0.5
1786954962846,2.0,34246656,277643264,0.5
1786954963350,2.0,34246656,277643264,1.5
1786954963853,2.0,34246656,277643264,0.0
1786954964357,2.0,34246656,277643264,1.0
1786954964860,0.0,34246656,277643264,0.5
1786954965364,2.0,34246656,277643264,1.5
1786954965867,2.0,34246656,277643264,0.5
1786954966371,2.0,34246656,277643264,0.5
1786954966874,2.0,34246656,277643264,1.0
1786954967378,2.0,34246656,277643264,0.5
1786954967881,0.0,34246656,277643264,0.5
1786954968385,4.0,34246656,277643264,0.0
1786954968888,0.0,34246656,277643264,1.0
1786954969392,4.0,34246656,277643264,1.5
1786954969895,2.0,34246656,277643264,0.5
1786954970398,2.0,34246656,277643264,0.0
1786954970902,0.0,34246656,277643264,1.0
1786954971405,2.0,34246656,277643264,1.0
1786954971909,2.0,34246656,277643264,0.0
1786954972412,2.0,34246656,277643264,0.0
1786954972916,2.0,34246656,277643264,0.5
1786954973419,2.0,34246656,277643264,0.5
1786954973923,0.0,34246656,277643264,0.5
1786954974426,2.0,34246656,277643264,0.5
1786954974930,2.0,34246656,277643264,0.5
1786954975434,2.0,34246656,277643264,1.5
1786954975938,0.0,34246656,277643264,0.0
1786954976441,6.0,34246656,277643264,1.0
1786954976945,0.0,34246656,277643264,0.5
1786954977450,2.0,34246656,277643264,1.0
1786954977954,0.0,34246656,277643264,0.5
1786954978457,4.0,34246656,277643264,0.5
1786954978961,0.0,34246656,277643264,0.0
1786954979466,2.0,34246656,277643264,1.0
1786954979970,2.0,34246656,277643264,0.0
1786954980474,2.0,34246656,277643264,0.5
1786954980978,0.0,34246656,277643264,0.0
1786954981481,4.0,34246656,277643264,2.0
1786954981985,0.0,34246656,277643264,0.5
1786954982489,2.0,34246656,277643264,0.5
1786954982993,2.0,34246656,277643264,0.5
1786954983496,4.0,34246656,277643264,1.0
1786954984001,0.0,34246656,277643264,0.0
1786954984505,2.0,34246656,277643264,1.0
1786954985008,2.0,34246656,277643264,0.0
1786954985512,2.0,34246656,277643264,1.0
1786954986016,0.0,34246656,277643264,0.5
1786954986520,4.0,34246656,277643264,0.5
1786954987024,0.0,34246656,277643264,0.5
1786954987527,2.0,34246656,277643264,1.0
1786954988031,2.0,34246656,277643264,0.0
1786954988535,2.0,34246656,277643264,1.5
1786954989039,0.0,34246656,277643264,0.0
1786954989544,4.0,34246656,277643264,1.5
1786954990048,0.0,34246656,277643264,0.5
1786954990551,4.0,34246656,277643264,0.5
1786954991055,0.0,34246656,277643264,0.5
1786954991559,2.0,34246656,277643264,2.0
1786954992063,0.0,34246656,277643264,0.0
1786954992567,4.0,34246656,277643264,0.5
1786954993071,2.0,34246656,277643264,0.5
1786954993575,2.0,34246656,277643264,1.0
1786954994079,2.0,34246656,277643264,0.5
1786954994584,2.0,34246656,277643264,0.5
1786954995089,0.0,34246656,277643264,1.5
1786954995593,2.0,34246656,277643264,0.0
1786954996097,2.0,34246656,277643264,0.5
1786954996601,2.0,34246656,277643264,0.5
1786954997106,2.0,34246656,277643264,0.5
1786954997609,2.0,34246656,277643264,0.5
1786954998114,2.0,34246656,277643264,1.0
1786954998617,2.0,34246656,277643264,0.5
1786954999123,2.0,34246656,277643264,1.0
1786954999627,2.0,34246656,277643264,1.5
1786955000132,2.0,34246656,277643264,0.5
1786955000635,2.0,34246656,277643264,0.5
1786955001138,2.0,34246656,277643264,0.5
1786955001643,2.0,34246656,277643264,0.5
1786955002146,0.0,34246656,277643264,0.0
1786955002649,2.0,34246656,277643264,0.5
1786955003153,2.0,34246656,277643264,0.5
1786955003657,2.0,34246656,277643264,1.5
1786955004161,0.0,34246656,277643264,1.0
1786955004665,2.0,34246656,277643264,1.0
1786955005169,2.0,34246656,277643264,0.0
1786955005673,4.0,34246656,277643264,0.0
1786955006176,0.0,34246656,277643264,0.5
1786955006679,2.0,34246656,277643264,1.5
1786955007183,2.0,34246656,277643264,0.0
1786955007687,2.0,34246656,277643264,1.5
1786955008191,2.0,34246656,277643264,1.0
1786955008695,2.0,34246656,277643264,0.0
1786955009199,0.0,34246656,277643264,0.5
1786955009705,2.0,34246656,277643264,1.0
1786955010209,4.0,34246656,277643264,0.5
1786955010712,0.0,34246656,277643264,0.0
1786955011216,2.0,34246656,277643264,0.5
1786955011719,0.0,34246656,277643264,1.0
1786955012222,2.0,34246656,277643264,0.0
1786955012725,4.0,34246656,277643264,1.0
1786955013230,2.0,34246656,277643264,0.5
1786955013733,0.0,34246656,277643264,0.5
1786955014237,4.0,34246656,277643264,0.5
1786955014739,0.0,34246656,277643264,0.5
1786955015243,2.0,34246656,277643264,0.5
1786955015747,2.0,34246656,277643264,1.0
1786955016250,2.0,34246656,277643264,0.0
1786955016754,2.0,34246656,277643264,0.5
1786955017257,2.0,34246656,277643264,1.5
1786955017760,0.0,34246656,277643264,0.0
1786955018263,4.0,34246656,277643264,1.0
1786955018766,0.0,34246656,277643264,0.0
1786955019268,2.0,34246656,277643264,1.0
1786955019771,0.0,34246656,277643264,1.0
1786955020275,4.0,34246656,277643264,1.0
1786955020778,0.0,34246656,277643264,0.0
1786955021281,4.0,34246656,277643264,0.5
1786955021784,0.0,34246656,277643264,0.0
1786955022287,2.0,34246656,277643264,1.5
1786955022789,2.0,34246656,277643264,0.5
1786955023293,2.0,34246656,277643264,1.0
1786955023798,0.0,34246656,277643264,0.0
1786955024301,4.0,34246656,277643264,0.5
1786955024803,2.0,34246656,277643264,0.5
1786955025307,2.0,34246656,277643264,0.5
1786955025809,0.0,34246656,277643264,0.5
1786955026313,4.0,34246656,277643264,1.0
1786955026816,0.0,34246656,277643264,0.0
1786955027319,2.0,34246656,277643264,0.0
1786955027822,0.0,34246656,277643264,0.0
1786955028325,4.0,34246656,277643264,1.5
1786955028828,0.0,34246656,277643264,1.0
1786955029331,4.0,34246656,277643264,1.0
1786955029834,0.0,34246656,277643264,0.5
1786955030338,2.0,34246656,277643264,1.0
1786955030840,0.0,34246656,277643264,1.0
1786955031344,4.0,34246656,277643264,0.5
1786955031846,0.0,34246656,277643264,1.0
1786955032349,4.0,34246656,277643264,1.0
1786955032853,0.0,34246656,277643264,1.0
1786955033356,2.0,34246656,277643264,0.5
1786955033860,0.0,34246656,277643264,0.5
1786955034363,4.0,34246656,277643264,0.5
1786955034867,0.0,34246656,277643264,1.5
1786955035371,4.0,34246656,277643264,0.5
1786955035875,2.0,34246656,277643264,1.0
1786955036378,2.0,34246656,277643264,1.0
1786955036882,0.0,34246656,277643264,0.5
1786955037386,4.0,34246656,277643264,1.0
1786955037890,0.0,34246656,277643264,0.5
1786955038394,2.0,34246656,277643264,0.5
1786955038897,2.0,34246656,277643264,0.5
1786955039401,2.0,34246656,277643264,0.5
1786955039904,0.0,34246656,277643264,1.0
1786955040407,4.0,34246656,277643264,2.0
1786955040911,0.0,34246656,277643264,0.5
1786955041414,2.0,34246656,277643264,1.0
1786955041918,2.0,34246656,277643264,0.0
1786955042421,2.0,34246656,277643264,1.0
1786955042924,0.0,34246656,277643264,1.0
1786955043428,2.0,34246656,277643264,1.0
1786955043933,2.0,34246656,277643264,0.5
1786955044436,2.0,34246656,277643264,1.0
1786955044938,2.0,34246656,277643264,0.5
1786955045442,2.0,34246656,277643264,2.0
1786955045946,0.0,34246656,277643264,0.0
1786955046449,4.0,34246656,277643264,1.5
1786955046954,2.0,34246656,277643264,1.0
1786955047457,2.0,34246656,277643264,1.0
1786955047961,0.0,34246656,277643264,0.0
1786955048464,4.0,34246656,277643264,2.0
1786955048968,0.0,34246656,277643264,0.5
1786955049472,2.0,34246656,277643264,0.5
1786955049976,2.0,34246656,277643264,1.5
1786955050480,2.0,34246656,277643264,0.5
1786955050984,2.0,34246656,277643264,1.0
1786955051488,2.0,34246656,277643264,1.0
1786955051992,0.0,34246656,277643264,0.5
1786955052495,2.0,34246656,277643264,1.0
1786955052999,2.0,34246656,277643264,0.5
1786955053503,2.0,34246656,277643264,1.0
1786955054007,0.0,34246656,277643264,1.0
1786955054511,4.0,34246656,277643264,1.0
1786955055015,0.0,34246656,277643264,0.5
1786955055518,4.0,34246656,277643264,0.5
1786955056023,2.0,34246656,277643264,1.0
1786955056527,2.0,34246656,277643264,1.0
1786955057031,0.0,34246656,277643264,1.0
1786955057534,4.0,34246656,277643264,0.0
1786955058038,0.0,34246656,277643264,1.0
1786955058542,2.0,34246656,277643264,1.0
1786955059046,2.0,34246656,277643264,0.5
1786955059550,2.0,34246656,277643264,1.0
1786955060054,2.0,34246656,277643264,1.0
1786955060558,0.0,34246656,277643264,1.0
1786955061062,2.0,34246656,277643264,1.0
1786955061567,4.0,34246656,277643264,1.5
1786955062071,0.0,34246656,277643264,1.0
1786955062574,2.0,34246656,277643264,1.0
1786955063078,2.0,34246656,277643264,1.0
1786955063582,2.0,34246656,277643264,0.5
1786955064086,0.0,34246656,277643264,1.0
1786955064589,2.0,34246656,277643264,1.5
1786955065093,2.0,34246656,277643264,0.0
1786955065597,4.0,34246656,277643264,1.5
1786955066101,0.0,34246656,277643264,0.5
1786955066606,2.0,34246656,277643264,1.0
1786955067111,2.0,34246656,277643264,1.5
1786955067615,4.0,34246656,277643264,1.0
1786955068121,0.0,34246656,277643264,0.5
1786955068625,4.0,34246656,277643264,0.5
1786955069130,2.0,34246656,277643264,0.5
1786955069633,0.0,34246656,277643264,1.5
1786955070137,2.0,34246656,277643264,0.5
1786955070641,2.0,34246656,277643264,1.0
1786955071144,2.0,34246656,277643264,0.0
1786955071648,0.0,34246656,277643264,1.0
1786955072151,2.0,34250752,277643264,1.0
1786955072654,2.0,34250752,277643264,1.0
1786955073158,2.0,34250752,277643264,1.0
1786955073662,2.0,34250752,277643264,0.5
1786955074166,2.0,34250752,277643264,0.5
1786955074669,2.0,34250752,277643264,1.0
1786955075173,2.0,34250752,277643264,0.0
1786955075676,2.0,34250752,277643264,1.5
1786955076180,2.0,34250752,277643264,0.5
1786955076683,2.0,34250752,277643264,1.5
1786955077186,0.0,34250752,277643264,1.0
1786955077690,4.0,34250752,277643264,1.0
1786955078193,0.0,34250752,277643264,1.0
1786955078696,2.0,34250752,277643264,1.5
1786955079200,2.0,34250752,277643264,0.5
1786955079703,2.0,34250752,277643264,1.5
1786955080207,0.0,34250752,277643264,0.0
1786955080711,4.0,34250752,277643264,1.5
1786955081215,0.0,34250752,277643264,1.0
1786955081719,2.0,34250752,277643264,1.0
1786955082222,4.0,34250752,277643264,0.5
1786955082726,0.0,34250752,277643264,1.0
1786955083230,2.0,34250752,277643264,0.0
1786955083734,2.0,34250752,277643264,1.5
1786955084238,2.0,34250752,277643264,1.0
1786955084741,0.0,34250752,277643264,1.0
1786955085245,2.0,34250752,277643264,0.0
1786955085748,2.0,34250752,277643264,0.5
1786955086252,4.0,34250752,277643264,1.0
1786955086756,0.0,34250752,277643264,0.0
1786955087260,2.0,34250752,277643264,1.0
1786955087763,2.0,34250752,277643264,1.0
1786955088267,2.0,34250752,277643264,1.0
1786955088770,0.0,34250752,277643264,0.5
1786955089274,4.0,34250752,277643264,1.0
1786955089778,0.0,34250752,277643264,1.5
1786955090283,2.0,34250752,277643264,1.0
1786955090789,4.0,34250752,277643264,1.0
1786955091293,2.0,34250752,277643264,1.0
1786955091797,0.0,34250752,277643264,0.5
1786955092300,4.0,34250752,277643264,1.0
1786955092804,0.0,34250752,277643264,0.0
1786955093308,2.0,34250752,277643264,1.5
1786955093812,2.0,34250752,277643264,0.5
1786955094315,2.0,34250752,277643264,1.5
1786955094819,0.0,34250752,277643264,0.5
1786955095322,2.0,34250752,277643264,1.0
1786955095826,2.0,34250752,277643264,0.5
1786955096330,2.0,34250752,277643264,1.0
1786955096833,2.0,34250752,277643264,1.5
1786955097337,2.0,34250752,277643264,1.0
1786955097840,2.0,34250752,277643264,0.5
1786955098344,2.0,34250752,277643264,0.5
1786955098847,2.0,34250752,277643264,1.0
1786955099350,2.0,34250752,277643264,0.5
1786955099854,0.0,34250752,277643264,1.0
1786955100359,2.0,34250752,277643264,2.0
1786955100862,2.0,34250752,277643264,0.0
1786955101365,2.0,34250752,277643264,0.5
1786955101869,0.0,34250752,277643264,0.5
1786955102373,4.0,34250752,277643264,1.0
1786955102877,0.0,34250752,277643264,1.0
1786955103380,2.0,34250752,277643264,1.5
1786955103884,2.0,34250752,277643264,0.0
1786955104387,2.0,34250752,277643264,1.0
1786955104892,0.0,34250752,277643264,0.0
1786955105395,4.0,34250752,277643264,1.0
1786955105899,0.0,34250752,277643264,1.0
1786955106403,4.0,34250752,277643264,1.0
1786955106907,0.0,34250752,277643264,1.5
1786955107410,2.0,34250752,277643264,1.0
1786955107914,2.0,34250752,277643264,1.0
1786955108418,2.0,34250752,277643264,2.5
1786955108922,0.0,34250752,277643264,1.5
1786955109426,4.0,34250752,277643264,1.5
1786955109929,0.0,34250752,277643264,1.0
1786955110432,6.0,34250752,277643264,0.5
1786955110935,0.0,34250752,277643264,0.5
1786955111438,2.0,34250752,277643264,0.5
1786955111941,2.0,34250752,277643264,1.0
1786955112444,2.0,34250752,277643264,1.5
1786955112946,0.0,34250752,277643264,1.0
1786955113451,4.0,34250752,277643264,0.5
1786955113953,0.0,34250752,277643264,0.5
1786955114456,2.0,34250752,277643264,1.0
1786955114960,2.0,34250752,277643264,1.0
1786955115463,2.0,34250752,277643264,0.0
1786955115965,0.0,34250752,277643264,1.0
1786955116468,2.0,34250752,277643264,1.0
1786955116971,2.0,34250752,277643264,0.5
1786955117476,2.0,34250752,277643264,0.5
1786955117979,0.0,34250752,277643264,0.5
1786955118482,4.0,34250752,277643264,1.0
1786955118985,0.0,34250752,277643264,0.5
1786955119488,4.0,34250752,277643264,0.5
1786955119991,0.0,34250752,277643264,1.0
1786955120494,2.0,34250752,277643264,0.5
1786955120997,2.0,34250752,277643264,1.0
1786955121500,2.0,34250752,277643264,1.0
1786955122003,0.0,34250752,277643264,0.5
1786955122506,4.0,34250752,277643264,1.5
1786955123009,0.0,34250752,277643264,1.0
1786955123512,4.0,34250752,277643264,1.0
1786955124015,0.0,34250752,277643264,1.0
1786955124518,4.0,34250752,277643264,0.0
1786955125021,0.0,34250752,277643264,1.0
1786955125525,4.0,34250752,277643264,1.5
1786955126028,0.0,34250752,277643264,1.5
1786955126531,2.0,34250752,277643264,0.5
1786955127034,0.0,34250752,277643264,0.5
1786955127537,4.0,34250752,277643264,0.5
1786955128040,0.0,34250752,277643264,0.5
1786955128543,2.0,34250752,277643264,1.5
1786955129046,0.0,34250752,277643264,0.5
1786955129550,4.0,34250752,277643264,1.0
1786955130054,0.0,34250752,277643264,0.5
1786955130558,4.0,34250752,277643264,1.0
1786955131061,2.0,34250752,277643264,0.5
1786955131565,2.0,34250752,277643264,1.5
1786955132067,0.0,34250752,277643264,0.5
1786955132571,4.0,34250752,277643264,1.0
1786955133074,0.0,34250752,277643264,1.0
1786955133577,2.0,34250752,277643264,1.0
1786955134082,2.0,34250752,277643264,0.5
1786955134586,2.0,34250752,277643264,1.5
1786955135089,2.0,34250752,277643264,1.0
1786955135592,2.0,34250752,277643264,0.5
1786955136096,0.0,34250752,277643264,0.5
1786955136600,4.0,34250752,277643264,1.0
1786955137104,0.0,34250752,277643264,0.0
1786955137608,4.0,34250752,277643264,1.5
1786955138114,0.0,34250752,277643264,0.5
1786955138617,2.0,34250752,277643264,1.0
1786955139122,2.0,34250752,277643264,0.5
1786955139626,4.0,34250752,277643264,1.5
1786955140129,0.0,34250752,277643264,0.5
1786955140633,2.0,34250752,277643264,1.0
1786955141136,0.0,34250752,277643264,0.0
1786955141640,4.0,34250752,277643264,1.0
1786955142144,0.0,34250752,277643264,0.5
1786955142647,2.0,34250752,277643264,1.0
1786955143150,2.0,34250752,277643264,0.0
1786955143654,4.0,34250752,277643264,1.0
1786955144159,0.0,34250752,277643264,0.5
1786955144663,2.0,34250752,277643264,1.5
1786955145167,2.0,34250752,277643264,0.0
1786955145670,2.0,34250752,277643264,1.5
1786955146175,0.0,34250752,277643264,0.5
1786955146679,4.0,34250752,277643264,1.0
1786955147183,2.0,34250752,277643264,0.5
1786955147686,2.0,34250752,277643264,1.0
1786955148189,0.0,34250752,277643264,0.5
1786955148693,2.0,34250752,277643264,1.5
1786955149196,2.0,34250752,277643264,0.5
1786955149699,2.0,34250752,277643264,1.5
1786955150202,2.0,34250752,277643264,0.0
1786955150706,2.0,34250752,277643264,1.0
1786955151211,2.0,34250752,277643264,0.5
1786955151715,2.0,34250752,277643264,1.5
1786955152218,2.0,34250752,277643264,0.5
1786955152722,2.0,34250752,277643264,0.5
1786955153225,0.0,34250752,277643264,0.5
1786955153729,2.0,34250752,277643264,1.0
1786955154232,2.0,34250752,277643264,0.5
1786955154735,2.0,34250752,277643264,1.0
1786955155239,2.0,34250752,277643264,0.5
1786955155742,2.0,34250752,277643264,1.0
1786955156247,0.0,34250752,277643264,0.5
1786955156751,2.0,34250752,277643264,2.0
1786955157256,2.0,34250752,277643264,1.0
1786955157760,4.0,34250752,277643264,0.5
1786955158264,0.0,34250752,277643264,0.0
1786955158767,0.0,34250752,277643264,1.0
1786955159271,2.0,34250752,277643264,0.5
1786955159775,4.0,34250752,277643264,0.5
1786955160278,2.0,34250752,277643264,0.0
1786955160782,0.0,34250752,277643264,1.0
1786955161285,4.0,34250752,277643264,1.0
1786955161789,2.0,34250752,277643264,1.0
1786955162292,2.0,34250752,277643264,0.5
1786955162796,0.0,34250752,277643264,1.5
1786955163300,2.0,34250752,277643264,0.5
1786955163803,2.0,34250752,277643264,1.0
1786955164307,2.0,34250752,277643264,0.5
1786955164810,0.0,34250752,277643264,1.0
1786955165314,2.0,34250752,277643264,1.0
1786955165817,2.0,34250752,277643264,1.0
1786955166321,2.0,34250752,277643264,0.5
1786955166825,2.0,34250752,277643264,0.5
1786955167329,2.0,34250752,277643264,0.5
1786955167833,2.0,34250752,277643264,1.5
1786955168337,2.0,34250752,277643264,0.5
1786955168841,2.0,34250752,277643264,1.0
1786955169345,2.0,34250752,277643264,1.0
1786955169848,2.0,34250752,277643264,1.0
1786955170351,2.0,34250752,277643264,1.0
1786955170855,0.0,34250752,277643264,0.5
1786955171358,2.0,34250752,277643264,0.5
1786955171862,2.0,34250752,277643264,1.5
1786955172365,2.0,34250752,277643264,1.0
1786955172870,2.0,34250752,277643264,0.5
1786955173373,2.0,34250752,277643264,1.5
1786955173877,0.0,34250752,277643264,0.5
1786955174380,4.0,34250752,277643264,1.0
1786955174884,0.0,34250752,277643264,1.5
1786955175388,4.0,34250752,277643264,1.0
1786955175891,0.0,34250752,277643264,1.5
1786955176396,2.0,34250752,277643264,1.0
1786955176899,2.0,34250752,277643264,0.5
1786955177403,2.0,34250752,277643264,1.5
1786955177907,2.0,34250752,277643264,1.0
1786955178410,2.0,34250752,277643264,0.5
1786955178914,0.0,34250752,277643264,0.5
1786955179417,4.0,34250752,277643264,1.0
1786955179921,0.0,34250752,277643264,1.0
1786955180424,4.0,34250752,277643264,1.0
1786955180928,0.0,34250752,277643264,1.0
1786955181431,2.0,34250752,277643264,1.5
1786955181935,2.0,34250752,277643264,0.5
1786955182439,4.0,34250752,277643264,1.0
1786955182942,0.0,34250752,277643264,0.0
1786955183446,2.0,34250752,277643264,1.5
1786955183950,0.0,34250752,277643264,1.5
1786955184453,4.0,34250752,277643264,0.5
1786955184956,0.0,34250752,277643264,0.5
1786955185460,4.0,34250752,277643264,1.5
1786955185964,0.0,34250752,277643264,0.5
1786955186468,2.0,34250752,277643264,1.0
1786955186971,2.0,34250752,277643264,1.0
1786955187475,2.0,34250752,277643264,1.0
1786955187978,0.0,34250752,277643264,1.0
1786955188482,4.0,34250752,277643264,1.0
1786955188985,0.0,34250752,277643264,0.5
1786955189489,4.0,34250752,277643264,1.0
1786955189992,2.0,34250752,277643264,0.5
1786955190495,2.0,34250752,277643264,1.0
1786955190999,0.0,34250752,277643264,0.5
1786955191503,2.0,34250752,277643264,0.5
1786955192007,2.0,34250752,277643264,1.0
1786955192509,2.0,34250752,277643264,1.0
1786955193013,0.0,34250752,277643264,1.0
1786955193517,4.0,34250752,277643264,1.0
1786955194021,0.0,34250752,277643264,0.5
1786955194524,4.0,34250752,277643264,1.0
1786955195028,0.0,34250752,277643264,0.5
1786955195531,4.0,34250752,277643264,2.0
1786955196035,0.0,34250752,277643264,0.0
1786955196539,4.0,34250752,277643264,1.5
1786955197043,0.0,34250752,277643264,0.5
1786955197547,2.0,34250752,277643264,1.0
1786955198051,2.0,34250752,277643264,0.5
1786955198554,2.0,34250752,277643264,1.5
1786955199059,0.0,34250752,277643264,1.5
1786955199563,4.0,34250752,277643264,2.0
1786955200067,0.0,34250752,277643264,1.0
1786955200571,2.0,34250752,277643264,0.0
1786955201074,2.0,34250752,277643264,1.0
1786955201578,4.0,34250752,277643264,0.5
1786955202082,0.0,34250752,277643264,0.5
1786955202585,2.0,34250752,277643264,2.0
1786955203090,0.0,34250752,277643264,0.5
1786955203594,4.0,34250752,277643264,1.5
1786955204098,0.0,34250752,277643264,0.0
1786955204601,4.0,34250752,277643264,1.0
1786955205107,0.0,34250752,277643264,1.0
1786955205610,2.0,34250752,277643264,2.0
1786955206116,2.0,34250752,277643264,0.0
1786955206621,2.0,34250752,277643264,1.0
1786955207126,2.0,34250752,277643264,0.0
1786955207630,4.0,34250752,277643264,1.5
1786955208133,0.0,34250752,277643264,0.0
1786955208637,4.0,34250752,277643264,1.0
1786955209141,0.0,34250752,277643264,0.0
1786955209645,2.0,34250752,277643264,1.5
1786955210149,0.0,34250752,277643264,0.5
1786955210653,4.0,34250752,277643264,1.0
1786955211157,2.0,34250752,277643264,0.5
1786955211660,2.0,34250752,277643264,1.0
1786955212164,0.0,34250752,277643264,0.0
1786955212668,2.0,34250752,277643264,1.0
1786955213173,2.0,34250752,277643264,0.0
1786955213676,2.0,34250752,277643264,1.0
1786955214180,0.0,34250752,277643264,0.5
1786955214683,4.0,34250752,277643264,1.5
1786955215187,2.0,34250752,277643264,0.0
1786955215690,2.0,34250752,277643264,0.5
1786955216194,0.0,34250752,277643264,0.5
1786955216697,4.0,34250752,277643264,1.5
1786955217200,0.0,34250752,277643264,0.0
1786955217704,2.0,34250752,277643264,1.0
1786955218208,2.0,34250752,277643264,0.5
1786955218711,2.0,34250752,277643264,1.0
1786955219215,0.0,34250752,277643264,0.0
1786955219719,2.0,34250752,277643264,1.0
1786955220222,4.0,34250752,277643264,0.5
1786955220725,2.0,34250752,277643264,1.5
1786955221229,0.0,34250752,277643264,1.0
1786955221732,2.0,34250752,277643264,2.0
1786955222236,2.0,34250752,277643264,0.0
1786955222738,2.0,34250752,277643264,1.5
1786955223242,2.0,34250752,277643264,0.5
1786955223745,2.0,34250752,277643264,2.0
1786955224249,0.0,34250752,277643264,0.0
1786955224753,2.0,34250752,277643264,1.0
1786955225256,2.0,34250752,277643264,1.0
1786955225759,4.0,34250752,277643264,0.5
1786955226263,2.0,34250752,277643264,0.5
1786955226766,2.0,34250752,277643264,0.5
1786955227270,2.0,34250752,277643264,1.0
1786955227775,0.0,34250752,277643264,0.5
1786955228278,2.0,34250752,277643264,0.5
1786955228782,2.0,34250752,277643264,1.0
1786955229285,2.0,34250752,277643264,0.5
1786955229788,2.0,34250752,277643264,1.0
1786955230291,2.0,34250752,277643264,0.5
1786955230795,2.0,34250752,277643264,0.5
1786955231298,2.0,34250752,277643264,0.5
1786955231802,0.0,34250752,277643264,1.0
1786955232305,2.0,34250752,277643264,1.0
1786955232808,2.0,34250752,277643264,1.0
1786955233312,2.0,34250752,277643264,0.5
1786955233815,0.0,34250752,277643264,1.5
1786955234319,2.0,34250752,277643264,0.5
1786955234822,2.0,34250752,277643264,1.0
1786955235326,4.0,34250752,277643264,1.0
1786955235829,0.0,34250752,277643264,1.0
1786955236332,2.0,34250752,277643264,1.0
1786955236835,2.0,34250752,277643264,0.5
1786955237338,0.0,34250752,277643264,1.5
1786955237841,4.0,34250752,277643264,0.5
1786955238344,2.0,34250752,277643264,0.5
1786955238847,0.0,34250752,277643264,1.0
1786955239351,2.0,34250752,277643264,1.0
1786955239854,2.0,34250752,277643264,0.5
1786955240359,2.0,34250752,277643264,1.0
1786955240862,2.0,34250752,277643264,1.5
1786955241366,2.0,34250752,277643264,0.0
1786955241869,2.0,34250752,277643264,1.0
1786955242372,2.0,34250752,277643264,0.5
1786955242875,0.0,34250752,277643264,0.5
1786955243378,4.0,34250752,277643264,0.5
1786955243882,0.0,34250752,277643264,0.5
1786955244386,4.0,34250752,277643264,1.0
1786955244889,0.0,34250752,277643264,1.0
1786955245392,2.0,34250752,277643264,0.5
1786955245895,2.0,34250752,277643264,1.0
1786955246399,0.0,34250752,277643264,0.5
1786955246901,2.0,34250752,277643264,1.0
1786955247405,2.0,34250752,277643264,0.5
1786955247909,2.0,34250752,277643264,0.5
1786955248412,2.0,34250752,277643264,1.0
1786955248916,0.0,34250752,277643264,0.5
1786955249419,4.0,34250752,277643264,1.0
1786955249923,2.0,34250752,277643264,0.5
1786955250426,2.0,34250752,277643264,0.5
1786955250929,0.0,34250752,277643264,1.0
1786955251433,2.0,34250752,277643264,0.5
1786955251937,0.0,34250752,277643264,1.0
1786955252440,4.0,34250752,277643264,0.5
1786955252943,0.0,34250752,277643264,1.5
1786955253448,2.0,34250752,277643264,0.5
1786955253954,2.0,34250752,277643264,0.0
1786955254459,2.0,34250752,277643264,1.0
1786955254965,2.0,34250752,277643264,0.5
1786955255468,2.0,34250752,277643264,1.5
1786955255972,2.0,34250752,277643264,0.0
1786955256475,4.0,34250752,277643264,0.5
1786955256980,0.0,34250752,277643264,0.5
1786955257483,4.0,34250752,277643264,0.5
1786955257987,0.0,34250752,277643264,1.0
1786955258490,2.0,34250752,277643264,0.5
1786955258993,2.0,34250752,277643264,1.0
1786955259497,2.0,34250752,277643264,0.5
1786955260000,0.0,34250752,277643264,0.0
1786955260504,2.0,34250752,277643264,1.5
1786955261008,2.0,34250752,277643264,0.5
1786955261511,4.0,34250752,277643264,1.5
1786955262015,0.0,34250752,277643264,0.0
1786955262518,2.0,34250752,277643264,0.5
1786955263023,0.0,34250752,277643264,1.5
1786955263526,4.0,34250752,277643264,0.5
1786955264030,2.0,34250752,277643264,1.0
1786955264534,2.0,34250752,277643264,1.5
1786955265038,0.0,34250752,277643264,1.0
1786955265541,2.0,34250752,277643264,0.5
1786955266045,2.0,34250752,277643264,1.0
1786955266548,4.0,34250752,277643264,1.5
1786955267052,0.0,34250752,277643264,1.0
1786955267555,2.0,34250752,277643264,0.5
1786955268059,2.0,34250752,277643264,1.0
1786955268562,2.0,34250752,277643264,1.0
1786955269067,0.0,34250752,277643264,0.5
1786955269570,4.0,34250752,277643264,1.0
1786955270074,2.0,34250752,277643264,1.0
1786955270578,2.0,34250752,277643264,0.0
1786955271082,0.0,34250752,277643264,1.0
1786955271585,4.0,34250752,277643264,1.5
1786955272091,0.0,34250752,277643264,1.0
1786955272594,2.0,34250752,277643264,1.0
1786955273098,2.0,34250752,277643264,0.0
1786955273602,2.0,34250752,277643264,0.5
1786955274108,0.0,34250752,277643264,1.0
1786955274612,2.0,34250752,277643264,0.5
1786955275118,2.0,34250752,277643264,1.0
1786955275621,4.0,34250752,277643264,1.0
1786955276127,2.0,34250752,277643264,0.5
1786955276630,2.0,34250752,277643264,1.5
1786955277134,0.0,34250752,277643264,0.5
1786955277637,2.0,34250752,277643264,1.5
1786955278141,2.0,34250752,277643264,0.0
1786955278644,4.0,34250752,277643264,1.5
1786955279148,0.0,34250752,277643264,0.0
1786955279652,2.0,34250752,277643264,1.5
1786955280155,0.0,34250752,277643264,0.0
1786955280659,2.0,34250752,277643264,1.5
1786955281163,2.0,34250752,277643264,0.5
1786955281667,2.0,34250752,277643264,1.5
1786955282171,2.0,34250752,277643264,0.5
1786955282675,4.0,34250752,277643264,2.0
1786955283179,0.0,34250752,277643264,0.0
1786955283683,2.0,34250752,277643264,1.5
1786955284186,2.0,34250752,277643264,0.0
1786955284690,2.0,34250752,277643264,1.5
1786955285194,2.0,34250752,277643264,0.0
1786955285698,0.0,34250752,277643264,2.5
1786955286202,2.0,34250752,277643264,0.0
1786955286706,4.0,34250752,277643264,1.5
1786955287209,0.0,34250752,277643264,0.5
1786955287712,4.0,34250752,277643264,1.0
1786955288216,0.0,34250752,277643264,0.0
1786955288720,2.0,34250752,277643264,2.0
1786955289223,0.0,34250752,277643264,0.5
1786955289727,4.0,34250752,277643264,1.0
1786955290230,0.0,34250752,277643264,0.0
1786955290733,4.0,34250752,277643264,1.0
1786955291237,0.0,34250752,277643264,0.5
1786955291741,4.0,34250752,277643264,2.0
1786955292247,0.0,34250752,277643264,0.0
1786955292750,2.0,34250752,277643264,1.0
1786955293253,2.0,34250752,277643264,0.5
1786955293758,2.0,34250752,277643264,1.5
1786955294261,0.0,34250752,277643264,0.0
1786955294765,2.0,34250752,277643264,1.5
1786955295268,2.0,34250752,277643264,0.0
1786955295772,4.0,34250752,277643264,1.5
1786955296275,0.0,34250752,277643264,0.0
1786955296779,2.0,34250752,277643264,1.5
1786955297282,2.0,34250752,277643264,0.5
1786955297785,2.0,34250752,277643264,1.5
1786955298289,0.0,34250752,277643264,0.0
1786955298793,2.0,34250752,277643264,1.5
1786955299296,2.0,34250752,277643264,0.5
1786955299799,4.0,34250752,277643264,1.5
1786955300303,2.0,34250752,277643264,1.5
1786955300806,0.0,34250752,277643264,2.0
1786955301309,2.0,34250752,277643264,0.0
1786955301813,0.0,34250752,277643264,1.5
1786955302317,2.0,34250752,277643264,0.5
1786955302824,2.0,34250752,277643264,0.5
1786955303327,2.0,34250752,277643264,1.0
1786955303831,2.0,34250752,277643264,1.0
1786955304334,2.0,34250752,277643264,0.5
1786955304838,2.0,34250752,277643264,0.5
1786955305342,4.0,34250752,277643264,1.0
1786955305846,0.0,34250752,277643264,1.5
1786955306349,2.0,34250752,277643264,1.0
1786955306853,2.0,34250752,277643264,1.5
1786955307357,2.0,34250752,277643264,0.0
1786955307860,2.0,34250752,277643264,0.5
1786955308363,0.0,34250752,277643264,1.0
1786955308867,2.0,34250752,277643264,0.5
1786955309370,2.0,34250752,277643264,0.5
1786955309874,2.0,34250752,277643264,0.5
1786955310378,2.0,34250752,277643264,0.5
1786955310881,2.0,34250752,277643264,1.5
1786955311386,2.0,34250752,277643264,0.5
1786955311889,2.0,34250752,277643264,1.0
1786955312391,0.0,34250752,277643264,0.5
1786955312895,2.0,34250752,277643264,0.5
1786955313398,4.0,34250752,277643264,1.0
1786955313902,0.0,34250752,277643264,1.0
1786955314406,2.0,34250752,277643264,1.0
1786955314908,2.0,34250752,277643264,1.0
1786955315412,2.0,34250752,277643264,0.5
1786955315915,2.0,34250752,277643264,1.0
1786955316419,2.0,34250752,277643264,0.5
1786955316922,0.0,34250752,277643264,0.5
1786955317425,2.0,34250752,277643264,1.5
1786955317928,2.0,34250752,277643264,1.0
1786955318432,2.0,34250752,277643264,0.5
1786955318934,2.0,34250752,277643264,1.0
1786955319437,2.0,34250752,277643264,1.5
1786955319940,2.0,34250752,277643264,1.0
1786955320444,2.0,34250752,277643264,0.5
1786955320948,2.0,34250752,277643264,1.0
1786955321451,0.0,34250752,277643264,0.5
1786955321954,2.0,34250752,277643264,1.5
1786955322457,2.0,34250752,277643264,0.5
1786955322960,0.0,34250752,277643264,1.5
1786955323463,2.0,34250752,277643264,0.0
1786955323966,4.0,34250752,277643264,0.0
1786955324470,2.0,34250752,277643264,1.0
1786955324973,2.0,34250752,277643264,1.5
1786955325476,0.0,34250752,277643264,0.0
1786955325979,2.0,34250752,277643264,1.5
1786955326483,2.0,34250752,277643264,0.5
1786955326986,0.0,34250752,277643264,0.5
1786955327489,4.0,34250752,277643264,1.5
1786955327993,2.0,34250752,277643264,0.5
1786955328497,2.0,34250752,277643264,1.0
1786955329001,0.0,34250752,277643264,0.5
1786955329503,4.0,34250752,277643264,1.0
1786955330007,0.0,34250752,277643264,0.5
1786955330512,2.0,34250752,277643264,0.5
1786955331015,2.0,34250752,277643264,1.0
1786955331518,2.0,34250752,277643264,2.0
1786955332021,2.0,34250752,277643264,1.0
1786955332525,2.0,34250752,277643264,1.0
1786955333028,0.0,34250752,277643264,0.5
1786955333532,4.0,34250752,277643264,2.0
1786955334034,0.0,34250752,277643264,0.5
1786955334537,4.0,34250752,277643264,1.0
1786955335041,0.0,34250752,277643264,0.5
1786955335545,2.0,34250752,277643264,1.0
1786955336049,2.0,34250752,277643264,0.5
1786955336552,2.0,34250752,277643264,0.0
1786955337055,2.0,34250752,277643264,1.0
1786955337558,2.0,34250752,277643264,1.0
1786955338062,0.0,34250752,277643264,0.5
1786955338565,2.0,34250752,277643264,1.0
1786955339069,2.0,34250752,277643264,1.0
1786955339571,2.0,34250752,277643264,1.0
1786955340075,2.0,34250752,277643264,1.0
1786955340580,2.0,34250752,277643264,1.5
1786955341084,0.0,34250752,277643264,1.0
1786955341587,4.0,34250752,277643264,1.0
1786955342092,0.0,34250752,277643264,0.5
1786955342596,4.0,34250752,277643264,0.5
1786955343100,0.0,34250752,277643264,1.0
1786955343603,4.0,34250752,277643264,1.5
1786955344109,0.0,34250752,277643264,0.0
1786955344612,2.0,34250752,277643264,1.0
1786955345118,2.0,34250752,277643264,0.5
1786955345622,4.0,34250752,277643264,1.5
1786955346127,0.0,34250752,277643264,0.0
1786955346631,2.0,34250752,277643264,2.0
1786955347134,0.0,34250752,277643264,0.5
1786955347638,6.0,34250752,277643264,2.5
1786955348141,0.0,34250752,277643264,0.0
1786955348646,2.0,34250752,277643264,1.5
1786955349150,2.0,34250752,277643264,0.0
1786955349653,2.0,34250752,277643264,1.5
1786955350157,0.0,34250752,277643264,0.5
1786955350662,4.0,34250752,277643264,1.0
1786955351166,0.0,34250752,277643264,0.5
1786955351669,4.0,34250752,277643264,1.5
1786955352173,0.0,34250752,277643264,0.5
1786955352676,4.0,34250752,277643264,1.0
1786955353180,0.0,34250752,277643264,0.0
1786955353683,2.0,34250752,277643264,1.5
1786955354187,0.0,34250752,277643264,0.0
1786955354691,4.0,34250752,277643264,2.0
1786955355195,0.0,34250752,277643264,0.5
1786955355698,4.0,34250752,277643264,1.5
1786955356201,0.0,34250752,277643264,0.0
1786955356705,2.0,34250752,277643264,1.0
1786955357208,0.0,34250752,277643264,0.0
1786955357712,4.0,34250752,277643264,2.0
1786955358216,2.0,34250752,277643264,0.0
1786955358719,2.0,34250752,277643264,2.5
1786955359223,2.0,34250752,277643264,0.0
1786955359727,2.0,34250752,277643264,1.0
1786955360231,0.0,34250752,277643264,0.5
1786955360735,2.0,34250752,277643264,2.0
1786955361238,2.0,34250752,277643264,0.0
1786955361742,2.0,34250752,277643264,1.5
1786955362246,2.0,34250752,277643264,0.5
1786955362749,2.0,34250752,277643264,1.0
1786955363254,0.0,34250752,277643264,1.0
1786955363758,4.0,34250752,277643264,0.5
1786955364261,2.0,34250752,277643264,0.5
1786955364765,2.0,34250752,277643264,1.5
1786955365269,0.0,34250752,277643264,0.5
1786955365772,2.0,34250752,277643264,0.5
1786955366276,2.0,34250752,277643264,0.0
1786955366780,4.0,34250752,277643264,1.5
1786955367283,0.0,34250752,277643264,0.0
1786955367787,2.0,34250752,277643264,0.5
1786955368291,2.0,34250752,277643264,0.0
1786955368796,2.0,34250752,277643264,2.0
1786955369300,2.0,34250752,277643264,0.0
1786955369803,0.0,34250752,277643264,1.0
1786955370307,2.0,34250752,277643264,0.5
1786955370811,4.0,34250752,277643264,1.5
1786955371314,0.0,34250752,277643264,0.0
1786955371819,2.0,34250752,277643264,2.5
1786955372323,2.0,34250752,277643264,0.5
1786955372828,2.0,34250752,277643264,1.0
1786955373331,2.0,34250752,277643264,0.5
1786955373835,2.0,34250752,277643264,2.0
1786955374340,2.0,34250752,277643264,0.0
1786955374846,2.0,34250752,277643264,2.0
1786955375350,2.0,34250752,277643264,0.0
1786955375853,0.0,34250752,277643264,1.0
1786955376358,4.0,34250752,277643264,1.0
1786955376864,2.0,34250752,277643264,1.0
1786955377368,0.0,34250752,277643264,0.0
1786955377872,2.0,34250752,277643264,1.0
1786955378375,4.0,34250752,277643264,0.5
1786955378879,0.0,34250752,277643264,1.5
1786955379382,2.0,34250752,277643264,1.0
1786955379885,2.0,34250752,277643264,1.0
1786955380389,2.0,34250752,277643264,0.5
1786955380893,0.0,34250752,277643264,1.0
1786955381396,4.0,34250752,277643264,1.0
1786955381899,2.0,34250752,277643264,0.5
1786955382403,2.0,34250752,277643264,1.0
1786955382907,0.0,34250752,277643264,1.0
1786955383411,2.0,34250752,277643264,1.0
1786955383914,2.0,34250752,277643264,1.0
1786955384417,2.0,34250752,277643264,0.0
1786955384921,0.0,34250752,277643264,1.5
1786955385424,2.0,34250752,277643264,0.5
1786955385928,4.0,34250752,277643264,0.5
1786955386431,0.0,34250752,277643264,1.0
1786955386935,4.0,34250752,277643264,1.0
1786955387439,0.0,34250752,277643264,0.5
1786955387943,2.0,34250752,277643264,1.0
1786955388447,2.0,34250752,277643264,1.0
1786955388950,2.0,34250752,277643264,2.0
1786955389454,2.0,34250752,277643264,1.5
1786955389957,2.0,34250752,277643264,0.5
1786955390460,2.0,34250752,277643264,1.5
1786955390964,0.0,34250752,277643264,0.5
1786955391467,2.0,34250752,277643264,0.5
1786955391971,2.0,34250752,277643264,0.5
1786955392474,4.0,34250752,277643264,1.0
1786955392978,0.0,34250752,277643264,1.0
1786955393482,2.0,34250752,277643264,1.0
1786955393985,0.0,34250752,277643264,0.5
1786955394489,4.0,34250752,277643264,1.0
1786955394994,0.0,34250752,277643264,2.0
1786955395498,2.0,34250752,277643264,0.5
1786955396001,2.0,34250752,277643264,1.5
1786955396505,4.0,34250752,277643264,0.0
1786955397008,0.0,34250752,277643264,2.0
1786955397511,2.0,34250752,277643264,0.5
1786955398015,2.0,34250752,277643264,1.0
1786955398519,2.0,34250752,277643264,0.5
1786955399023,2.0,34250752,277643264,0.5
1786955399526,2.0,34250752,277643264,0.5
1786955400030,2.0,34250752,277643264,2.0
1786955400534,2.0,34250752,277643264,0.5
1786955401037,2.0,34250752,277643264,1.5
1786955401541,2.0,34250752,277643264,0.5
1786955402044,0.0,34250752,277643264,1.5
1786955402548,4.0,34250752,277643264,0.5
1786955403052,0.0,34250752,277643264,1.5
1786955403557,2.0,34250752,277643264,0.5
1786955404062,2.0,34250752,277643264,1.0
1786955404566,2.0,34250752,277643264,1.0
1786955405070,0.0,34250752,277643264,1.0
1786955405574,4.0,34250752,277643264,1.5
1786955406078,2.0,34250752,277643264,0.5
1786955406582,0.0,34250752,277643264,1.0
1786955407086,4.0,34250752,277643264,1.0
1786955407590,2.0,34250752,277643264,1.0
1786955408094,2.0,34250752,277643264,1.0
1786955408598,0.0,34250752,277643264,1.0
1786955409103,2.0,34250752,277643264,0.5
1786955409607,2.0,34250752,277643264,1.5
1786955410114,2.0,34250752,277643264,1.0
1786955410618,4.0,34250752,277643264,2.0
1786955411122,0.0,34250752,277643264,0.5
1786955411626,4.0,34250752,277643264,2.0
1786955412129,0.0,34250752,277643264,0.0
1786955412634,2.0,34250752,277643264,1.5
1786955413137,2.0,34250752,277643264,0.5
1786955413641,2.0,34250752,277643264,1.5
1786955414144,2.0,34250752,277643264,0.5
1786955414648,4.0,34250752,277643264,1.5
1786955415151,0.0,34250752,277643264,2.0
1786955415655,4.0,34250752,277643264,1.0
1786955416159,0.0,34250752,277643264,0.0
1786955416662,2.0,34250752,277643264,1.5
1786955417166,0.0,34250752,277643264,1.0
1786955417669,4.0,34250752,277643264,1.5
1786955418172,0.0,34250752,277643264,0.5
1786955418675,4.0,34250752,277643264,1.5
1786955419179,0.0,34250752,277643264,0.0
1786955419683,2.0,34250752,277643264,1.5
1786955420187,0.0,34250752,277643264,0.5
1786955420690,4.0,34250752,277643264,1.0
1786955421193,0.0,34250752,277643264,0.5
1786955421697,2.0,34250752,277643264,1.5
1786955422199,2.0,34250752,277643264,0.5
1786955422703,2.0,34250752,277643264,1.5
1786955423208,2.0,34250752,277643264,0.0
1786955423711,4.0,34250752,277643264,1.5
1786955424214,0.0,34250752,277643264,0.5
1786955424718,2.0,34250752,277643264,0.5
1786955425222,0.0,34250752,277643264,0.5
1786955425724,4.0,34250752,277643264,1.0
1786955426228,0.0,34250752,277643264,0.0
1786955426732,4.0,34250752,277643264,1.5
1786955427236,0.0,34250752,277643264,0.0
1786955427740,4.0,34250752,277643264,1.5
1786955428243,0.0,34250752,277643264,0.0
1786955428747,2.0,34250752,277643264,1.5
1786955429251,0.0,34250752,277643264,0.0
1786955429754,4.0,34250752,277643264,1.0
1786955430259,2.0,34250752,277643264,1.0
1786955430762,2.0,34250752,277643264,0.5
1786955431266,0.0,34250752,277643264,0.5
1786955431769,4.0,34250752,277643264,1.0
1786955432273,0.0,34250752,277643264,0.5
1786955432776,2.0,34250752,277643264,2.5
1786955433280,0.0,34250752,277643264,0.5
1786955433784,4.0,34250752,277643264,1.0
1786955434288,0.0,34250752,277643264,0.0
1786955434791,4.0,34250752,277643264,1.5
1786955435295,0.0,34250752,277643264,0.0
1786955435798,2.0,34250752,277643264,2.0
1786955436303,0.0,34250752,277643264,0.5
1786955436806,4.0,34250752,277643264,1.0
1786955437310,0.0,34250752,277643264,0.0
1786955437814,4.0,34250752,277643264,2.0
1786955438317,0.0,34250752,277643264,0.5
1786955438820,4.0,34250752,277643264,1.5
1786955439324,2.0,34250752,277643264,0.0
1786955439828,2.0,34250752,277643264,0.5
1786955440332,2.0,34250752,277643264,1.0
1786955440837,0.0,34250752,277643264,0.5
1786955441340,2.0,34250752,277643264,0.0
1786955441843,2.0,34250752,277643264,1.5
1786955442346,2.0,34250752,277643264,0.5
1786955442850,2.0,34250752,277643264,1.0
1786955443353,0.0,34250752,277643264,1.0
1786955443856,2.0,34250752,277643264,1.5
1786955444360,4.0,34250752,277643264,0.5
1786955444863,2.0,34250752,277643264,1.5
1786955445367,0.0,34250752,277643264,0.0
1786955445870,2.0,34250752,277643264,2.0
1786955446373,2.0,34250752,277643264,0.5
1786955446877,2.0,34250752,277643264,1.0
1786955447382,2.0,34250752,277643264,0.5
1786955447886,2.0,34250752,277643264,1.5
1786955448390,2.0,34250752,277643264,0.5
1786955448894,2.0,34250752,277643264,1.0
1786955449398,2.0,34250752,277643264,1.0
1786955449901,2.0,34250752,277643264,1.0
1786955450405,2.0,34250752,277643264,1.0
1786955450908,0.0,34250752,277643264,0.5
1786955451411,4.0,34250752,277643264,0.5
1786955451915,0.0,34250752,277643264,1.5
1786955452419,2.0,34250752,277643264,1.0
1786955452922,2.0,34250752,277643264,1.0
1786955453425,2.0,34250752,277643264,1.0
1786955453930,2.0,34250752,277643264,0.0
1786955454433,2.0,34250752,277643264,0.0
1786955454936,2.0,34250752,277643264,1.0
1786955455440,2.0,34250752,277643264,0.5
1786955455943,0.0,34250752,277643264,0.5
1786955456446,4.0,34250752,277643264,0.5
1786955456950,0.0,34250752,277643264,2.0
1786955457453,2.0,34250752,277643264,0.5
1786955457956,2.0,34250752,277643264,1.5
1786955458460,2.0,34250752,277643264,1.0
1786955458963,2.0,34250752,277643264,1.5
1786955459467,2.0,34250752,277643264,0.0
1786955459971,2.0,34250752,277643264,1.5
1786955460474,2.0,34250752,277643264,0.0
1786955460978,0.0,34250752,277643264,1.5
1786955461481,4.0,34250752,277643264,0.5
1786955461984,0.0,34250752,277643264,1.5
1786955462488,2.0,34250752,277643264,1.0
1786955462991,2.0,34250752,277643264,1.5
1786955463495,2.0,34250752,277643264,1.0
1786955463998,2.0,34250752,277643264,0.5
1786955464502,2.0,34250752,277643264,1.0
1786955465006,0.0,34250752,277643264,1.0
1786955465510,2.0,34250752,277643264,0.5
1786955466014,2.0,34250752,277643264,1.5
1786955466517,4.0,34250752,277643264,0.5
1786955467020,2.0,34250752,277643264,1.5
1786955467524,2.0,34250752,277643264,0.0
1786955468027,0.0,34250752,277643264,0.5
1786955468531,4.0,34250752,277643264,0.5
1786955469035,0.0,34250752,277643264,1.5
1786955469538,2.0,34250752,277643264,1.0
1786955470043,2.0,34250752,277643264,1.0
1786955470546,2.0,34250752,277643264,0.5
1786955471050,0.0,34250752,277643264,1.5
1786955471554,2.0,34250752,277643264,0.5
1786955472058,2.0,34250752,277643264,1.0
1786955472561,4.0,34250752,277643264,0.5
1786955473065,0.0,34250752,277643264,0.5
1786955473569,2.0,34250752,277643264,1.5
1786955474072,2.0,34250752,277643264,0.0
1786955474575,2.0,34250752,277643264,1.0
1786955475079,2.0,34250752,277643264,1.0
1786955475582,2.0,34250752,277643264,1.0
1786955476087,0.0,34250752,277643264,0.5
1786955476590,4.0,34250752,277643264,1.0
1786955477094,0.0,34250752,277643264,0.0
1786955477599,4.0,34250752,277643264,1.5
1786955478104,0.0,34250752,277643264,0.5
1786955478607,2.0,34250752,277643264,1.0
1786955479112,2.0,34250752,277643264,0.0
1786955479616,2.0,34250752,277643264,1.5
1786955480123,2.0,34250752,277643264,1.0
1786955480627,2.0,34250752,277643264,1.0
1786955481131,2.0,34250752,277643264,1.0
1786955481634,2.0,34250752,277643264,1.0
1786955482137,0.0,34250752,277643264,0.5
1786955482641,4.0,34250752,277643264,1.5
1786955483145,0.0,34250752,277643264,0.5
1786955483649,4.0,34250752,277643264,1.5
1786955484153,0.0,34250752,277643264,0.0
1786955484657,4.0,34250752,277643264,2.5
1786955485161,2.0,34250752,277643264,0.0
1786955485664,0.0,34250752,277643264,2.0
1786955486168,4.0,34250752,277643264,0.0
1786955486671,2.0,34250752,277643264,1.0
1786955487175,0.0,34250752,277643264,0.0
1786955487678,4.0,34250752,277643264,0.5
1786955488182,0.0,34250752,277643264,0.5
1786955488687,2.0,34250752,277643264,1.5
1786955489191,2.0,34250752,277643264,0.0
1786955489694,2.0,34250752,277643264,1.0
1786955490198,2.0,34250752,277643264,0.5
1786955490702,2.0,34250752,277643264,2.0
1786955491207,0.0,34250752,277643264,0.0
1786955491711,2.0,34250752,277643264,2.5
1786955492215,0.0,34250752,277643264,0.0
1786955492718,4.0,34250752,277643264,2.5
1786955493222,2.0,34250752,277643264,0.0
1786955493726,2.0,34250752,277643264,3.0
1786955494229,2.0,34250752,277643264,0.0
1786955494733,2.0,34250752,277643264,2.0
1786955495236,2.0,34250752,277643264,0.0
1786955495739,4.0,34250752,277643264,1.5
1786955496243,0.0,34250752,277643264,0.5
1786955496747,2.0,34250752,277643264,1.5
1786955497251,0.0,34250752,277643264,0.5
1786955497754,2.0,34250752,277643264,1.0
1786955498258,2.0,34250752,277643264,0.0
1786955498761,4.0,34250752,277643264,1.5
1786955499265,0.0,34250752,277643264,0.0
1786955499768,4.0,34250752,277643264,1.5
1786955500272,0.0,34250752,277643264,0.0
1786955500775,2.0,34250752,277643264,1.5
1786955501279,2.0,34250752,277643264,0.5
1786955501782,2.0,34250752,277643264,1.0
1786955502287,0.0,34250752,277643264,0.5
1786955502792,2.0,34250752,277643264,1.0
1786955503295,2.0,34250752,277643264,0.5
1786955503799,4.0,34250752,277643264,1.0
1786955504303,0.0,34250752,277643264,0.5
1786955504807,4.0,34250752,277643264,1.0
1786955505311,0.0,34250752,277643264,0.0
1786955505815,2.0,34250752,277643264,1.0
1786955506319,0.0,34250752,277643264,0.0
1786955506824,4.0,34250752,277643264,1.0
1786955507327,0.0,34250752,277643264,0.0
1786955507830,4.0,34250752,277643264,1.5
1786955508334,2.0,34250752,277643264,0.0
1786955508837,2.0,34250752,277643264,1.5
1786955509340,0.0,34250752,277643264,0.0
1786955509844,4.0,34250752,277643264,1.5
1786955510349,0.0,34250752,277643264,0.5
1786955510851,4.0,34250752,277643264,1.0
1786955511356,0.0,34250752,277643264,0.5
1786955511861,2.0,34250752,277643264,1.0
1786955512365,2.0,34250752,277643264,1.0
1786955512868,2.0,34250752,277643264,1.0
1786955513371,2.0,34250752,277643264,0.5
1786955513874,2.0,34250752,277643264,1.0
1786955514378,2.0,34250752,277643264,0.5
1786955514881,4.0,34250752,277643264,1.5
1786955515384,0.0,34250752,277643264,1.0
1786955515887,2.0,34250752,277643264,1.0
1786955516391,0.0,34250752,277643264,0.0
1786955516895,4.0,34250752,277643264,0.5
1786955517399,0.0,34250752,277643264,0.5
1786955517903,4.0,34250752,277643264,0.5
1786955518406,2.0,34250752,277643264,0.5
1786955518909,0.0,34250752,277643264,1.0
1786955519412,4.0,34250752,277643264,0.0
1786955519915,2.0,34250752,277643264,0.5
1786955520418,0.0,34250752,277643264,0.0
1786955520921,2.0,34250752,277643264,1.5
1786955521425,2.0,34250752,277643264,1.0
1786955521928,2.0,34250752,277643264,0.5
1786955522431,2.0,34250752,277643264,0.5
1786955522936,2.0,34250752,277643264,1.5
1786955523439,2.0,34250752,277643264,1.0
1786955523944,2.0,34250752,277643264,0.0
1786955524447,2.0,34250752,277643264,0.5
1786955524950,0.0,34250752,277643264,1.0
1786955525454,2.0,34250752,277643264,0.5
1786955525957,2.0,34250752,277643264,0.5
1786955526462,2.0,34250752,277643264,0.5
1786955526965,4.0,34250752,277643264,1.0
1786955527469,0.0,34250752,277643264,1.5
1786955527972,2.0,34250752,277643264,0.0
1786955528475,2.0,34250752,277643264,0.5
1786955528978,2.0,34250752,277643264,0.5
1786955529482,2.0,34250752,277643264,0.5
1786955529985,2.0,34250752,277643264,1.0
1786955530488,2.0,34250752,277643264,0.5
1786955530992,2.0,34250752,277643264,0.5
1786955531495,2.0,34250752,277643264,1.0
1786955531999,2.0,34250752,277643264,0.5
1786955532502,2.0,34250752,277643264,1.0
1786955533005,0.0,34250752,277643264,0.5
1786955533509,2.0,34250752,277643264,0.5
1786955534013,2.0,34250752,277643264,1.0
1786955534516,2.0,34250752,277643264,1.0
1786955535020,2.0,34250752,277643264,1.0
1786955535524,2.0,34250752,277643264,1.0
1786955536027,2.0,34250752,277643264,0.5
1786955536530,2.0,34250752,277643264,0.5
1786955537033,2.0,34250752,277643264,1.0
1786955537537,2.0,34250752,277643264,0.0
1786955538040,2.0,34250752,277643264,0.5
1786955538544,2.0,34250752,277643264,1.5
1786955539047,2.0,34250752,277643264,1.0
1786955539551,2.0,34250752,277643264,0.5
1786955540055,2.0,34250752,277643264,0.5
1786955540559,2.0,34250752,277643264,1.0
1786955541062,2.0,34250752,277643264,1.5
1786955541566,2.0,34250752,277643264,0.5
1786955542070,2.0,34250752,277643264,0.5
1786955542575,2.0,34250752,277643264,1.0
1786955543078,2.0,34250752,277643264,1.0
1786955543582,2.0,34250752,277643264,0.5
1786955544085,0.0,34250752,277643264,1.0
1786955544588,2.0,34250752,277643264,1.0
1786955545092,4.0,34250752,277643264,0.5
1786955545596,2.0,34250752,277643264,0.5
1786955546100,0.0,34250752,277643264,0.5
1786955546603,4.0,34250752,277643264,1.5
1786955547108,0.0,34250752,277643264,1.5
1786955547613,4.0,34250752,277643264,1.0
1786955548118,2.0,34250752,277643264,0.5
1786955548622,4.0,34250752,277643264,1.5
1786955549127,0.0,34250752,277643264,0.5
1786955549630,4.0,34250752,277643264,1.0
1786955550134,0.0,34250752,277643264,0.0
1786955550638,4.0,34250752,277643264,1.5
1786955551143,0.0,34250752,277643264,1.0
1786955551647,2.0,34250752,277643264,0.5
1786955552151,2.0,34250752,277643264,1.0
1786955552654,2.0,34250752,277643264,1.0
1786955553159,2.0,34250752,277643264,1.0
1786955553662,4.0,34250752,277643264,0.5
1786955554166,0.0,34250752,277643264,0.5
1786955554670,4.0,34250752,277643264,1.0
1786955555173,0.0,34250752,277643264,0.5
1786955555676,2.0,34250752,277643264,1.0
1786955556180,2.0,34250752,277643264,0.0
1786955556684,2.0,34250752,277643264,0.5
1786955557187,0.0,34250752,277643264,0.5
1786955557691,4.0,34250752,277643264,1.0
1786955558195,0.0,34250752,277643264,0.0
1786955558699,4.0,34250752,277643264,2.0
1786955559203,2.0,34250752,277643264,0.0
1786955559706,2.0,34250752,277643264,0.5
1786955560210,2.0,34250752,277643264,0.0
1786955560713,2.0,34250752,277643264,1.5
1786955561217,0.0,34250752,277643264,0.5
1786955561720,4.0,34250752,277643264,0.5
1786955562224,0.0,34250752,277643264,0.5
1786955562727,4.0,34250752,277643264,1.0
1786955563231,0.0,34250752,277643264,0.0
1786955563734,4.0,34250752,277643264,1.5
1786955564238,0.0,34250752,277643264,0.5
1786955564741,4.0,34250752,277643264,1.0
1786955565245,0.0,34250752,277643264,0.5
1786955565749,4.0,34250752,277643264,1.0
1786955566253,0.0,34250752,277643264,0.0
1786955566757,6.0,34250752,277643264,1.5
1786955567261,0.0,34250752,277643264,0.5
1786955567765,2.0,34250752,277643264,1.5
1786955568268,2.0,34250752,277643264,0.0
1786955568772,2.0,34250752,277643264,1.0
1786955569275,2.0,34250752,277643264,0.0
1786955569779,4.0,34250752,277643264,1.5
1786955570283,0.0,34250752,277643264,0.0
1786955570786,2.0,34250752,277643264,2.5
1786955571290,0.0,34250752,277643264,0.0
1786955571795,5.9,34250752,277643264,1.0
1786955572299,0.0,34250752,277643264,0.0
1786955572802,2.0,34250752,277643264,1.0
1786955573305,0.0,34250752,277643264,0.0
1786955573809,4.0,34250752,277643264,0.5
1786955574313,0.0,34250752,277643264,0.5
1786955574817,4.0,34250752,277643264,1.0
1786955575320,0.0,34250752,277643264,0.0
1786955575824,4.0,34250752,277643264,1.0
1786955576328,2.0,34250752,277643264,0.0
1786955576832,2.0,34250752,277643264,0.5
1786955577336,0.0,34250752,277643264,0.5
1786955577839,2.0,34250752,277643264,1.0
1786955578343,2.0,34250752,277643264,0.5
1786955578847,4.0,34250752,277643264,1.5
1786955579351,0.0,34250752,277643264,0.0
1786955579854,2.0,34250752,277643264,0.5
1786955580358,2.0,34250752,277643264,1.0
1786955580862,2.0,34250752,277643264,1.0
1786955581366,0.0,34250752,277643264,0.0
1786955581869,4.0,34250752,277643264,1.0
1786955582373,2.0,34250752,277643264,0.5
1786955582876,2.0,34250752,277643264,0.5
1786955583380,0.0,34250752,277643264,0.0
1786955583884,4.0,34250752,277643264,1.0
1786955584387,0.0,34250752,277643264,0.0
1786955584891,4.0,34250752,277643264,0.5
1786955585395,0.0,34250752,277643264,0.5
1786955585898,2.0,34250752,277643264,1.0
1786955586402,2.0,34250752,277643264,0.5
1786955586905,2.0,34250752,277643264,0.5
1786955587409,0.0,34250752,277643264,0.0
1786955587916,3.9,34250752,277643264,1.0
1786955588420,0.0,34250752,277643264,0.0
1786955588923,2.0,34250752,277643264,2.0
1786955589426,2.0,34250752,277643264,0.5
1786955589930,2.0,34250752,277643264,1.0
1786955590434,2.0,34250752,277643264,0.5
1786955590937,4.0,34250752,277643264,1.5
1786955591440,0.0,34250752,277643264,0.5
1786955591943,2.0,34250752,277643264,2.0
1786955592446,2.0,34250752,277643264,0.0
1786955592950,0.0,34250752,277643264,0.5
1786955593454,2.0,34250752,277643264,1.0
1786955593958,4.0,34250752,277643264,1.5
1786955594462,0.0,34250752,277643264,0.0
1786955594965,4.0,34250752,277643264,1.0
1786955595469,2.0,34250752,277643264,0.5
1786955595972,0.0,34250752,277643264,1.5
1786955596476,2.0,34250752,277643264,0.0
1786955596981,2.0,34250752,277643264,0.5
1786955597484,2.0,34250752,277643264,1.0
1786955597987,0.0,34250752,277643264,1.0
1786955598490,2.0,34250752,277643264,1.0
1786955598995,2.0,34250752,277643264,1.0
1786955599498,4.0,34250752,277643264,0.5
1786955600002,0.0,34250752,277643264,1.5
1786955600505,2.0,34250752,277643264,0.5
1786955601008,2.0,34250752,277643264,1.5
1786955601512,2.0,34250752,277643264,0.5
1786955602016,2.0,34250752,277643264,1.0
1786955602519,2.0,34250752,277643264,1.0
1786955603023,0.0,34250752,277643264,0.5
1786955603526,2.0,34250752,277643264,0.5
1786955604030,2.0,34250752,277643264,0.5
1786955604532,2.0,34250752,277643264,1.5
1786955605036,2.0,34250752,277643264,1.0
1786955605539,2.0,34250752,277643264,0.0
1786955606043,2.0,34250752,277643264,1.0
1786955606546,2.0,34250752,277643264,1.0
1786955607050,0.0,34250752,277643264,1.0
1786955607553,4.0,34250752,277643264,0.5
1786955608057,0.0,34250752,277643264,1.0
1786955608561,2.0,34250752,277643264,0.5
1786955609064,2.0,34250752,277643264,0.5
1786955609568,4.0,34250752,277643264,0.5
1786955610070,0.0,34250752,277643264,0.0
1786955610574,2.0,34250752,277643264,0.5
1786955611077,2.0,34250752,277643264,0.5
1786955611581,0.0,34250752,277643264,1.0
1786955612083,2.0,34250752,277643264,1.0
1786955612587,2.0,34250752,277643264,0.5
1786955613090,2.0,34250752,277643264,0.0
1786955613594,4.0,34250752,277643264,1.5
1786955614097,0.0,34250752,277643264,1.0
1786955614600,2.0,34250752,277643264,0.5
1786955615105,2.0,34250752,277643264,0.5
1786955615608,2.0,34250752,277643264,1.5
1786955616113,0.0,34250752,277643264,1.0
1786955616617,4.0,34250752,277643264,1.5
1786955617123,2.0,34250752,277643264,0.5
1786955617628,2.0,34250752,277643264,1.0
1786955618131,0.0,34250752,277643264,1.0
1786955618635,4.0,34250752,277643264,1.0
1786955619138,2.0,34250752,277643264,1.0
1786955619642,0.0,34250752,277643264,1.5
1786955620146,2.0,34250752,277643264,0.0
1786955620650,2.0,34250752,277643264,1.0
1786955621156,2.0,34250752,277643264,1.0
1786955621659,4.0,34250752,277643264,1.0
1786955622162,0.0,34250752,277643264,0.0
1786955622666,2.0,34250752,277643264,1.0
1786955623169,2.0,34250752,277643264,0.5
1786955623672,2.0,34250752,277643264,1.0
1786955624176,0.0,34250752,277643264,0.5
1786955624679,2.0,34250752,277643264,1.5
1786955625183,2.0,34250752,277643264,0.0
1786955625686,2.0,34250752,277643264,1.0
1786955626190,2.0,34250752,277643264,0.5
1786955626693,2.0,34250752,277643264,1.0
1786955627197,0.0,34250752,277643264,0.0
1786955627700,4.0,34250752,277643264,1.5
1786955628204,0.0,34250752,277643264,0.0
1786955628707,4.0,34250752,277643264,1.0
1786955629210,0.0,34250752,277643264,0.0
1786955629713,2.0,34250752,277643264,1.0
1786955630217,2.0,34250752,277643264,1.0
1786955630720,4.0,34250752,277643264,1.0
1786955631224,0.0,34250752,277643264,0.0
1786955631727,2.0,34250752,277643264,0.5
1786955632232,0.0,34250752,277643264,1.0
1786955632735,4.0,34250752,277643264,1.0
1786955633239,0.0,34250752,277643264,1.0
1786955633743,4.0,34250752,277643264,1.0
1786955634246,0.0,34250752,277643264,0.0
1786955634750,4.0,34250752,277643264,1.0
1786955635255,2.0,34250752,277643264,0.0
1786955635758,2.0,34250752,277643264,1.5
1786955636262,0.0,34250752,277643264,0.5
1786955636766,4.0,34250752,277643264,1.0
1786955637269,0.0,34250752,277643264,0.5
1786955637772,2.0,34250752,277643264,1.0
1786955638276,2.0,34250752,277643264,0.0
1786955638779,2.0,34250752,277643264,2.0
1786955639283,0.0,34250752,277643264,0.5
1786955639787,4.0,34250752,277643264,2.0
1786955640290,0.0,34250752,277643264,0.5
1786955640794,4.0,34250752,277643264,1.0
1786955641298,0.0,34250752,277643264,0.5
1786955641801,2.0,34250752,277643264,1.0
1786955642305,2.0,34250752,277643264,0.0
1786955642809,2.0,34250752,277643264,2.0
1786955643313,0.0,34250752,277643264,0.0
1786955643817,4.0,34250752,277643264,0.5
1786955644320,0.0,34250752,277643264,0.0
1786955644824,2.0,34250752,277643264,1.5
1786955645327,2.0,34250752,277643264,0.0
1786955645830,2.0,34250752,277643264,1.0
1786955646334,0.0,34250752,277643264,0.5
1786955646838,4.0,34250752,277643264,1.0
1786955647342,2.0,34250752,277643264,1.0
1786955647845,2.0,34250752,277643264,1.0
1786955648349,0.0,34250752,277643264,0.0
1786955648852,4.0,34250752,277643264,1.5
1786955649357,0.0,34250752,277643264,0.0
1786955649861,4.0,34250752,277643264,1.5
1786955650364,0.0,34250752,277643264,0.0
1786955650868,4.0,34250752,277643264,1.0
1786955651371,0.0,34250752,277643264,0.5
1786955651875,2.0,34250752,277643264,0.5
1786955652378,0.0,34250752,277643264,0.0
1786955652882,4.0,34250752,277643264,1.5
1786955653386,2.0,34250752,277643264,0.5
1786955653889,2.0,34250752,277643264,0.5
1786955654393,0.0,34250752,277643264,1.0
1786955654897,2.0,34250752,277643264,0.5
1786955655401,0.0,34250752,277643264,0.5
1786955655905,4.0,34250752,277643264,1.0
1786955656409,0.0,34250752,277643264,0.0
1786955656913,4.0,34250752,277643264,1.5
1786955657417,2.0,34250752,277643264,0.0
1786955657920,2.0,34250752,277643264,1.5
1786955658424,0.0,34250752,277643264,0.0
1786955658927,2.0,34250752,277643264,1.5
1786955659431,0.0,34250752,277643264,0.5
1786955659935,6.0,34250752,277643264,0.5
1786955660438,0.0,34250752,277643264,0.0
1786955660942,2.0,34250752,277643264,1.5
1786955661445,2.0,34250752,277643264,0.5
1786955661949,2.0,34250752,277643264,1.0
1786955662453,2.0,34250752,277643264,0.0
1786955662956,2.0,34250752,277643264,1.0
1786955663459,2.0,34250752,277643264,0.0
1786955663963,2.0,34250752,277643264,0.5
1786955664466,0.0,34250752,277643264,0.5
1786955664970,2.0,34250752,277643264,1.0
1786955665473,2.0,34250752,277643264,0.5
1786955665976,2.0,34250752,277643264,0.5
1786955666479,0.0,34250752,277643264,0.5
1786955666983,4.0,34250752,277643264,2.0
1786955667487,0.0,34250752,277643264,1.0
1786955667990,2.0,34250752,277643264,1.0
1786955668494,4.0,34250752,277643264,0.5
1786955668999,0.0,34250752,277643264,0.5
1786955669502,2.0,34250752,277643264,0.0
1786955670006,2.0,34250752,277643264,1.0
1786955670509,2.0,34250752,277643264,0.5
1786955671013,2.0,34250752,277643264,1.0
1786955671516,2.0,34250752,277643264,1.0
1786955672019,0.0,34250752,277643264,0.5
1786955672523,2.0,34250752,277643264,0.5
1786955673026,4.0,34250752,277643264,1.0
1786955673529,0.0,34250752,277643264,1.0
1786955674033,2.0,34250752,277643264,0.5
1786955674536,2.0,34250752,277643264,0.5
1786955675039,2.0,34250752,277643264,1.0
1786955675542,2.0,34250752,277643264,0.5
1786955676046,2.0,34250752,277643264,1.0
1786955676549,2.0,34250752,277643264,0.5
1786955677052,0.0,34250752,277643264,0.5
1786955677556,4.0,34250752,277643264,0.5
1786955678060,2.0,34250752,277643264,1.0
1786955678563,0.0,34250752,277643264,0.0
1786955679067,2.0,34250752,277643264,2.0
1786955679570,2.0,34250752,277643264,0.5
1786955680073,0.0,34250752,277643264,1.0
1786955680578,4.0,34250752,277643264,1.0
1786955681081,2.0,34250752,277643264,2.0
1786955681585,2.0,34250752,277643264,0.5
1786955682088,0.0,34250752,277643264,1.0
1786955682592,2.0,34250752,277643264,0.5
1786955683095,2.0,34250752,277643264,0.5
1786955683598,2.0,34250752,277643264,0.5
1786955684102,0.0,34250752,277643264,0.5
1786955684606,4.0,34250752,277643264,1.5
1786955685111,2.0,34250752,277643264,1.0
1786955685617,2.0,34250752,277643264,0.5
1786955686122,2.0,34250752,277643264,0.5
1786955686625,2.0,34250752,277643264,0.5
1786955687129,2.0,34250752,277643264,0.0
1786955687633,2.0,34250752,277643264,1.5
1786955688136,2.0,34250752,277643264,1.5
1786955688639,2.0,34250752,277643264,1.0
1786955689143,0.0,34250752,277643264,1.0
1786955689647,2.0,34250752,277643264,0.5
1786955690151,2.0,34250752,277643264,0.5
1786955690655,2.0,34250752,277643264,2.0
1786955691159,2.0,34250752,277643264,0.5
1786955691662,2.0,34250752,277643264,1.0
1786955692166,2.0,34250752,277643264,0.5
1786955692670,2.0,34250752,277643264,1.0
1786955693173,0.0,34250752,277643264,0.5
1786955693677,4.0,34250752,277643264,0.5
1786955694180,0.0,34250752,277643264,0.0
1786955694683,2.0,34250752,277643264,1.0
1786955695187,2.0,34250752,277643264,1.0
1786955695690,2.0,34250752,277643264,0.5
1786955696194,2.0,34250752,277643264,0.0
1786955696698,2.0,34250752,277643264,1.5
1786955697202,0.0,34250752,277643264,0.0
1786955697706,4.0,34250752,277643264,1.0
1786955698210,0.0,34250752,277643264,0.5
1786955698714,4.0,34250752,277643264,1.0
1786955699218,0.0,34250752,277643264,0.0
1786955699721,2.0,34250752,277643264,2.0
1786955700226,2.0,34250752,277643264,0.0
1786955700729,4.0,34250752,277643264,0.5
1786955701233,0.0,34250752,277643264,1.0
1786955701737,2.0,34250752,277643264,1.5
1786955702241,0.0,34250752,277643264,0.5
1786955702744,4.0,34250752,277643264,1.5
1786955703247,0.0,34250752,277643264,0.5
1786955703750,4.0,34250752,277643264,2.0
1786955704254,0.0,34250752,277643264,0.5
1786955704758,2.0,34250752,277643264,2.0
1786955705263,2.0,34250752,277643264,0.0
1786955705766,2.0,34250752,277643264,1.5
1786955706270,0.0,34250752,277643264,0.0
1786955706773,2.0,34250752,277643264,1.5
1786955707277,2.0,34250752,277643264,0.0
1786955707780,2.0,34250752,277643264,1.5
1786955708284,2.0,34250752,277643264,0.0
1786955708787,4.0,34250752,277643264,1.5
1786955709291,0.0,34250752,277643264,0.0
1786955709794,2.0,34250752,277643264,1.5
1786955710296,2.0,34250752,277643264,0.5
1786955710799,2.0,34250752,277643264,1.0
1786955711303,2.0,34250752,277643264,0.5
1786955711807,2.0,34250752,277643264,1.0
1786955712311,0.0,34250752,277643264,0.5
1786955712814,2.0,34250752,277643264,2.0
1786955713318,0.0,34250752,277643264,0.0
1786955713821,4.0,34250752,277643264,2.0
1786955714324,0.0,34250752,277643264,0.5
1786955714828,4.0,34250752,277643264,1.0
1786955715331,2.0,34250752,277643264,0.5
1786955715835,2.0,34250752,277643264,1.5
1786955716338,2.0,34250752,277643264,0.5
1786955716842,2.0,34250752,277643264,1.0
1786955717347,0.0,34250752,277643264,0.5
1786955717850,2.0,34250752,277643264,1.0
1786955718354,0.0,34250752,277643264,0.5
1786955718857,4.0,34250752,277643264,1.5
1786955719361,0.0,34250752,277643264,0.0
1786955719864,4.0,34250752,277643264,1.0
1786955720368,2.0,34250752,277643264,0.5
1786955720871,2.0,34250752,277643264,2.0
1786955721374,0.0,34250752,277643264,0.0
1786955721878,2.0,34250752,277643264,1.0
1786955722382,0.0,34250752,277643264,0.5
1786955722885,6.0,34250752,277643264,1.0
1786955723388,0.0,34250752,277643264,0.0
1786955723891,2.0,34250752,277643264,1.0
1786955724395,0.0,34250752,277643264,0.5
1786955724898,2.0,34250752,277643264,1.5
1786955725402,2.0,34250752,277643264,1.0
1786955725904,2.0,34250752,277643264,1.5
1786955726408,0.0,34250752,277643264,0.0
1786955726911,4.0,34250752,277643264,3.0
1786955727414,0.0,34250752,277643264,0.0
1786955727917,4.0,34250752,277643264,1.5
1786955728421,2.0,34250752,277643264,0.0
1786955728924,2.0,34250752,277643264,1.5
1786955729428,0.0,34250752,277643264,0.0
1786955729932,4.0,34250752,277643264,1.5
1786955730436,0.0,34250752,277643264,0.0
1786955730939,2.0,34250752,277643264,1.5
1786955731443,2.0,34250752,277643264,0.0
1786955731946,2.0,34250752,277643264,1.5
1786955732450,0.0,34250752,277643264,0.5
1786955732954,4.0,34250752,277643264,0.5
1786955733458,0.0,34250752,277643264,0.0
1786955733961,2.0,34250752,277643264,1.5
1786955734465,2.0,34250752,277643264,0.5
1786955734969,2.0,34250752,277643264,0.5
1786955735472,0.0,34250752,277643264,0.0
1786955735975,4.0,34250752,277643264,1.0
1786955736479,0.0,34250752,277643264,1.0
1786955736982,2.0,34250752,277643264,0.5
1786955737485,4.0,34250752,277643264,1.0
1786955737990,2.0,34250752,277643264,1.5
1786955738493,2.0,34250752,277643264,0.0
1786955738997,2.0,34250752,277643264,1.5
1786955739500,0.0,34250752,277643264,0.5
1786955740003,2.0,34250752,277643264,1.0
1786955740506,2.0,34250752,277643264,0.0
1786955741010,2.0,34250752,277643264,1.0
1786955741513,2.0,34250752,277643264,0.5
1786955742017,2.0,34250752,277643264,1.5
1786955742520,2.0,34250752,277643264,0.0
1786955743022,2.0,34250752,277643264,0.0
1786955743526,0.0,34250752,277643264,1.5
1786955744030,2.0,34250752,277643264,1.0
1786955744533,2.0,34250752,277643264,0.5
1786955745036,2.0,34250752,277643264,0.5
1786955745540,2.0,34250752,277643264,0.5
1786955746043,2.0,34250752,277643264,1.5
1786955746547,0.0,34250752,277643264,0.0
1786955747051,2.0,34250752,277643264,1.5
1786955747554,4.0,34250752,277643264,0.5
1786955748057,0.0,34250752,277643264,1.0
1786955748560,2.0,34250752,277643264,0.5
1786955749063,2.0,34250752,277643264,1.5
1786955749566,2.0,34250752,277643264,0.0
1786955750070,0.0,34250752,277643264,0.5
1786955750573,4.0,34250752,277643264,0.5
1786955751077,0.0,34250752,277643264,1.0
1786955751580,2.0,34250752,277643264,1.0
1786955752083,2.0,34250752,277643264,0.0
1786955752586,2.0,34250752,277643264,1.5
1786955753091,2.0,34250752,277643264,1.0
1786955753594,2.0,34250752,277643264,0.5
1786955754098,2.0,34250752,277643264,0.5
1786955754601,2.0,34250752,277643264,1.0
1786955755106,2.0,34250752,277643264,0.5
1786955755610,2.0,34250752,277643264,1.5
1786955756116,0.0,34250752,277643264,0.5
1786955756620,2.0,34250752,277643264,1.0
1786955757124,2.0,34250752,277643264,1.0
1786955757628,4.0,34250752,277643264,1.0
1786955758131,0.0,34250752,277643264,0.5
1786955758634,2.0,34250752,277643264,1.0
1786955759137,2.0,34250752,277643264,0.5
1786955759641,2.0,34250752,277643264,1.5
1786955760144,2.0,34250752,277643264,0.5
1786955760648,2.0,34250752,277643264,1.0
1786955761152,2.0,34250752,277643264,0.5
1786955761655,2.0,34250752,277643264,1.0
1786955762160,2.0,34250752,277643264,0.5
1786955762664,2.0,34250752,277643264,2.0
1786955763167,2.0,34250752,277643264,0.5
1786955763670,2.0,34250752,277643264,1.0
1786955764174,0.0,34250752,277643264,0.0
1786955764679,2.0,34250752,277643264,1.5
1786955765183,2.0,34250752,277643264,0.5
1786955765687,2.0,34250752,277643264,1.0
1786955766190,0.0,34250752,277643264,0.5
1786955766693,4.0,34250752,277643264,0.5
1786955767197,2.0,34250752,277643264,0.5
1786955767701,2.0,34250752,277643264,1.0
1786955768204,2.0,34250752,277643264,0.5
1786955768709,0.0,34250752,277643264,0.5
1786955769213,2.0,34250752,277643264,1.0
1786955769718,2.0,34250752,277643264,0.5
1786955770222,0.0,34250752,277643264,1.0
1786955770725,4.0,34250752,277643264,1.5
1786955771228,2.0,34250752,277643264,0.0
1786955771733,2.0,34250752,277643264,1.5
1786955772239,0.0,34250752,277643264,1.0
1786955772742,2.0,34250752,277643264,0.5
1786955773246,2.0,34250752,277643264,0.5
1786955773749,2.0,34250752,277643264,1.0
1786955774256,2.0,34250752,277643264,0.5
1786955774760,2.0,34250752,277643264,1.0
1786955775265,2.0,34250752,277643264,0.5
1786955775768,2.0,34250752,277643264,1.5
1786955776271,0.0,34250752,277643264,0.0
1786955776775,4.0,34250752,277643264,1.5
1786955777279,0.0,34250752,277643264,0.0
1786955777783,4.0,34250752,277643264,1.5
1786955778286,0.0,34250752,277643264,0.0
1786955778790,2.0,34250752,277643264,0.5
1786955779293,0.0,34250752,277643264,0.0
1786955779798,4.0,34250752,277643264,1.5
1786955780302,2.0,34250752,277643264,0.0
1786955780806,2.0,34250752,277643264,2.0
1786955781310,0.0,34250752,277643264,0.0
1786955781813,4.0,34250752,277643264,2.0
1786955782317,0.0,34250752,277643264,0.0
1786955782820,2.0,34250752,277643264,1.0
1786955783323,2.0,34250752,277643264,0.5
1786955783827,2.0,34250752,277643264,1.0
1786955784331,2.0,34250752,277643264,0.5
1786955784834,2.0,34250752,277643264,1.0
1786955785337,0.0,34250752,277643264,0.0
1786955785841,4.0,34250752,277643264,1.5
1786955786345,0.0,34250752,277643264,0.0
1786955786849,4.0,34250752,277643264,0.5
1786955787353,0.0,34250752,277643264,0.5
1786955787856,4.0,34250752,277643264,2.0
1786955788360,0.0,34250752,277643264,0.0
1786955788863,2.0,34250752,277643264,0.5
1786955789366,0.0,34250752,277643264,0.0
1786955789870,2.0,34250752,277643264,1.5
1786955790374,2.0,34250752,277643264,0.0
1786955790877,4.0,34250752,277643264,1.0
1786955791381,0.0,34250752,277643264,0.0
1786955791885,2.0,34250752,277643264,1.5
1786955792389,0.0,34250752,277643264,0.0
1786955792892,4.0,34250752,277643264,2.5
1786955793396,2.0,34250752,277643264,0.0
1786955793899,2.0,34250752,277643264,1.0
1786955794403,0.0,34250752,277643264,0.5
1786955794907,2.0,34250752,277643264,1.5
1786955795411,2.0,34250752,277643264,0.0
1786955795915,2.0,34250752,277643264,1.0
1786955796418,2.0,34250752,277643264,0.5
1786955796922,2.0,34250752,277643264,1.0
1786955797427,0.0,34250752,277643264,0.5
1786955797931,2.0,34250752,277643264,0.5
1786955798435,2.0,34250752,277643264,0.5
1786955798939,2.0,34250752,277643264,2.0
1786955799442,2.0,34250752,277643264,0.5
1786955799946,2.0,34250752,277643264,1.0
1786955800450,2.0,34250752,277643264,0.5
1786955800954,2.0,34250752,277643264,1.0
1786955801457,2.0,34250752,277643264,0.5
1786955801961,2.0,34250752,277643264,0.5
1786955802465,2.0,34250752,277643264,0.0
1786955802968,2.0,34250752,277643264,1.5
1786955803471,0.0,34250752,277643264,0.5
1786955803974,4.0,34250752,277643264,0.0
1786955804478,0.0,34250752,277643264,0.5
1786955804982,4.0,34250752,277643264,0.5
1786955805485,0.0,34250752,277643264,0.0
1786955805991,2.0,34250752,277643264,1.5
1786955806495,0.0,34250752,277643264,0.0
1786955806998,2.0,34250752,277643264,1.5
1786955807502,2.0,34250752,277643264,0.5
1786955808006,4.0,34250752,277643264,0.5
1786955808511,0.0,34250752,277643264,0.5
1786955809014,2.0,34250752,277643264,1.0
1786955809517,2.0,34250752,277643264,0.0
1786955810021,2.0,34250752,277643264,1.5
1786955810523,0.0,34250752,277643264,0.0
1786955811027,2.0,34250752,277643264,1.0
1786955811530,2.0,34250752,277643264,1.0
1786955812034,2.0,34250752,277643264,0.5
1786955812537,2.0,34250752,277643264,0.5
1786955813040,2.0,34250752,277643264,1.0
1786955813543,4.0,34250752,277643264,0.5
1786955814046,2.0,34250752,277643264,0.5
1786955814549,2.0,34250752,277643264,0.5
1786955815052,0.0,34250752,277643264,1.0
1786955815556,2.0,34250752,277643264,1.5
1786955816059,0.0,34250752,277643264,0.0
1786955816562,2.0,34250752,277643264,1.0
1786955817066,4.0,34250752,277643264,1.0
1786955817569,2.0,34250752,277643264,0.5
1786955818071,0.0,34250752,277643264,0.5
1786955818574,2.0,34250752,277643264,0.0
1786955819077,0.0,34250752,277643264,1.5
1786955819581,4.0,34250752,277643264,1.0
1786955820084,2.0,34250752,277643264,0.0
1786955820587,0.0,34250752,277643264,0.5
1786955821091,2.0,34250752,277643264,1.0
1786955821594,2.0,34250752,277643264,0.5
1786955822098,4.0,34250752,277643264,0.5
1786955822602,0.0,34250752,277643264,1.0
1786955823106,2.0,34250752,277643264,0.5
1786955823610,2.0,34250752,277643264,0.5
1786955824115,2.0,34250752,277643264,1.0
1786955824618,2.0,34250752,277643264,0.5
1786955825123,4.0,34250752,277643264,1.0
1786955825627,0.0,34250752,277643264,0.5
1786955826132,2.0,34250752,277643264,0.5
1786955826635,2.0,34250752,277643264,1.5
1786955827138,2.0,34250752,277643264,1.0
1786955827641,2.0,34250752,277643264,1.0
1786955828144,2.0,34250752,277643264,0.5
1786955828647,2.0,34250752,277643264,0.5
1786955829151,0.0,34250752,277643264,0.5
1786955829654,4.0,34250752,277643264,1.0
1786955830158,0.0,34250752,277643264,0.0
1786955830661,2.0,34250752,277643264,1.5
1786955831164,0.0,34250752,277643264,0.5
1786955831668,4.0,34250752,277643264,1.5
1786955832171,2.0,34250752,277643264,0.5
1786955832674,2.0,34250752,277643264,1.0
1786955833177,0.0,34250752,277643264,1.0
1786955833681,2.0,34250752,277643264,1.0
1786955834186,2.0,34250752,277643264,1.0
1786955834690,2.0,34250752,277643264,1.0
1786955835193,2.0,34250752,277643264,1.0
1786955835696,4.0,34250752,277643264,1.5
1786955836200,0.0,34250752,277643264,1.0
1786955836704,2.0,34250752,277643264,1.0
1786955837207,2.0,34250752,277643264,1.0
1786955837711,2.0,34250752,277643264,1.0
1786955838214,2.0,34250752,277643264,0.0
1786955838718,2.0,34250752,277643264,2.0
1786955839221,0.0,34250752,277643264,1.5
1786955839726,2.0,34250752,277643264,1.5
1786955840230,2.0,34250752,277643264,1.0
1786955840734,2.0,34250752,277643264,1.5
1786955841237,2.0,34250752,277643264,0.5
1786955841742,2.0,34250752,277643264,1.0
1786955842245,0.0,34250752,277643264,0.5
1786955842749,2.0,34250752,277643264,1.0
1786955843252,4.0,34250752,277643264,0.5
1786955843755,0.0,34250752,277643264,1.0
1786955844258,2.0,34250752,277643264,0.5
1786955844762,2.0,34250752,277643264,1.5
1786955845265,2.0,34250752,277643264,0.5
1786955845769,2.0,34250752,277643264,1.5
1786955846272,0.0,34250752,277643264,0.5
1786955846776,4.0,34250752,277643264,2.0
1786955847280,0.0,34250752,277643264,0.5
1786955847784,2.0,34250752,277643264,1.0
1786955848287,2.0,34250752,277643264,0.0
1786955848792,4.0,34250752,277643264,1.0
1786955849296,0.0,34250752,277643264,1.0
1786955849800,2.0,34250752,277643264,0.5
1786955850304,0.0,34250752,277643264,0.0
1786955850807,4.0,34250752,277643264,2.0
1786955851311,0.0,34250752,277643264,0.5
1786955851815,4.0,34250752,277643264,0.5
1786955852320,2.0,34250752,277643264,0.5
1786955852823,0.0,34250752,277643264,2.0
1786955853327,2.0,34250752,277643264,0.5
1786955853831,4.0,34250752,277643264,1.5
1786955854335,0.0,34250752,277643264,0.0
1786955854838,2.0,34250752,277643264,0.5
1786955855341,0.0,34250752,277643264,0.5
1786955855845,4.0,34250752,277643264,1.5
1786955856348,0.0,34250752,277643264,0.0
1786955856853,4.0,34250752,277643264,1.0
1786955857357,0.0,34250752,277643264,0.0
1786955857860,4.0,34250752,277643264,1.5
1786955858364,0.0,34250752,277643264,0.0
1786955858868,4.0,34250752,277643264,1.5
1786955859371,0.0,34250752,277643264,0.0
1786955859875,2.0,34250752,277643264,1.5
1786955860379,0.0,34250752,277643264,0.0
1786955860882,4.0,34250752,277643264,0.5
1786955861387,0.0,34250752,277643264,0.5
1786955861890,4.0,34250752,277643264,1.0
1786955862394,0.0,34250752,277643264,0.5
1786955862898,2.0,34250752,277643264,1.5
1786955863401,2.0,34250752,277643264,0.5
1786955863905,2.0,34250752,277643264,2.0
1786955864409,0.0,34250752,277643264,0.0
1786955864912,4.0,34250752,277643264,2.0
1786955865415,2.0,34250752,277643264,0.0
1786955865918,2.0,34250752,277643264,0.5
1786955866422,2.0,34250752,277643264,0.5
1786955866926,2.0,34250752,277643264,1.0
1786955867430,0.0,34250752,277643264,0.5
1786955867933,4.0,34250752,277643264,1.0
1786955868436,0.0,34250752,277643264,0.5
1786955868940,2.0,34250752,277643264,0.5
1786955869444,2.0,34250752,277643264,0.0
1786955869947,4.0,34250752,277643264,1.5
1786955870451,0.0,34250752,277643264,0.0
1786955870955,4.0,34250752,277643264,3.0
1786955871459,0.0,34250752,277643264,0.0
1786955871963,2.0,34250752,277643264,2.0
1786955872466,2.0,34250752,277643264,0.0
1786955872970,4.0,34250752,277643264,1.0
1786955873474,0.0,34250752,277643264,0.5
1786955873978,2.0,34250752,277643264,1.5
1786955874482,0.0,34250752,277643264,0.0
1786955874986,4.0,34250752,277643264,1.5
1786955875490,0.0,34250752,277643264,0.0
1786955875993,4.0,34250752,277643264,1.0
1786955876496,0.0,34250752,277643264,0.0
1786955877000,4.0,34250752,277643264,2.0
1786955877503,0.0,34250752,277643264,0.5
1786955878007,4.0,34250752,277643264,2.0
1786955878511,0.0,34250752,277643264,0.5
1786955879015,4.0,34250752,277643264,2.0
1786955879518,2.0,34250752,277643264,0.0
1786955880022,2.0,34250752,277643264,1.0
1786955880525,0.0,34250752,277643264,0.5
1786955881029,6.0,34250752,277643264,1.5
1786955881532,0.0,34250752,277643264,0.5
1786955882036,2.0,34250752,277643264,1.5
1786955882540,2.0,34250752,277643264,0.0
1786955883044,2.0,34250752,277643264,1.5
1786955883548,0.0,34250752,277643264,0.0
1786955884052,4.0,34250752,277643264,1.5
1786955884555,0.0,34250752,277643264,0.0
1786955885059,4.0,34250752,277643264,1.5
1786955885562,2.0,34250752,277643264,0.0
1786955886065,2.0,34250752,277643264,1.5
1786955886568,2.0,34250752,277643264,0.5
1786955887072,2.0,34250752,277643264,1.0
1786955887576,0.0,34250752,277643264,0.5
1786955888080,4.0,34250752,277643264,1.5
1786955888583,2.0,34250752,277643264,1.0
1786955889087,2.0,34250752,277643264,2.0
1786955889591,2.0,34250752,277643264,0.5
1786955890095,2.0,34250752,277643264,1.0
1786955890599,0.0,34250752,277643264,1.0
1786955891102,4.0,34250752,277643264,1.0
1786955891606,2.0,34250752,277643264,0.5
1786955892111,2.0,34250752,277643264,1.5
1786955892615,0.0,34250752,277643264,1.0
1786955893121,2.0,34250752,277643264,0.5
1786955893624,4.0,34250752,277643264,1.0
1786955894128,2.0,34250752,277643264,0.0
1786955894632,4.0,34250752,277643264,1.5
1786955895135,0.0,34250752,277643264,1.5
1786955895639,2.0,34250752,277643264,1.5
1786955896143,2.0,34250752,277643264,0.0
1786955896646,2.0,34250752,277643264,1.0
1786955897150,2.0,34250752,277643264,1.0
1786955897654,2.0,34250752,277643264,1.5
1786955898158,2.0,34250752,277643264,0.5
1786955898661,2.0,34250752,277643264,2.0
1786955899166,2.0,34250752,277643264,0.5
1786955899669,4.0,34250752,277643264,1.5
1786955900172,2.0,34250752,277643264,1.0
1786955900675,2.0,34250752,277643264,1.5
1786955901179,2.0,34250752,277643264,1.0
1786955901682,2.0,34250752,277643264,1.0
1786955902186,0.0,34250752,277643264,1.0
1786955902691,4.0,34250752,277643264,1.0
1786955903194,0.0,34250752,277643264,0.5
1786955903698,2.0,34250752,277643264,0.5
1786955904201,2.0,34250752,277643264,0.5
1786955904704,4.0,34250752,277643264,1.5
1786955905207,0.0,34250752,277643264,0.0
1786955905711,2.0,34250752,277643264,1.5
1786955906214,2.0,34250752,277643264,0.0
1786955906717,2.0,34250752,277643264,1.5
1786955907220,0.0,34250752,277643264,0.5
1786955907723,2.0,34250752,277643264,2.0
1786955908226,4.0,34250752,277643264,0.5
1786955908730,0.0,34250752,277643264,0.5
1786955909234,2.0,34250752,277643264,1.0
1786955909737,2.0,34250752,277643264,0.5
1786955910240,0.0,34250752,277643264,0.5
1786955910743,2.0,34250752,277643264,1.5
1786955911246,4.0,34250752,277643264,0.0
1786955911750,2.0,34250752,277643264,1.0
1786955912253,2.0,34250752,277643264,1.0
1786955912757,2.0,34250752,277643264,2.0
1786955913260,0.0,34250752,277643264,0.0
1786955913764,4.0,34250752,277643264,1.5
1786955914267,0.0,34250752,277643264,0.5
1786955914770,2.0,34250752,277643264,1.0
1786955915273,2.0,34250752,277643264,0.5
1786955915776,2.0,34250752,277643264,1.0
1786955916279,2.0,34250752,277643264,0.5
1786955916784,2.0,34250752,277643264,1.5
1786955917286,2.0,34250752,277643264,0.0
1786955917790,2.0,34250752,277643264,1.5
1786955918292,0.0,34250752,277643264,0.5
1786955918797,4.0,34250752,277643264,2.0
1786955919300,2.0,34250752,277643264,0.0
1786955919804,2.0,34250752,277643264,0.0
1786955920307,0.0,34250752,277643264,1.0
1786955920811,2.0,34250752,277643264,0.5
1786955921314,2.0,34250752,277643264,1.0
1786955921817,4.0,34250752,277643264,1.5
1786955922321,0.0,34250752,277643264,0.5
1786955922826,2.0,34250752,277643264,0.5
1786955923329,2.0,34250752,277643264,1.0
1786955923832,2.0,34250752,277643264,1.0
1786955924335,2.0,34250752,277643264,0.5
1786955924839,2.0,34250752,277643264,2.0
1786955925342,2.0,34250752,277643264,0.0
1786955925846,0.0,34250752,277643264,1.0
1786955926349,2.0,34250752,277643264,0.5
1786955926851,4.0,34250752,277643264,0.5
1786955927355,0.0,34250752,277643264,0.5
1786955927858,2.0,34250752,277643264,1.0
1786955928361,2.0,34250752,277643264,0.5
1786955928865,2.0,34250752,277643264,1.0
1786955929368,2.0,34250752,277643264,1.0
1786955929871,2.0,34250752,277643264,1.0
1786955930376,2.0,34250752,277643264,0.5
1786955930879,2.0,34250752,277643264,1.5
1786955931383,0.0,34250752,277643264,0.5
1786955931886,4.0,34250752,277643264,1.5
1786955932390,0.0,34250752,277643264,0.5
1786955932894,2.0,34250752,277643264,1.5
1786955933397,2.0,34250752,277643264,0.0
1786955933900,2.0,34250752,277643264,1.0
1786955934404,0.0,34250752,277643264,0.5
1786955934907,2.0,34250752,277643264,1.5
1786955935411,2.0,34250752,277643264,0.5
1786955935914,2.0,34250752,277643264,1.0
1786955936417,2.0,34250752,277643264,0.0
1786955936922,2.0,34250752,277643264,1.5
1786955937426,2.0,34250752,277643264,0.0
1786955937929,2.0,34250752,277643264,2.0
1786955938433,2.0,34250752,277643264,0.0
1786955938937,2.0,34250752,277643264,1.5
1786955939440,0.0,34250752,277643264,0.0
1786955939943,4.0,34250752,277643264,1.0
1786955940447,0.0,34250752,277643264,0.5
1786955940951,4.0,34250752,277643264,1.5
1786955941455,0.0,34250752,277643264,0.0
1786955941957,2.0,34250752,277643264,0.5
1786955942461,0.0,34250752,277643264,0.5
1786955942965,4.0,34250752,277643264,1.0
1786955943468,0.0,34250752,277643264,0.0
1786955943972,2.0,34250752,277643264,1.5
1786955944475,2.0,34250752,277643264,0.0
1786955944979,2.0,34250752,277643264,1.0
1786955945482,0.0,34250752,277643264,0.5
1786955945986,4.0,34250752,277643264,1.0
1786955946489,2.0,34250752,277643264,0.5
1786955946993,2.0,34250752,277643264,1.5
1786955947497,2.0,34250752,277643264,0.5
1786955948000,2.0,34250752,277643264,1.0
1786955948505,0.0,34250752,277643264,0.0
1786955949008,2.0,34250752,277643264,3.0
1786955949512,2.0,34250752,277643264,0.0
1786955950015,2.0,34250752,277643264,2.5
1786955950519,0.0,34250752,277643264,0.5
1786955951022,4.0,34250752,277643264,1.0
1786955951526,2.0,34250752,277643264,0.0
1786955952030,2.0,34250752,277643264,2.0
1786955952533,0.0,34250752,277643264,0.5
1786955953037,4.0,34250752,277643264,1.0
1786955953541,2.0,34250752,277643264,1.0
1786955954044,2.0,34250752,277643264,0.5
1786955954547,0.0,34250752,277643264,1.0
1786955955051,2.0,34250752,277643264,1.0
1786955955555,2.0,34250752,277643264,0.5
1786955956058,2.0,34250752,277643264,1.0
1786955956562,2.0,34250752,277643264,0.5
1786955957065,2.0,34250752,277643264,1.5
1786955957570,2.0,34250752,277643264,0.5
1786955958074,2.0,34250752,277643264,1.0
1786955958578,0.0,34250752,277643264,0.5
1786955959083,2.0,34250752,277643264,1.5
1786955959586,2.0,34250752,277643264,1.0
1786955960090,2.0,34250752,277643264,1.5
1786955960594,2.0,34250752,277643264,0.5
1786955961098,2.0,34250752,277643264,1.5
1786955961601,2.0,34250752,277643264,0.5
1786955962106,2.0,34250752,277643264,1.0
1786955962609,2.0,34250752,277643264,1.0
1786955963115,4.0,34250752,277643264,1.0
1786955963619,0.0,34250752,277643264,0.5
1786955964124,4.0,34250752,277643264,1.0
1786955964628,0.0,34250752,277643264,1.0
1786955965131,2.0,34250752,277643264,1.0
1786955965635,2.0,34250752,277643264,1.0
1786955966138,2.0,34250752,277643264,1.5
1786955966641,2.0,34250752,277643264,0.5
1786955967145,2.0,34250752,277643264,1.0
1786955967649,2.0,34250752,277643264,1.0
1786955968153,2.0,34250752,277643264,0.0
1786955968656,2.0,34250752,277643264,1.0
1786955969159,0.0,34250752,277643264,0.5
1786955969663,2.0,34250752,277643264,0.5
1786955970166,2.0,34250752,277643264,0.5
1786955970669,2.0,34250752,277643264,1.0
1786955971172,2.0,34250752,277643264,0.0
1786955971675,2.0,34250752,277643264,1.0
1786955972178,0.0,34250752,277643264,0.0
1786955972682,4.0,34250752,277643264,1.5
1786955973186,2.0,34250752,277643264,0.5
1786955973690,2.0,34250752,277643264,1.0
1786955974193,0.0,34250752,277643264,1.0
1786955974697,2.0,34250752,277643264,1.5
1786955975201,2.0,34250752,277643264,0.5
1786955975704,2.0,34250752,277643264,1.0
1786955976208,2.0,34250752,277643264,1.0
1786955976712,2.0,34250752,277643264,0.0
1786955977215,2.0,34250752,277643264,0.5
1786955977719,2.0,34250752,277643264,1.0
1786955978222,2.0,34250752,277643264,0.0
1786955978725,0.0,34250752,277643264,2.0
1786955979229,2.0,34250752,277643264,0.5
1786955979732,2.0,34250752,277643264,0.5
1786955980236,2.0,34250752,277643264,0.5
1786955980740,2.0,34250752,277643264,1.0
1786955981243,2.0,34250752,277643264,1.0
1786955981747,2.0,34250752,277643264,1.0
1786955982250,0.0,34250752,277643264,0.5
1786955982754,2.0,34250752,277643264,0.5
1786955983257,4.0,34250752,277643264,0.5
1786955983760,2.0,34250752,277643264,1.0
1786955984264,0.0,34250752,277643264,0.0
1786955984768,4.0,34250752,277643264,1.5
1786955985271,0.0,34250752,277643264,0.5
1786955985775,2.0,34250752,277643264,1.0
1786955986278,2.0,34250752,277643264,1.0
1786955986782,4.0,34250752,277643264,0.5
1786955987285,0.0,34250752,277643264,0.5
1786955987790,2.0,34250752,277643264,1.0
1786955988294,2.0,34250752,277643264,0.0
1786955988798,2.0,34250752,277643264,1.5
1786955989302,2.0,34250752,277643264,1.0
1786955989807,2.0,34250752,277643264,0.5
1786955990311,2.0,34250752,277643264,0.0
1786955990815,2.0,34250752,277643264,2.0
1786955991319,0.0,34250752,277643264,0.0
1786955991822,2.0,34250752,277643264,1.0
1786955992327,2.0,34250752,277643264,0.5
1786955992831,2.0,34250752,277643264,1.5
1786955993335,0.0,34250752,277643264,1.5
1786955993839,4.0,34250752,277643264,1.0
1786955994343,2.0,34250752,277643264,1.0
1786955994848,2.0,34250752,277643264,0.5
1786955995355,0.0,34250752,277643264,0.0
1786955995859,2.0,34250752,277643264,1.0
1786955996362,2.0,34250752,277643264,0.5
1786955996865,2.0,34250752,277643264,1.5
1786955997369,2.0,34250752,277643264,0.5
1786955997873,2.0,34250752,277643264,0.5
1786955998377,2.0,34250752,277643264,0.5
1786955998881,4.0,34250752,277643264,1.5
1786955999384,0.0,34250752,277643264,0.0
1786955999887,2.0,34250752,277643264,1.5
1786956000391,2.0,34250752,277643264,1.0
1786956000895,2.0,34250752,277643264,0.5
1786956001398,2.0,34250752,277643264,0.0
1786956001901,2.0,34250752,277643264,1.0
1786956002405,0.0,34250752,277643264,0.0
1786956002909,4.0,34250752,277643264,2.0
1786956003413,0.0,34250752,277643264,0.5
1786956003917,2.0,34250752,277643264,2.5
1786956004420,2.0,34250752,277643264,0.0
1786956004922,2.0,34250752,277643264,2.0
1786956005427,0.0,34250752,277643264,1.0
1786956005930,4.0,34250752,277643264,0.5
1786956006434,0.0,34250752,277643264,0.5
1786956006937,4.0,34250752,277643264,1.0
1786956007440,0.0,34250752,277643264,0.0
1786956007943,2.0,34250752,277643264,1.5
1786956008447,2.0,34250752,277643264,0.0
1786956008950,2.0,34250752,277643264,2.0
1786956009453,0.0,34250752,277643264,0.0
1786956009957,4.0,34250752,277643264,1.5
1786956010461,0.0,34250752,277643264,0.0
1786956010965,2.0,34250752,277643264,1.5
1786956011468,2.0,34250752,277643264,0.0
1786956011971,4.0,34250752,277643264,1.5
1786956012476,0.0,34250752,277643264,0.0
1786956012979,2.0,34250752,277643264,1.5
1786956013483,0.0,34250752,277643264,0.0
1786956013985,4.0,34250752,277643264,1.0
1786956014489,0.0,34250752,277643264,1.5
1786956014993,4.0,34250752,277643264,2.5
1786956015496,0.0,34250752,277643264,1.0
1786956015999,4.0,34250752,277643264,1.5
1786956016503,0.0,34250752,277643264,0.5
1786956017008,4.0,34250752,277643264,1.5
1786956017511,0.0,34250752,277643264,0.5
1786956018015,2.0,34250752,277643264,1.0
1786956018520,2.0,34250752,277643264,0.0
1786956019024,4.0,34250752,277643264,1.0
1786956019528,0.0,34250752,277643264,0.0
1786956020031,2.0,34250752,277643264,1.5
1786956020535,2.0,34250752,277643264,0.0
1786956021038,2.0,34250752,277643264,1.5
1786956021542,0.0,34250752,277643264,0.5
1786956022046,4.0,34250752,277643264,1.5
1786956022550,0.0,34250752,277643264,0.0
1786956023054,2.0,34250752,277643264,1.5
1786956023558,0.0,34250752,277643264,0.5
1786956024063,4.0,34250752,277643264,1.5
1786956024567,2.0,34250752,277643264,0.0
1786956025070,2.0,34250752,277643264,2.0
1786956025573,2.0,34250752,277643264,0.5
1786956026077,2.0,34250752,277643264,0.5
1786956026580,0.0,34250752,277643264,1.0
1786956027086,4.0,34250752,277643264,1.5
1786956027589,0.0,34250752,277643264,1.0
1786956028093,2.0,34250752,277643264,0.5
1786956028596,2.0,34250752,277643264,0.5
1786956029099,2.0,34250752,277643264,1.5
1786956029604,2.0,34250752,277643264,1.0
1786956030109,2.0,34250752,277643264,0.5
1786956030613,2.0,34250752,277643264,0.0
1786956031118,2.0,34250752,277643264,0.5
1786956031622,0.0,34250752,277643264,1.5
1786956032127,2.0,34250752,277643264,1.0
1786956032630,4.0,34250752,277643264,1.0
1786956033133,2.0,34250752,277643264,0.5
1786956033636,2.0,34250752,277643264,0.5
1786956034140,2.0,34250752,277643264,0.5
1786956034643,0.0,34250752,277643264,1.0
1786956035146,2.0,34250752,277643264,0.0
1786956035650,2.0,34250752,277643264,0.5
1786956036154,2.0,34250752,277643264,1.0
1786956036657,2.0,34250752,277643264,0.5
1786956037160,2.0,34250752,277643264,1.0
1786956037664,0.0,34250752,277643264,0.5
1786956038167,4.0,34250752,277643264,1.5
1786956038671,2.0,34250752,277643264,1.0
1786956039174,0.0,34250752,277643264,0.5
1786956039678,2.0,34250752,277643264,1.0
1786956040181,2.0,34250752,277643264,0.5
1786956040685,2.0,34250752,277643264,1.0
1786956041188,2.0,34250752,277643264,1.5
1786956041692,2.0,34250752,277643264,0.5
1786956042196,2.0,34250752,277643264,0.5
1786956042700,0.0,34250752,277643264,0.5
1786956043203,2.0,34250752,277643264,1.5
1786956043707,4.0,34250752,277643264,1.5
1786956044211,0.0,34250752,277643264,0.5
1786956044715,2.0,34250752,277643264,0.0
1786956045218,2.0,34250752,277643264,0.5
1786956045722,2.0,34250752,277643264,2.0
1786956046226,2.0,34250752,277643264,0.5
1786956046730,2.0,34250752,277643264,0.5
1786956047233,2.0,34250752,277643264,1.5
1786956047737,2.0,34250752,277643264,1.5
1786956048241,2.0,34250752,277643264,0.5
1786956048744,2.0,34250752,277643264,1.0
1786956049248,0.0,34250752,277643264,0.0
1786956049751,2.0,34250752,277643264,1.0
1786956050255,2.0,34250752,277643264,0.5
1786956050759,4.0,34250752,277643264,1.0
1786956051262,2.0,34250752,277643264,0.0
1786956051765,2.0,34250752,277643264,1.5
1786956052269,0.0,34250752,277643264,0.0
1786956052772,2.0,34250752,277643264,1.5
1786956053275,2.0,34250752,277643264,0.5
1786956053779,2.0,34250752,277643264,1.5
1786956054282,2.0,34250752,277643264,0.5
1786956054786,0.0,34250752,277643264,1.0
1786956055289,2.0,34250752,277643264,0.0
1786956055792,4.0,34250752,277643264,1.5
1786956056296,0.0,34250752,277643264,0.0
1786956056799,2.0,34250752,277643264,2.0
1786956057303,2.0,34250752,277643264,0.5
1786956057807,2.0,34250752,277643264,1.0
1786956058310,2.0,34250752,277643264,0.0
1786956058813,2.0,34250752,277643264,1.0
1786956059318,2.0,34250752,277643264,0.5
1786956059821,2.0,34250752,277643264,1.0
1786956060325,2.0,34250752,277643264,1.0
1786956060828,2.0,34250752,277643264,1.5
1786956061331,0.0,34250752,277643264,0.5
1786956061835,4.0,34250752,277643264,1.5
1786956062338,0.0,34250752,277643264,0.0
1786956062841,2.0,34250752,277643264,1.0
1786956063345,2.0,34250752,277643264,1.5
1786956063848,2.0,34250752,277643264,1.0
1786956064351,2.0,34250752,277643264,0.5
1786956064855,2.0,34250752,277643264,1.0
1786956065359,2.0,34250752,277643264,0.0
1786956065862,2.0,34250752,277643264,1.5
1786956066366,0.0,34250752,277643264,0.5
1786956066869,2.0,34250752,277643264,2.0
1786956067373,2.0,34250752,277643264,1.0
1786956067877,4.0,34250752,277643264,2.5
1786956068381,0.0,34250752,277643264,0.0
1786956068885,2.0,34250752,277643264,2.0
1786956069388,2.0,34250752,277643264,0.5
1786956069891,0.0,34250752,277643264,1.5
1786956070395,4.0,34250752,277643264,1.0
1786956070898,4.0,34250752,277643264,1.0
1786956071402,0.0,34250752,277643264,1.0
1786956071905,2.0,34250752,277643264,1.5
1786956072410,0.0,34250752,277643264,0.0
1786956072913,2.0,34250752,277643264,1.0
1786956073417,2.0,34250752,277643264,0.5
1786956073920,2.0,34250752,277643264,1.0
1786956074424,2.0,34250752,277643264,0.0
1786956074927,4.0,34250752,277643264,2.0
1786956075431,0.0,34250752,277643264,0.0
1786956075934,2.0,34250752,277643264,1.5
1786956076438,0.0,34250752,277643264,0.0
1786956076941,4.0,34250752,277643264,1.5
1786956077444,0.0,34250752,277643264,0.0
1786956077947,4.0,34250752,277643264,1.0
1786956078451,0.0,34250752,277643264,0.0
1786956078956,4.0,34250752,277643264,1.5
1786956079459,2.0,34250752,277643264,0.0
1786956079963,2.0,34250752,277643264,1.0
1786956080466,0.0,34250752,277643264,0.5
1786956080970,2.0,34250752,277643264,1.5
1786956081473,0.0,34250752,277643264,0.0
1786956081977,2.0,34250752,277643264,2.0
1786956082481,4.0,34250752,277643264,0.0
1786956082984,2.0,34250752,277643264,1.0
1786956083488,2.0,34250752,277643264,1.0
1786956083991,2.0,34250752,277643264,0.5
1786956084495,0.0,34250752,277643264,0.5
1786956085000,4.0,34250752,277643264,1.0
1786956085504,0.0,34250752,277643264,0.0
1786956086007,2.0,34250752,277643264,1.0
1786956086511,0.0,34250752,277643264,0.5
1786956087015,4.0,34250752,277643264,1.5
1786956087518,0.0,34250752,277643264,0.0
1786956088022,4.0,34250752,277643264,1.5
1786956088525,2.0,34250752,277643264,0.5
1786956089029,2.0,34250752,277643264,2.0
1786956089533,0.0,34250752,277643264,0.0
1786956090036,2.0,34250752,277643264,0.5
1786956090539,2.0,34250752,277643264,0.5
1786956091043,4.0,34250752,277643264,1.5
1786956091546,0.0,34250752,277643264,0.0
1786956092050,4.0,34250752,277643264,1.5
1786956092554,0.0,34250752,277643264,0.0
1786956093058,2.0,34250752,277643264,2.0
1786956093562,0.0,34250752,277643264,0.0
1786956094065,4.0,34250752,277643264,1.0
1786956094569,0.0,34250752,277643264,0.0
1786956095072,2.0,34250752,277643264,1.0
1786956095577,4.0,34250752,277643264,0.0
1786956096081,0.0,34250752,277643264,1.0
1786956096585,2.0,34250752,277643264,0.0
1786956097090,4.0,34250752,277643264,1.5
1786956097593,2.0,34250752,277643264,1.0
1786956098096,2.0,34250752,277643264,0.5
1786956098599,0.0,34250752,277643264,1.0
1786956099102,2.0,34250752,277643264,1.0
1786956099607,0.0,34250752,277643264,0.0
1786956100112,5.9,34250752,277643264,0.5
1786956100615,0.0,34250752,277643264,1.0
1786956101120,2.0,34250752,277643264,0.5
1786956101623,2.0,34250752,277643264,1.0
1786956102127,2.0,34250752,277643264,0.5
1786956102630,0.0,34250752,277643264,0.0
1786956103135,4.0,34250752,277643264,0.5
1786956103638,2.0,34250752,277643264,1.0
1786956104142,2.0,34250752,277643264,0.5
1786956104644,2.0,34250752,277643264,1.0
1786956105147,2.0,34250752,277643264,1.5
1786956105651,2.0,34250752,277643264,0.5
1786956106155,2.0,34250752,277643264,1.0
1786956106658,2.0,34250752,277643264,0.5
1786956107161,2.0,34250752,277643264,1.0
1786956107664,0.0,34250752,277643264,0.5
1786956108167,2.0,34250752,277643264,0.5
1786956108670,2.0,34250752,277643264,0.5
1786956109174,2.0,34250752,277643264,0.0
1786956109678,2.0,34250752,277643264,1.5
1786956110181,2.0,34250752,277643264,0.0
1786956110684,2.0,34250752,277643264,1.5
1786956111187,2.0,34250752,277643264,0.0
1786956111691,2.0,34250752,277643264,1.5
1786956112194,2.0,34250752,277643264,0.0
1786956112697,2.0,34250752,277643264,1.0
1786956113200,2.0,34250752,277643264,0.0
1786956113703,2.0,34250752,277643264,1.0
1786956114206,0.0,34250752,277643264,0.5
1786956114710,4.0,34250752,277643264,0.5
1786956115214,2.0,34250752,277643264,1.0
1786956115717,2.0,34250752,277643264,0.5
1786956116220,2.0,34250752,277643264,1.0
1786956116723,2.0,34250752,277643264,1.0
1786956117227,2.0,34250752,277643264,1.0
1786956117730,0.0,34250752,277643264,0.5
1786956118233,2.0,34250752,277643264,0.5
1786956118738,0.0,34250752,277643264,0.5
1786956119241,4.0,34250752,277643264,1.0
1786956119745,0.0,34250752,277643264,0.0
1786956120249,4.0,34250752,277643264,1.0
1786956120753,2.0,34250752,277643264,0.0
1786956121256,2.0,34250752,277643264,1.0
1786956121759,2.0,34250752,277643264,1.0
1786956122263,0.0,34250752,277643264,0.5
1786956122767,2.0,34250752,277643264,1.5
1786956123270,2.0,34250752,277643264,0.5
1786956123774,2.0,34250752,277643264,1.5
1786956124277,4.0,34250752,277643264,0.5
1786956124780,2.0,34250752,277643264,1.0
1786956125283,2.0,34250752,277643264,1.0
1786956125788,2.0,34250752,277643264,1.0
1786956126291,2.0,34250752,277643264,0.5
1786956126796,0.0,34250752,277643264,1.0
1786956127299,2.0,34250752,277643264,1.0
1786956127803,4.0,34250752,277643264,1.0
1786956128307,0.0,34250752,277643264,0.5
1786956128811,4.0,34250752,277643264,1.5
1786956129314,0.0,34250752,277643264,0.5
1786956129817,2.0,34250752,277643264,1.5
1786956130321,2.0,34250752,277643264,0.5
1786956130825,2.0,34250752,277643264,1.5
1786956131329,2.0,34250752,277643264,0.0
1786956131833,2.0,34250752,277643264,1.5
1786956132336,2.0,34250752,277643264,0.5
1786956132839,4.0,34250752,277643264,1.5
1786956133343,0.0,34250752,277643264,0.0
1786956133847,2.0,34250752,277643264,1.0
1786956134350,0.0,34250752,277643264,0.0
1786956134853,2.0,34250752,277643264,2.0
1786956135357,2.0,34250752,277643264,1.0
1786956135860,2.0,34250752,277643264,1.0
1786956136364,2.0,34250752,277643264,0.0
1786956136867,2.0,34250752,277643264,0.5
1786956137370,2.0,34250752,277643264,0.5
1786956137873,4.0,34250752,277643264,0.5
1786956138377,2.0,34250752,277643264,0.5
1786956138880,2.0,34250752,277643264,1.0
1786956139384,0.0,34250752,277643264,0.5
1786956139887,2.0,34250752,277643264,0.0
1786956140390,2.0,34250752,277643264,0.5
1786956140895,2.0,34250752,277643264,1.5
1786956141398,2.0,34250752,277643264,0.0
1786956141902,2.0,34250752,277643264,1.0
1786956142406,2.0,34250752,277643264,0.5
1786956142910,2.0,34250752,277643264,1.5
1786956143414,2.0,34250752,277643264,0.5
1786956143918,2.0,34250752,277643264,1.0
1786956144422,2.0,34250752,277643264,0.5
1786956144926,4.0,34250752,277643264,1.0
1786956145430,0.0,34250752,277643264,0.0
1786956145933,2.0,34250752,277643264,1.5
1786956146437,2.0,34250752,277643264,0.0
1786956146941,2.0,34250752,277643264,1.5
1786956147444,2.0,34250752,277643264,0.0
1786956147948,2.0,34250752,277643264,1.5
1786956148451,0.0,34250752,277643264,0.0
1786956148955,6.0,34250752,277643264,1.5
1786956149459,0.0,34250752,277643264,0.0
1786956149962,4.0,34250752,277643264,1.5
1786956150466,0.0,34250752,277643264,0.0
1786956150968,2.0,34250752,277643264,2.0
1786956151472,2.0,34250752,277643264,0.0
1786956151975,2.0,34250752,277643264,2.0
1786956152479,2.0,34250752,277643264,0.0
1786956152982,2.0,34250752,277643264,1.5
1786956153485,0.0,34250752,277643264,0.0
1786956153988,4.0,34250752,277643264,1.5
1786956154492,2.0,34250752,277643264,0.0
1786956154995,4.0,34250752,277643264,2.0
1786956155499,0.0,34250752,277643264,0.0
1786956156003,0.0,34250752,277643264,1.5
1786956156508,2.0,34250752,277643264,0.5
1786956157011,4.0,34250752,277643264,1.5
1786956157514,0.0,34250752,277643264,0.0
1786956158018,4.0,34250752,277643264,2.0
1786956158521,0.0,34250752,277643264,0.0
1786956159024,4.0,34250752,277643264,2.0
1786956159528,0.0,34250752,277643264,0.0
1786956160032,2.0,34250752,277643264,1.5
1786956160536,2.0,34250752,277643264,0.0
1786956161039,2.0,34250752,277643264,2.0
1786956161543,0.0,34250752,277643264,0.0
1786956162046,4.0,34250752,277643264,1.5
1786956162550,2.0,34250752,277643264,0.0
1786956163053,2.0,34250752,277643264,2.0
1786956163557,2.0,34250752,277643264,0.0
1786956164060,2.0,34250752,277643264,0.5
1786956164563,0.0,34250752,277643264,0.5
1786956165066,4.0,34250752,277643264,2.0
1786956165570,0.0,34250752,277643264,0.0
1786956166073,2.0,34250752,277643264,1.5
1786956166577,2.0,34250752,277643264,0.5
1786956167080,2.0,34250752,277643264,2.0
1786956167584,2.0,34250752,277643264,0.5
1786956168087,2.0,34250752,277643264,1.0
1786956168591,2.0,34250752,277643264,1.0
1786956169094,2.0,34250752,277643264,0.5
1786956169598,0.0,34250752,277643264,0.5
1786956170101,4.0,34250752,277643264,1.5
1786956170605,2.0,34250752,277643264,0.5
1786956171111,2.0,34250752,277643264,2.5
1786956171615,2.0,34250752,277643264,1.0
1786956172121,4.0,34250752,277643264,2.0
1786956172625,2.0,34250752,277643264,2.0
1786956173128,2.0,34250752,277643264,1.0
1786956173631,2.0,34250752,277643264,1.0
1786956174135,2.0,34250752,277643264,0.5
1786956174638,0.0,34250752,277643264,1.5
1786956175142,2.0,34250752,277643264,0.5
1786956175646,2.0,34250752,277643264,1.5
1786956176150,2.0,34250752,277643264,0.5
1786956176653,4.0,34250752,277643264,0.5
1786956177157,2.0,34250752,277643264,1.5
1786956177660,0.0,34250752,277643264,0.5
1786956178163,2.0,34250752,277643264,1.0
1786956178667,2.0,34250752,277643264,1.5
1786956179171,2.0,34250752,277643264,0.0
1786956179674,2.0,34250752,277643264,1.5
1786956180177,2.0,34250752,277643264,0.5
1786956180681,4.0,34250752,277643264,1.0
1786956181185,2.0,34250752,277643264,0.5
1786956181688,2.0,34250752,277643264,0.5
1786956182191,2.0,34250752,277643264,0.5
1786956182695,0.0,34250752,277643264,1.0
1786956183198,2.0,34250752,277643264,0.5
1786956183702,2.0,34250752,277643264,1.5
1786956184205,2.0,34250752,277643264,0.5
1786956184709,2.0,34250752,277643264,1.5
1786956185214,2.0,34250752,277643264,0.0
1786956185717,4.0,34250752,277643264,0.5
1786956186221,2.0,34250752,277643264,0.5
1786956186724,0.0,34250752,277643264,1.0
1786956187227,2.0,34250752,277643264,0.5
1786956187730,2.0,34250752,277643264,1.5
1786956188233,2.0,34250752,277643264,1.0
1786956188737,0.0,34250752,277643264,1.5
1786956189242,2.0,34250752,277643264,0.5
1786956189745,4.0,34250752,277643264,1.5
1786956190249,2.0,34250752,277643264,0.0
1786956190753,2.0,34250752,277643264,1.5
1786956191256,2.0,34250752,277643264,0.0
1786956191760,0.0,34250752,277643264,1.5
1786956192264,2.0,34250752,277643264,0.5
1786956192767,4.0,34250752,277643264,0.5
1786956193271,2.0,34250752,277643264,1.0
1786956193775,2.0,34250752,277643264,1.5
1786956194278,2.0,34250752,277643264,0.5
1786956194782,2.0,34250752,277643264,1.5
1786956195286,0.0,34250752,277643264,0.5
1786956195789,2.0,34250752,277643264,1.0
1786956196293,2.0,34250752,277643264,0.5
1786956196796,2.0,34250752,277643264,1.0
1786956197300,2.0,34250752,277643264,1.5
1786956197804,2.0,34250752,277643264,0.5
1786956198307,0.0,34250752,277643264,1.5
1786956198811,4.0,34250752,277643264,0.5
1786956199315,2.0,34250752,277643264,0.5
1786956199818,2.0,34250752,277643264,0.5
1786956200322,0.0,34250752,277643264,0.5
1786956200826,2.0,34250752,277643264,2.0
1786956201330,2.0,34250752,277643264,0.5
1786956201834,4.0,34250752,277643264,1.0
1786956202337,0.0,34250752,277643264,0.5
1786956202840,2.0,34250752,277643264,0.5
1786956203343,0.0,34250752,277643264,0.0
1786956203847,2.0,34250752,277643264,2.0
1786956204353,4.0,34250752,277643264,0.0
1786956204856,2.0,34250752,277643264,0.5
1786956205360,0.0,34250752,277643264,0.5
1786956205863,2.0,34250752,277643264,1.5
1786956206366,2.0,34250752,277643264,0.0
1786956206870,2.0,34250752,277643264,1.0
1786956207373,2.0,34250752,277643264,0.0
1786956207876,2.0,34250752,277643264,1.5
1786956208379,2.0,34250752,277643264,0.5
1786956208884,2.0,34250752,277643264,0.5
1786956209387,0.0,34250752,277643264,1.5
1786956209890,2.0,34250752,277643264,0.5
1786956210393,2.0,34250752,277643264,0.5
1786956210897,2.0,34250752,277643264,1.0
1786956211400,2.0,34250752,277643264,0.0
1786956211903,2.0,34250752,277643264,1.0
1786956212406,2.0,34250752,277643264,0.5
1786956212911,2.0,34250752,277643264,2.0
1786956213414,2.0,34250752,277643264,0.0
1786956213918,2.0,34250752,277643264,1.0
1786956214421,0.0,34250752,277643264,0.5
1786956214924,2.0,34250752,277643264,1.0
1786956215427,0.0,34250752,277643264,1.5
1786956215930,2.0,34250752,277643264,1.0
1786956216434,4.0,34250752,277643264,0.5
1786956216939,0.0,34250752,277643264,1.0
1786956217442,2.0,34250752,277643264,0.5
1786956217945,2.0,34250752,277643264,1.0
1786956218448,4.0,34250752,277643264,0.5
1786956218951,2.0,34250752,277643264,1.0
1786956219458,0.0,34254848,277643264,0.5
1786956219961,4.0,34254848,277643264,1.5
1786956220465,0.0,34254848,277643264,0.0
1786956220969,2.0,34254848,277643264,2.0
1786956221472,2.0,34254848,277643264,0.0
1786956221975,2.0,34254848,277643264,1.0
1786956222479,0.0,34254848,277643264,0.5
1786956222982,2.0,34254848,277643264,1.0
1786956223486,2.0,34254848,277643264,0.0
1786956223989,2.0,34254848,277643264,1.0
1786956224493,0.0,34254848,277643264,0.0
1786956224996,4.0,34254848,277643264,1.5
1786956225499,0.0,34254848,277643264,0.0
1786956226002,4.0,34254848,277643264,1.0
1786956226506,0.0,34254848,277643264,0.5
1786956227009,4.0,34254848,277643264,1.0
1786956227513,2.0,34254848,277643264,0.5
1786956228018,2.0,34254848,277643264,2.0
1786956228521,0.0,34254848,277643264,0.5
1786956229024,2.0,34254848,277643264,1.5
1786956229528,2.0,34254848,277643264,0.5
1786956230031,2.0,34254848,277643264,1.5
1786956230534,2.0,34254848,277643264,0.0
1786956231038,2.0,34254848,277643264,3.0
1786956231543,0.0,34254848,277643264,0.0
1786956232046,4.0,34254848,277643264,2.0
1786956232550,0.0,34254848,277643264,0.0
1786956233053,2.0,34254848,277643264,1.5
1786956233557,2.0,34254848,277643264,0.5
1786956234060,2.0,34254848,277643264,0.5
1786956234564,0.0,34254848,277643264,0.5
1786956235067,4.0,34254848,277643264,1.0
1786956235571,0.0,34254848,277643264,0.0
1786956236074,4.0,34254848,277643264,1.5
1786956236578,0.0,34254848,277643264,0.5
1786956237082,2.0,34254848,277643264,1.5
1786956237585,2.0,34254848,277643264,0.5
1786956238090,2.0,34254848,277643264,1.0
1786956238594,2.0,34254848,277643264,0.5
1786956239098,2.0,34254848,277643264,1.0
1786956239602,0.0,34254848,277643264,0.5
1786956240106,4.0,34254848,277643264,1.5
1786956240610,2.0,34254848,277643264,0.5
1786956241115,2.0,34254848,277643264,1.0
1786956241619,0.0,34254848,277643264,1.5
1786956242124,4.0,34254848,277643264,0.5
1786956242629,0.0,34254848,277643264,0.0
1786956243132,4.0,34254848,277643264,1.0
1786956243636,2.0,34254848,277643264,0.5
1786956244140,2.0,34254848,277643264,1.0
1786956244643,0.0,34254848,277643264,0.5
1786956245147,4.0,34254848,277643264,0.5
1786956245651,0.0,34254848,277643264,1.0
1786956246154,2.0,34254848,277643264,0.5
1786956246658,2.0,34254848,277643264,1.0
1786956247164,4.0,34254848,277643264,0.5
1786956247668,0.0,34254848,277643264,0.5
1786956248171,2.0,34254848,277643264,0.5
1786956248676,0.0,34254848,277643264,1.5
1786956249179,2.0,34254848,277643264,1.0
1786956249683,2.0,34254848,277643264,1.0
1786956250187,4.0,34254848,277643264,0.0
1786956250691,0.0,34254848,277643264,1.5
1786956251194,2.0,34254848,277643264,0.5
1786956251697,2.0,34254848,277643264,0.5
1786956252201,2.0,34254848,277643264,0.0
1786956252704,0.0,34254848,277643264,1.5
1786956253207,4.0,34254848,277643264,0.5
1786956253711,0.0,34254848,277643264,1.5
1786956254215,4.0,34254848,277643264,0.0
1786956254718,2.0,34254848,277643264,1.5
1786956255222,2.0,34254848,277643264,1.5
1786956255725,0.0,34254848,277643264,0.5
1786956256228,2.0,34254848,277643264,1.0
1786956256731,2.0,34254848,277643264,1.0
1786956257234,2.0,34254848,277643264,0.5
1786956257737,2.0,34254848,277643264,1.0
1786956258241,2.0,34254848,277643264,1.0
1786956258745,2.0,34254848,277643264,0.5
1786956259249,2.0,34254848,277643264,1.0
1786956259753,0.0,34254848,277643264,0.5
1786956260256,2.0,34254848,277643264,0.5
1786956260759,4.0,34254848,277643264,1.5
1786956261263,2.0,34254848,277643264,0.5
1786956261766,0.0,34254848,277643264,0.5
1786956262270,2.0,34254848,277643264,1.0
1786956262774,2.0,34254848,277643264,1.0
1786956263277,2.0,34254848,277643264,0.5
1786956263781,2.0,34254848,277643264,0.5
1786956264285,2.0,34254848,277643264,1.0
1786956264789,0.0,34254848,277643264,1.0
1786956265292,2.0,34254848,277643264,0.0
1786956265796,2.0,34254848,277643264,1.0
1786956266299,2.0,34254848,277643264,0.0
1786956266803,2.0,34254848,277643264,1.5
1786956267307,2.0,34254848,277643264,0.5
1786956267811,2.0,34254848,277643264,1.0
1786956268315,2.0,34254848,277643264,1.0
1786956268820,2.0,34254848,277643264,1.0
1786956269323,0.0,34254848,277643264,1.0
1786956269827,2.0,34254848,277643264,0.5
1786956270331,4.0,34254848,277643264,0.0
1786956270836,2.0,34254848,277643264,1.0
1786956271339,0.0,34254848,277643264,1.0
1786956271843,2.0,34254848,277643264,1.0
1786956272346,2.0,34254848,277643264,0.0
1786956272850,2.0,34254848,277643264,0.5
1786956273354,2.0,34254848,277643264,0.5
1786956273857,0.0,34254848,277643264,1.5
1786956274360,2.0,34254848,277643264,0.5
1786956274863,2.0,34254848,277643264,1.0
1786956275366,2.0,34254848,277643264,0.5
1786956275870,4.0,34254848,277643264,1.0
1786956276373,0.0,34254848,277643264,0.5
1786956276877,2.0,34254848,277643264,1.5
1786956277380,2.0,34254848,277643264,0.0
1786956277883,2.0,34254848,277643264,1.5
1786956278387,2.0,34254848,277643264,0.5
1786956278891,2.0,34254848,277643264,1.5
1786956279395,2.0,34254848,277643264,0.5
1786956279898,2.0,34254848,277643264,1.0
1786956280402,0.0,34254848,277643264,0.5
1786956280906,2.0,34254848,277643264,0.5
1786956281409,2.0,34254848,277643264,1.0
1786956281912,2.0,34254848,277643264,1.5
1786956282417,2.0,34254848,277643264,0.0
1786956282921,2.0,34254848,277643264,1.0
1786956283424,2.0,34254848,277643264,1.0
1786956283927,2.0,34254848,277643264,1.5
1786956284431,2.0,34254848,277643264,0.5
1786956284935,2.0,34254848,277643264,1.0
1786956285439,0.0,34254848,277643264,0.5
1786956285942,4.0,34254848,277643264,1.5
1786956286446,0.0,34254848,277643264,1.0
1786956286949,4.0,34254848,277643264,1.5
1786956287453,2.0,34254848,277643264,0.5
1786956287957,2.0,34254848,277643264,1.5
1786956288461,0.0,34254848,277643264,0.5
1786956288964,2.0,34254848,277643264,1.0
1786956289468,2.0,34254848,277643264,0.0
1786956289971,2.0,34254848,277643264,1.5
1786956290474,0.0,34254848,277643264,0.5
1786956290978,2.0,34254848,277643264,2.0
1786956291482,2.0,34254848,277643264,0.0
1786956291985,4.0,34254848,277643264,1.5
1786956292489,0.0,34254848,277643264,1.0
1786956292994,2.0,34254848,277643264,1.0
1786956293498,0.0,34254848,277643264,0.0
1786956294001,4.0,34254848,277643264,1.5
1786956294506,2.0,34254848,277643264,0.5
1786956295009,2.0,34254848,277643264,2.0
1786956295513,0.0,34254848,277643264,0.0
1786956296017,4.0,34254848,277643264,1.5
1786956296520,0.0,34254848,277643264,0.0
1786956297024,4.0,34254848,277643264,2.0
1786956297527,0.0,34254848,277643264,0.0
1786956298030,2.0,34254848,277643264,1.0
1786956298534,2.0,34254848,277643264,0.5
1786956299038,2.0,34254848,277643264,1.5
1786956299541,2.0,34254848,277643264,0.0
1786956300045,2.0,34254848,277643264,1.5
1786956300548,0.0,34254848,277643264,0.0
1786956301052,4.0,34254848,277643264,0.5
1786956301556,0.0,34254848,277643264,0.5
1786956302059,2.0,34254848,277643264,1.5
1786956302562,2.0,34254848,277643264,0.5
1786956303066,2.0,34254848,277643264,1.5
1786956303570,0.0,34254848,277643264,0.0
1786956304072,4.0,34254848,277643264,1.5
1786956304575,0.0,34254848,277643264,0.5
1786956305079,2.0,34254848,277643264,1.5
1786956305582,2.0,34254848,277643264,0.0
1786956306086,4.0,34254848,277643264,1.5
1786956306590,0.0,34254848,277643264,0.5
1786956307093,2.0,34254848,277643264,1.0
1786956307597,0.0,34254848,277643264,1.0
1786956308101,4.0,34254848,277643264,1.5
1786956308604,0.0,34254848,277643264,1.5
1786956309109,4.0,34254848,277643264,1.0
1786956309612,0.0,34254848,277643264,1.5
1786956310117,4.0,34254848,277643264,1.0
1786956310621,0.0,34254848,277643264,0.5
1786956311127,5.9,34254848,277643264,1.0
1786956311631,0.0,34254848,277643264,1.0
1786956312134,2.0,34254848,277643264,1.0
1786956312638,0.0,34254848,277643264,0.5
1786956313141,4.0,34254848,277643264,1.0
1786956313644,0.0,34254848,277643264,1.0
1786956314149,2.0,34254848,277643264,1.0
1786956314653,0.0,34254848,277643264,0.5
1786956315157,4.0,34254848,277643264,1.0
1786956315660,2.0,34254848,277643264,0.5
1786956316164,2.0,34254848,277643264,0.5
1786956316667,0.0,34254848,277643264,0.5
1786956317170,4.0,34254848,277643264,1.0
1786956317673,0.0,34254848,277643264,0.5
1786956318176,4.0,34254848,277643264,0.5
1786956318680,0.0,34254848,277643264,0.5
1786956319183,4.0,34254848,277643264,1.5
1786956319688,0.0,34254848,277643264,0.5
1786956320194,2.0,34254848,277643264,0.5
1786956320698,2.0,34254848,277643264,1.5
1786956321201,2.0,34254848,277643264,0.5
1786956321704,0.0,34254848,277643264,1.0
1786956322207,4.0,34254848,277643264,0.5
1786956322711,0.0,34254848,277643264,1.0
1786956323214,4.0,34254848,277643264,0.0
1786956323718,0.0,34254848,277643264,1.5
1786956324221,2.0,34254848,277643264,0.5
1786956324724,2.0,34254848,277643264,1.0
1786956325228,2.0,34254848,277643264,0.5
1786956325731,2.0,34254848,277643264,1.0
1786956326235,2.0,34254848,277643264,0.5
1786956326738,2.0,34254848,277643264,1.5
1786956327241,2.0,34254848,277643264,0.5
1786956327745,0.0,34254848,277643264,1.0
1786956328249,4.0,34254848,277643264,1.0
1786956328752,0.0,34254848,277643264,1.5
1786956329256,2.0,34254848,277643264,0.5
1786956329760,4.0,34254848,277643264,0.5
1786956330263,0.0,34254848,277643264,0.5
1786956330767,2.0,34254848,277643264,1.5
1786956331270,2.0,34254848,277643264,0.0
1786956331773,2.0,34254848,277643264,1.5
1786956332277,2.0,34254848,277643264,0.5
1786956332780,2.0,34254848,277643264,1.5
1786956333283,2.0,34254848,277643264,0.5
1786956333786,0.0,34254848,277643264,2.0
1786956334290,2.0,34254848,277643264,1.0
1786956334793,4.0,34254848,277643264,0.5
1786956335296,0.0,34254848,277643264,1.0
1786956335800,4.0,34254848,277643264,1.0
1786956336303,2.0,34254848,277643264,0.5
1786956336806,0.0,34254848,277643264,0.5
1786956337310,2.0,34254848,277643264,0.5
1786956337814,2.0,34254848,277643264,1.0
1786956338317,2.0,34254848,277643264,0.5
1786956338821,2.0,34254848,277643264,1.0
1786956339326,2.0,34254848,277643264,0.5
1786956339829,0.0,34254848,277643264,1.0
1786956340332,2.0,34254848,277643264,0.0
1786956340836,4.0,34254848,277643264,1.0
1786956341339,2.0,34254848,277643264,1.0
1786956341842,0.0,34254848,277643264,0.5
1786956342346,2.0,34254848,277643264,1.0
1786956342850,0.0,34254848,277643264,0.5
1786956343353,2.0,34254848,277643264,1.0
1786956343857,4.0,34254848,277643264,1.0
1786956344360,2.0,34254848,277643264,0.5
1786956344863,2.0,34254848,277643264,0.5
1786956345368,2.0,34254848,277643264,0.5
1786956345872,0.0,34254848,277643264,1.0
1786956346375,2.0,34254848,277643264,0.5
1786956346879,2.0,34254848,277643264,1.5
1786956347383,2.0,34254848,277643264,0.5
1786956347886,2.0,34254848,277643264,1.0
1786956348389,2.0,34254848,277643264,1.0
1786956348893,2.0,34254848,277643264,0.5
1786956349397,0.0,34254848,277643264,0.5
1786956349900,2.0,34254848,277643264,1.5
1786956350404,2.0,34254848,277643264,0.0
1786956350909,2.0,34254848,277643264,1.5
1786956351413,2.0,34254848,277643264,0.0
1786956351917,2.0,34254848,277643264,1.5
1786956352421,0.0,34254848,277643264,0.5
1786956352924,4.0,34254848,277643264,1.0
1786956353428,2.0,34254848,277643264,0.0
1786956353931,2.0,34254848,277643264,1.0
1786956354435,0.0,34254848,277643264,1.0
1786956354938,4.0,34254848,277643264,0.5
1786956355442,2.0,34254848,277643264,0.5
1786956355946,0.0,34254848,277643264,1.5
1786956356450,2.0,34254848,277643264,0.5
1786956356954,2.0,34254848,277643264,1.0
1786956357458,2.0,34254848,277643264,0.5
1786956357962,0.0,34254848,277643264,0.5
1786956358465,4.0,34254848,277643264,0.5
1786956358968,2.0,34254848,277643264,1.0
1786956359471,2.0,34254848,277643264,0.5
1786956359974,0.0,34254848,277643264,1.0
1786956360478,2.0,34254848,277643264,0.5
1786956360982,2.0,34254848,277643264,1.5
1786956361485,2.0,34254848,277643264,0.0
1786956361988,2.0,34254848,277643264,1.0
1786956362491,2.0,34254848,277643264,1.0
1786956362995,2.0,34254848,277643264,1.0
1786956363499,0.0,34254848,277643264,0.5
1786956364002,2.0,34254848,277643264,1.5
1786956364506,2.0,34254848,277643264,0.0
1786956365009,2.0,34254848,277643264,1.5
1786956365513,2.0,34254848,277643264,0.0
1786956366016,2.0,34254848,277643264,1.0
1786956366520,2.0,34254848,277643264,1.0
1786956367024,2.0,34254848,277643264,1.0
1786956367527,2.0,34254848,277643264,1.0
1786956368030,2.0,34254848,277643264,0.5
1786956368534,0.0,34254848,277643264,0.5
1786956369037,2.0,34254848,277643264,1.5
1786956369540,2.0,34254848,277643264,0.5
1786956370044,2.0,34254848,277643264,1.0
1786956370547,0.0,34254848,277643264,0.5
1786956371051,4.0,34254848,277643264,1.5
1786956371555,0.0,34254848,277643264,0.0
1786956372058,4.0,34254848,277643264,0.5
1786956372562,0.0,34254848,277643264,0.5
1786956373065,4.0,34254848,277643264,1.5
1786956373570,0.0,34254848,277643264,0.5
1786956374073,4.0,34254848,277643264,1.5
1786956374577,0.0,34254848,277643264,0.0
1786956375080,2.0,34254848,277643264,1.5
1786956375584,2.0,34254848,277643264,1.0
1786956376087,2.0,34254848,277643264,1.5
1786956376591,2.0,34254848,277643264,0.0
1786956377095,2.0,34254848,277643264,2.0
1786956377598,0.0,34254848,277643264,0.5
1786956378102,4.0,34254848,277643264,1.0
1786956378606,0.0,34254848,277643264,1.5
1786956379111,2.0,34254848,277643264,1.5
1786956379615,2.0,34254848,277643264,0.5
1786956380120,2.0,34254848,277643264,1.5
1786956380624,2.0,34254848,277643264,0.5
1786956381128,2.0,34254848,277643264,1.5
1786956381632,0.0,34254848,277643264,0.5
1786956382135,4.0,34254848,277643264,1.0
1786956382639,0.0,34254848,277643264,1.5
1786956383142,4.0,34254848,277643264,0.5
1786956383646,2.0,34254848,277643264,0.5
1786956384150,2.0,34254848,277643264,1.0
1786956384654,0.0,34254848,277643264,0.5
1786956385158,4.0,34254848,277643264,1.0
1786956385662,0.0,34254848,277643264,0.5
1786956386166,2.0,34254848,277643264,1.0
1786956386670,2.0,34254848,277643264,1.0
1786956387173,2.0,34254848,277643264,1.5
1786956387677,0.0,34254848,277643264,0.5
1786956388181,2.0,34254848,277643264,1.5
1786956388684,2.0,34254848,277643264,0.0
1786956389189,4.0,34254848,277643264,0.5
1786956389693,0.0,34254848,277643264,1.0
1786956390197,4.0,34254848,277643264,1.0
1786956390701,0.0,34254848,277643264,0.5
1786956391204,4.0,34254848,277643264,0.5
1786956391708,0.0,34254848,277643264,0.5
1786956392211,2.0,34254848,277643264,1.0
1786956392714,2.0,34254848,277643264,1.0
1786956393218,2.0,34254848,277643264,0.5
1786956393722,0.0,34254848,277643264,0.5
1786956394225,4.0,34254848,277643264,0.5
1786956394728,0.0,34254848,277643264,0.5
1786956395231,2.0,34254848,277643264,0.5
1786956395736,2.0,34254848,277643264,1.0
1786956396241,2.0,34254848,277643264,0.5
1786956396744,2.0,34254848,277643264,0.5
1786956397247,0.0,34254848,277643264,0.5
1786956397750,2.0,34254848,277643264,0.5
1786956398255,2.0,34254848,277643264,1.0
1786956398758,2.0,34254848,277643264,0.5
1786956399261,2.0,34254848,277643264,0.5
1786956399765,0.0,34254848,277643264,1.0
1786956400269,4.0,34254848,277643264,1.0
1786956400772,0.0,34254848,277643264,1.0
1786956401275,4.0,34254848,277643264,0.5
1786956401777,0.0,34254848,277643264,1.0
1786956402281,2.0,34254848,277643264,0.5
1786956402784,2.0,34254848,277643264,1.0
1786956403287,2.0,34254848,277643264,0.0
1786956403790,0.0,34254848,277643264,0.5
1786956404294,2.0,34254848,277643264,0.5
1786956404797,4.0,34254848,277643264,1.0
1786956405300,2.0,34254848,277643264,1.0
1786956405804,2.0,34254848,277643264,0.5
1786956406308,2.0,34254848,277643264,1.0
1786956406811,0.0,34254848,277643264,1.0
1786956407315,2.0,34254848,277643264,0.5
1786956407818,2.0,34254848,277643264,0.5
1786956408322,2.0,34254848,277643264,0.5
1786956408825,0.0,34254848,277643264,0.5
1786956409328,2.0,34254848,277643264,0.5
1786956409831,2.0,34254848,277643264,1.0
1786956410334,2.0,34254848,277643264,0.5
1786956410838,2.0,34254848,277643264,1.0
1786956411341,2.0,34254848,277643264,0.5
1786956411845,0.0,34254848,277643264,0.5
1786956412348,2.0,34254848,277643264,0.5
1786956412851,4.0,34254848,277643264,1.0
1786956413354,2.0,34254848,277643264,0.0
1786956413858,0.0,34254848,277643264,1.0
1786956414362,4.0,34254848,277643264,1.0
1786956414865,0.0,34254848,277643264,1.0
1786956415369,2.0,34254848,277643264,0.0
1786956415873,2.0,34254848,277643264,0.5
1786956416376,2.0,34254848,277643264,1.0
1786956416880,0.0,34254848,277643264,0.5
1786956417383,2.0,34254848,277643264,0.5
1786956417887,2.0,34254848,277643264,0.5
1786956418390,4.0,34254848,277643264,1.0
1786956418893,0.0,34254848,277643264,0.5
1786956419398,2.0,34254848,277643264,1.0
1786956419901,2.0,34254848,277643264,0.5
1786956420403,2.0,34254848,277643264,1.5
1786956420907,2.0,34254848,277643264,1.0
1786956421411,2.0,34254848,277643264,0.5
1786956421914,0.0,34254848,277643264,0.5
1786956422421,3.9,34254848,277643264,1.5
1786956422925,0.0,34254848,277643264,1.0
1786956423428,2.0,34254848,277643264,0.5
1786956423930,2.0,34254848,277643264,1.0
1786956424434,2.0,34254848,277643264,0.0
1786956424938,2.0,34254848,277643264,1.5
1786956425442,0.0,34254848,277643264,0.5
1786956425945,2.0,34254848,277643264,0.5
1786956426449,2.0,34254848,277643264,0.5
1786956426952,2.0,34254848,277643264,0.5
1786956427456,2.0,34254848,277643264,0.5
1786956427959,2.0,34254848,277643264,1.0
1786956428464,0.0,34254848,277643264,0.0
1786956428967,4.0,34254848,277643264,1.0
1786956429471,2.0,34254848,277643264,0.0
1786956429973,2.0,34254848,277643264,1.5
1786956430478,2.0,34254848,277643264,0.5
1786956430980,2.0,34254848,277643264,0.5
1786956431484,0.0,34254848,277643264,0.5
1786956431987,2.0,34254848,277643264,1.0
1786956432490,2.0,34254848,277643264,0.5
1786956432994,2.0,34254848,277643264,1.0
1786956433497,0.0,34254848,277643264,0.5
1786956434002,2.0,34254848,277643264,1.0
1786956434505,4.0,34254848,277643264,0.5
1786956435008,2.0,34254848,277643264,1.5
1786956435512,2.0,34254848,277643264,0.5
1786956436015,2.0,34254848,277643264,1.0
1786956436518,0.0,34254848,277643264,1.0
1786956437022,2.0,34254848,277643264,0.5
1786956437525,2.0,34254848,277643264,0.5
1786956438029,2.0,34254848,277643264,1.0
1786956438532,2.0,34254848,277643264,0.0
1786956439035,2.0,34254848,277643264,1.0
1786956439539,2.0,34254848,277643264,0.0
1786956440042,2.0,34254848,277643264,2.5
1786956440548,2.0,34254848,277643264,1.0
1786956441052,2.0,34254848,277643264,1.5
1786956441555,0.0,34254848,277643264,0.5
1786956442058,2.0,34254848,277643264,0.5
1786956442562,2.0,34254848,277643264,0.5
1786956443066,2.0,34254848,277643264,0.5
1786956443570,2.0,34254848,277643264,1.0
1786956444073,2.0,34254848,277643264,0.5
1786956444577,2.0,34254848,277643264,1.0
1786956445080,2.0,34254848,277643264,0.5
1786956445584,0.0,34254848,277643264,0.0
1786956446088,4.0,34254848,277643264,1.5
1786956446591,0.0,34254848,277643264,0.5
1786956447096,4.0,34254848,277643264,2.0
1786956447600,0.0,34254848,277643264,0.5
1786956448104,2.0,34254848,277643264,1.5
1786956448608,2.0,34254848,277643264,0.5
1786956449113,2.0,34254848,277643264,1.0
1786956449617,2.0,34254848,277643264,0.5
1786956450122,4.0,34254848,277643264,1.5
1786956450626,0.0,34254848,277643264,0.5
1786956451129,2.0,34254848,277643264,1.5
1786956451633,0.0,34254848,277643264,0.0
1786956452136,4.0,34254848,277643264,0.5
1786956452640,0.0,34254848,277643264,0.5
1786956453144,4.0,34254848,277643264,1.5
1786956453648,0.0,34254848,277643264,0.5
1786956454151,4.0,34254848,277643264,1.0
1786956454656,0.0,34254848,277643264,0.5
1786956455160,2.0,34254848,277643264,1.0
1786956455663,2.0,34254848,277643264,0.5
1786956456166,2.0,34254848,277643264,0.5
1786956456670,2.0,34254848,277643264,0.5
1786956457173,2.0,34254848,277643264,0.5
1786956457678,0.0,34254848,277643264,1.0
1786956458181,4.0,34254848,277643264,1.0
1786956458685,0.0,34254848,277643264,1.0
1786956459188,2.0,34254848,277643264,0.5
1786956459692,2.0,34254848,277643264,1.0
1786956460195,4.0,34254848,277643264,1.5
1786956460699,0.0,34254848,277643264,0.0
1786956461202,2.0,34254848,277643264,0.5
1786956461706,2.0,34254848,277643264,1.0
1786956462209,2.0,34254848,277643264,0.5
1786956462713,0.0,34254848,277643264,0.5
1786956463216,4.0,34254848,277643264,1.5
1786956463720,0.0,34254848,277643264,0.5
1786956464224,2.0,34254848,277643264,0.5
1786956464728,0.0,34254848,277643264,0.0
1786956465231,4.0,34254848,277643264,2.0
1786956465735,2.0,34254848,277643264,0.5
1786956466238,2.0,34254848,277643264,0.0
1786956466742,0.0,34254848,277643264,0.5
1786956467246,4.0,34254848,277643264,1.5
1786956467750,0.0,34254848,277643264,1.0
1786956468253,2.0,34254848,277643264,1.0
1786956468757,0.0,34254848,277643264,0.5
1786956469260,2.0,34254848,277643264,1.0
1786956469764,2.0,34254848,277643264,0.5
1786956470267,2.0,34254848,277643264,1.0
1786956470770,2.0,34254848,277643264,1.5
1786956471274,2.0,34254848,277643264,0.5
1786956471778,2.0,34254848,277643264,2.0
1786956472281,2.0,34254848,277643264,0.0
1786956472785,2.0,34254848,277643264,0.5
1786956473289,2.0,34254848,277643264,0.5
1786956473793,2.0,34254848,277643264,1.0
1786956474298,2.0,34254848,277643264,0.5
1786956474801,0.0,34254848,277643264,0.5
1786956475304,2.0,34254848,277643264,1.5
1786956475808,0.0,34254848,277643264,0.0
1786956476312,4.0,34254848,277643264,1.5
1786956476815,2.0,34254848,277643264,1.0
1786956477320,2.0,34254848,277643264,0.5
1786956477824,2.0,34254848,277643264,0.5
1786956478327,2.0,34254848,277643264,1.0
1786956478830,0.0,34254848,277643264,0.5
1786956479334,2.0,34254848,277643264,1.0
1786956479837,4.0,34254848,277643264,1.0
1786956480341,2.0,34254848,277643264,1.0
1786956480845,0.0,34254848,277643264,1.0
1786956481349,2.0,34254848,277643264,1.0
1786956481852,2.0,34254848,277643264,0.5
1786956482356,2.0,34254848,277643264,1.0
1786956482859,2.0,34254848,277643264,1.5
1786956483363,2.0,34254848,277643264,0.0
1786956483866,0.0,34254848,277643264,1.0
1786956484369,2.0,34254848,277643264,0.5
1786956484873,2.0,34254848,277643264,1.0
1786956485377,4.0,34254848,277643264,1.0
1786956485880,0.0,34254848,277643264,1.5
1786956486384,2.0,34254848,277643264,0.0
1786956486887,2.0,34254848,277643264,1.0
1786956487391,2.0,34254848,277643264,1.5
1786956487895,2.0,34254848,277643264,0.0
1786956488399,0.0,34254848,277643264,0.5
1786956488902,4.0,34254848,277643264,1.0
1786956489406,0.0,34254848,277643264,1.0
1786956489910,2.0,34254848,277643264,1.0
1786956490414,2.0,34254848,277643264,1.0
1786956490917,2.0,34254848,277643264,0.5
1786956491421,2.0,34254848,277643264,0.5
1786956491924,2.0,34254848,277643264,1.0
1786956492428,2.0,34254848,277643264,0.0
1786956492931,2.0,34254848,277643264,1.0
1786956493435,0.0,34254848,277643264,0.5
1786956493938,2.0,34254848,277643264,0.5
1786956494444,2.0,34254848,277643264,1.0
1786956494947,2.0,34254848,277643264,1.0
1786956495451,4.0,34254848,277643264,0.5
1786956495955,0.0,34254848,277643264,1.5
1786956496462,2.0,34254848,277643264,1.0
1786956496964,2.0,34254848,277643264,1.0
1786956497468,2.0,34254848,277643264,0.0
1786956497971,2.0,34254848,277643264,1.0
1786956498475,0.0,34254848,277643264,0.5
1786956498978,4.0,34254848,277643264,1.0
1786956499481,0.0,34254848,277643264,1.0
1786956499984,2.0,34254848,277643264,1.0
1786956500488,2.0,34254848,277643264,0.5
1786956500991,2.0,34254848,277643264,1.0
1786956501494,2.0,34254848,277643264,0.0
1786956501997,2.0,34254848,277643264,0.5
1786956502501,0.0,34254848,277643264,0.5
1786956503004,2.0,34254848,277643264,1.5
1786956503507,2.0,34254848,277643264,0.5
1786956504010,2.0,34254848,277643264,0.5
1786956504513,2.0,34254848,277643264,0.5
1786956505017,2.0,34254848,277643264,1.0
1786956505520,2.0,34254848,277643264,0.5
1786956506023,2.0,34254848,277643264,1.0
1786956506527,2.0,34254848,277643264,0.0
1786956507030,2.0,34254848,277643264,1.5
1786956507533,2.0,34254848,277643264,0.0
1786956508036,0.0,34254848,277643264,1.0
1786956508540,2.0,34254848,277643264,0.5
1786956509043,4.0,34254848,277643264,1.0
1786956509546,0.0,34254848,277643264,0.5
1786956510050,2.0,34254848,277643264,1.5
1786956510554,2.0,34254848,277643264,1.0
1786956511057,2.0,34254848,277643264,1.5
1786956511561,2.0,34254848,277643264,0.0
1786956512064,2.0,34254848,277643264,1.0
1786956512567,0.0,34254848,277643264,0.5
1786956513070,2.0,34254848,277643264,1.0
1786956513574,2.0,34254848,277643264,0.5
1786956514077,2.0,34254848,277643264,1.5
1786956514581,2.0,34254848,277643264,0.5
1786956515084,2.0,34254848,277643264,1.5
1786956515587,2.0,34254848,277643264,0.0
1786956516091,2.0,34254848,277643264,2.0
1786956516595,2.0,34254848,277643264,0.0
1786956517100,2.0,34254848,277643264,2.0
1786956517606,0.0,34254848,277643264,0.5
1786956518112,4.0,34254848,277643264,1.0
1786956518616,0.0,34254848,277643264,1.0
1786956519121,4.0,34254848,277643264,1.5
1786956519625,2.0,34254848,277643264,0.5
1786956520129,2.0,34254848,277643264,0.5
1786956520633,2.0,34254848,277643264,1.5
1786956521136,2.0,34254848,277643264,0.5
1786956521640,0.0,34254848,277643264,0.5
1786956522142,4.0,34254848,277643264,1.0
1786956522646,0.0,34254848,277643264,0.0
1786956523149,2.0,34254848,277643264,1.5
1786956523653,2.0,34254848,277643264,0.0
1786956524157,2.0,34254848,277643264,1.0
1786956524661,0.0,34254848,277643264,0.5
1786956525164,2.0,34254848,277643264,1.0
1786956525668,2.0,34254848,277643264,0.5
1786956526171,2.0,34254848,277643264,1.0
1786956526676,2.0,34254848,277643264,0.5
1786956527180,2.0,34254848,277643264,0.5
1786956527684,2.0,34254848,277643264,0.0
1786956528188,2.0,34254848,277643264,1.0
1786956528691,0.0,34254848,277643264,1.0
1786956529195,4.0,34254848,277643264,1.0
1786956529698,0.0,34254848,277643264,0.0
1786956530202,2.0,34254848,277643264,1.0
1786956530706,2.0,34254848,277643264,1.0
1786956531209,2.0,34254848,277643264,1.0
1786956531713,2.0,34254848,277643264,1.0
1786956532218,2.0,34254848,277643264,1.0
1786956532722,0.0,34254848,277643264,0.5
1786956533226,4.0,34254848,277643264,1.0
1786956533731,0.0,34254848,277643264,1.0
1786956534234,2.0,34254848,277643264,0.5
1786956534738,0.0,34254848,277643264,1.0
1786956535241,4.0,34254848,277643264,0.5
1786956535745,0.0,34254848,277643264,1.0
1786956536248,4.0,34254848,277643264,0.0
1786956536752,2.0,34254848,277643264,1.0
1786956537256,2.0,34254848,277643264,1.0
1786956537760,2.0,34254848,277643264,0.5
1786956538263,2.0,34254848,277643264,1.0
1786956538767,0.0,34254848,277643264,1.0
1786956539270,2.0,34254848,277643264,0.5
1786956539775,0.0,34254848,277643264,1.5
1786956540279,4.0,34254848,277643264,1.0
1786956540782,0.0,34254848,277643264,1.0
1786956541287,4.0,34254848,277643264,0.5
1786956541790,0.0,34254848,277643264,1.0
1786956542294,4.0,34254848,277643264,1.0
1786956542798,0.0,34254848,277643264,1.0
1786956543301,4.0,34254848,277643264,0.5
1786956543805,0.0,34254848,277643264,0.5
1786956544308,4.0,34254848,277643264,1.0
1786956544812,0.0,34254848,277643264,1.0
1786956545315,2.0,34254848,277643264,1.5
1786956545818,2.0,34254848,277643264,0.5
1786956546322,2.0,34254848,277643264,0.5
1786956546826,2.0,34254848,277643264,1.0
1786956547329,2.0,34254848,277643264,1.0
1786956547833,2.0,34254848,277643264,1.0
1786956548336,2.0,34254848,277643264,0.5
1786956548839,0.0,34254848,277643264,1.0
1786956549343,2.0,34254848,277643264,1.0
1786956549846,2.0,34254848,277643264,0.5
1786956550350,2.0,34254848,277643264,0.5
1786956550854,2.0,34254848,277643264,1.0
1786956551358,2.0,34254848,277643264,1.0
1786956551862,2.0,34254848,277643264,0.5
1786956552365,2.0,34254848,277643264,1.0
1786956552869,2.0,34254848,277643264,1.0
1786956553372,2.0,34254848,277643264,0.5
1786956553875,0.0,34254848,277643264,1.0
1786956554378,4.0,34254848,277643264,0.0
1786956554882,0.0,34254848,277643264,1.0
1786956555386,2.0,34254848,277643264,0.5
1786956555889,2.0,34254848,277643264,1.0
1786956556392,2.0,34254848,277643264,0.0
1786956556896,2.0,34254848,277643264,1.0
1786956557400,2.0,34254848,277643264,0.5
1786956557903,0.0,34254848,277643264,0.5
1786956558406,2.0,34254848,277643264,0.5
1786956558909,2.0,34254848,277643264,1.0
1786956559413,2.0,34254848,277643264,0.5
1786956559916,2.0,34254848,277643264,1.0
1786956560420,2.0,34254848,277643264,0.5
1786956560924,2.0,34254848,277643264,0.5
1786956561427,0.0,34254848,277643264,1.0
1786956561931,2.0,34254848,277643264,1.0
1786956562434,2.0,34254848,277643264,1.0
1786956562938,2.0,34254848,277643264,0.0
1786956563441,4.0,34254848,277643264,0.5
1786956563944,2.0,34254848,277643264,0.5
1786956564448,2.0,34254848,277643264,1.0
1786956564952,0.0,34254848,277643264,1.0
1786956565455,2.0,34254848,277643264,1.0
1786956565959,0.0,34254848,277643264,0.5
1786956566462,2.0,34254848,277643264,0.5
1786956566966,2.0,34254848,277643264,2.0
1786956567469,2.0,34254848,277643264,1.0
1786956567973,2.0,34254848,277643264,0.5
1786956568477,4.0,34254848,277643264,1.5
1786956568981,2.0,34254848,277643264,0.0
1786956569485,0.0,34254848,277643264,1.0
1786956569988,4.0,34254848,277643264,1.0
1786956570493,0.0,34254848,277643264,0.0
1786956570996,2.0,34254848,277643264,1.5
1786956571499,2.0,34254848,277643264,0.0
1786956572001,2.0,34254848,277643264,1.5
1786956572505,0.0,34254848,277643264,0.5
1786956573009,2.0,34254848,277643264,0.5
1786956573515,2.0,34254848,277643264,1.0
1786956574019,2.0,34254848,277643264,1.5
1786956574523,2.0,34254848,277643264,0.5
1786956575026,2.0,34254848,277643264,1.0
1786956575530,0.0,34254848,277643264,0.5
1786956576033,4.0,34254848,277643264,1.0
1786956576537,0.0,34254848,277643264,0.5
1786956577040,2.0,34254848,277643264,0.0
1786956577544,4.0,34254848,277643264,0.0
1786956578047,0.0,34254848,277643264,1.0
1786956578551,2.0,34254848,277643264,1.0
1786956579054,4.0,34254848,277643264,1.5
1786956579557,0.0,34254848,277643264,0.5
1786956580061,2.0,34254848,277643264,1.0
1786956580565,0.0,34254848,277643264,0.5
1786956581069,2.0,34254848,277643264,0.5
1786956581573,2.0,34254848,277643264,0.0
1786956582077,2.0,34254848,277643264,1.0
1786956582580,2.0,34254848,277643264,0.5
1786956583084,4.0,34254848,277643264,0.5
1786956583587,0.0,34254848,277643264,1.0
1786956584091,4.0,34254848,277643264,1.5
1786956584595,0.0,34254848,277643264,1.0
1786956585098,2.0,34254848,277643264,1.0
1786956585601,2.0,34254848,277643264,0.0
1786956586105,2.0,34254848,277643264,2.0
1786956586609,0.0,34254848,277643264,0.5
1786956587114,4.0,34254848,277643264,0.5
1786956587618,0.0,34254848,277643264,1.0
1786956588123,4.0,34254848,277643264,1.0
1786956588627,0.0,34254848,277643264,1.0
1786956589130,4.0,34254848,277643264,0.0
1786956589633,0.0,34254848,277643264,1.0
1786956590136,4.0,34254848,277643264,0.5
1786956590640,0.0,34254848,277643264,1.0
1786956591143,2.0,34254848,277643264,1.5
1786956591647,0.0,34254848,277643264,0.5
1786956592150,2.0,34254848,277643264,0.5
1786956592654,4.0,34254848,277643264,0.5
1786956593157,2.0,34254848,277643264,1.0
1786956593662,0.0,34254848,277643264,0.5
1786956594165,2.0,34254848,277643264,0.0
1786956594669,2.0,34254848,277643264,1.0
1786956595172,4.0,34254848,277643264,1.5
1786956595676,0.0,34254848,277643264,0.5
1786956596179,2.0,34254848,277643264,1.0
1786956596683,2.0,34254848,277643264,1.0
1786956597186,0.0,34254848,277643264,0.0
1786956597690,2.0,34254848,277643264,0.5
1786956598193,2.0,34254848,277643264,1.0
1786956598696,2.0,34254848,277643264,1.0
1786956599200,2.0,34254848,277643264,0.5
1786956599704,2.0,34254848,277643264,0.5
1786956600209,2.0,34254848,277643264,0.5
1786956600712,0.0,34254848,277643264,0.5
1786956601215,4.0,34254848,277643264,1.0
1786956601719,2.0,34254848,277643264,0.5
1786956602222,2.0,34254848,277643264,0.5
1786956602725,0.0,34254848,277643264,0.5
1786956603228,2.0,34254848,277643264,1.5
1786956603730,2.0,34254848,277643264,0.0
1786956604233,2.0,34254848,277643264,1.0
1786956604736,0.0,34254848,277643264,0.0
1786956605240,4.0,34254848,277643264,1.0
1786956605742,0.0,34254848,277643264,0.5
1786956606245,2.0,34254848,277643264,1.0
1786956606748,2.0,34254848,277643264,0.5
1786956607252,2.0,34254848,277643264,0.5
1786956607756,0.0,34254848,277643264,0.0
1786956608259,4.0,34254848,277643264,1.0
1786956608761,0.0,34254848,277643264,0.0
1786956609265,4.0,34254848,277643264,1.5
1786956609767,0.0,34254848,277643264,0.0
1786956610271,4.0,34254848,277643264,0.5
1786956610773,0.0,34254848,277643264,0.5
1786956611276,4.0,34254848,277643264,1.0
1786956611779,0.0,34254848,277643264,0.5
1786956612283,2.0,34254848,277643264,0.5
1786956612786,0.0,34254848,277643264,0.0
1786956613289,2.0,34254848,277643264,1.0
1786956613791,2.0,34254848,277643264,0.5
1786956614296,2.0,34254848,277643264,1.0
1786956614798,2.0,34254848,277643264,0.0
1786956615302,2.0,34254848,277643264,1.0
1786956615805,0.0,34254848,277643264,1.0
1786956616308,4.0,34254848,277643264,1.0
1786956616811,2.0,34254848,277643264,0.5
1786956617315,2.0,34254848,277643264,2.0
1786956617818,0.0,34254848,277643264,1.0
1786956618322,4.0,34254848,277643264,2.0
1786956618824,0.0,34254848,277643264,1.0
1786956619328,2.0,34254848,277643264,1.0
1786956619832,0.0,34254848,277643264,0.5
1786956620335,4.0,34254848,277643264,1.5
1786956620838,2.0,34254848,277643264,0.5
1786956621342,0.0,34254848,277643264,0.5
1786956621846,2.0,34254848,277643264,0.5
1786956622349,2.0,34254848,277643264,1.5
1786956622852,0.0,34254848,277643264,0.0
1786956623356,6.0,34254848,277643264,0.5
1786956623860,0.0,34254848,277643264,0.5
1786956624363,2.0,34254848,277643264,1.0
1786956624866,2.0,34254848,277643264,0.0
1786956625369,2.0,34254848,277643264,0.5
1786956625873,2.0,34254848,277643264,1.0
1786956626377,2.0,34254848,277643264,0.5
1786956626881,2.0,34254848,277643264,1.5
1786956627385,2.0,34254848,277643264,0.0
1786956627890,0.0,34254848,277643264,0.0
1786956628393,2.0,34254848,277643264,1.0
1786956628896,2.0,34254848,277643264,0.5
1786956629399,2.0,34254848,277643264,1.0
1786956629902,2.0,34254848,277643264,0.5
1786956630406,0.0,34254848,277643264,0.5
1786956630910,2.0,34254848,277643264,1.0
1786956631413,4.0,34254848,277643264,0.5
1786956631916,0.0,34254848,277643264,1.5
1786956632419,2.0,34254848,277643264,0.5
1786956632923,2.0,34254848,277643264,1.0
1786956633426,2.0,34254848,277643264,0.5
1786956633929,2.0,34254848,277643264,0.5
1786956634433,2.0,34254848,277643264,0.5
1786956634936,0.0,34254848,277643264,0.5
1786956635439,4.0,34254848,277643264,1.0
1786956635942,2.0,34254848,277643264,0.0
1786956636445,0.0,34254848,277643264,1.0
1786956636949,2.0,34254848,277643264,0.5
1786956637452,2.0,34254848,277643264,0.5
1786956637956,2.0,34254848,277643264,1.0
1786956638459,2.0,34254848,277643264,2.0
1786956638961,2.0,34254848,277643264,0.5
1786956639464,2.0,34254848,277643264,1.0
1786956639968,2.0,34254848,277643264,0.0
1786956640471,0.0,34254848,277643264,1.0
1786956640975,2.0,34254848,277643264,1.0
1786956641479,2.0,34254848,277643264,0.5
1786956641983,2.0,34254848,277643264,1.5
1786956642486,2.0,34254848,277643264,0.5
1786956642990,2.0,34254848,277643264,1.0
1786956643493,2.0,34254848,277643264,1.0
1786956643996,2.0,34254848,277643264,0.5
1786956644499,0.0,34254848,277643264,0.5
1786956645003,2.0,34254848,277643264,0.5
1786956645506,2.0,34254848,277643264,1.0
1786956646011,2.0,34254848,277643264,1.0
1786956646515,2.0,34254848,277643264,0.5
1786956647018,2.0,34254848,277643264,1.0
1786956647523,2.0,34254848,277643264,1.0
1786956648027,2.0,34254848,277643264,0.5
1786956648530,2.0,34254848,277643264,1.0
1786956649033,0.0,34254848,277643264,0.5
1786956649536,2.0,34254848,277643264,1.0
1786956650040,2.0,34254848,277643264,0.5
1786956650543,4.0,34254848,277643264,1.0
1786956651046,0.0,34254848,277643264,1.5
1786956651550,2.0,34254848,277643264,1.5
1786956652053,0.0,34254848,277643264,0.5
1786956652556,2.0,34254848,277643264,0.5
1786956653060,2.0,34254848,277643264,1.0
1786956653563,2.0,34254848,277643264,1.0
1786956654066,2.0,34254848,277643264,0.5
1786956654571,4.0,34254848,277643264,1.5
1786956655074,0.0,34254848,277643264,1.5
1786956655577,2.0,34254848,277643264,0.5
1786956656080,2.0,34254848,277643264,0.5
1786956656584,2.0,34254848,277643264,0.5
1786956657088,0.0,34254848,277643264,1.0
1786956657591,4.0,34254848,277643264,0.5
1786956658094,2.0,34254848,277643264,1.5
1786956658598,2.0,34254848,277643264,0.0
1786956659102,2.0,34254848,277643264,2.0
1786956659607,0.0,34254848,277643264,0.5
1786956660111,4.0,34254848,277643264,1.0
1786956660615,0.0,34254848,277643264,0.5
1786956661120,2.0,34254848,277643264,1.5
1786956661624,2.0,34254848,277643264,1.0
1786956662128,2.0,34254848,277643264,0.5
1786956662631,2.0,34254848,277643264,1.0
1786956663136,2.0,34254848,277643264,1.5
1786956663639,2.0,34254848,277643264,1.0
1786956664142,2.0,34254848,277643264,1.0
1786956664645,2.0,34254848,277643264,1.0
1786956665149,2.0,34254848,277643264,1.0
1786956665652,2.0,34254848,277643264,1.0
1786956666155,0.0,34254848,277643264,1.0
1786956666658,2.0,34254848,277643264,0.5
1786956667162,2.0,34254848,277643264,1.0
1786956667665,2.0,34254848,277643264,1.0
1786956668169,2.0,34254848,277643264,0.5
1786956668673,0.0,34254848,277643264,0.0
1786956669175,4.0,34254848,277643264,0.5
1786956669679,2.0,34254848,277643264,0.5
1786956670183,2.0,34254848,277643264,0.5
1786956670688,2.0,34254848,277643264,1.0
1786956671191,2.0,34254848,277643264,1.0
1786956671694,0.0,34254848,277643264,0.5
1786956672197,2.0,34254848,277643264,1.5
1786956672701,0.0,34254848,277643264,0.5
1786956673204,4.0,34254848,277643264,0.5
1786956673708,0.0,34254848,277643264,0.0
1786956674211,4.0,34254848,277643264,1.0
1786956674715,0.0,34254848,277643264,0.5
1786956675219,4.0,34254848,277643264,0.5
1786956675722,0.0,34254848,277643264,0.5
1786956676225,4.0,34254848,277643264,1.0
1786956676730,0.0,34254848,277643264,0.5
1786956677234,4.0,34254848,277643264,1.0
1786956677737,0.0,34254848,277643264,0.5
1786956678241,2.0,34254848,277643264,1.0
1786956678745,2.0,34254848,277643264,1.0
1786956679248,2.0,34254848,277643264,0.5
1786956679752,0.0,34254848,277643264,0.0
1786956680256,4.0,34254848,277643264,0.5
1786956680759,0.0,34254848,277643264,1.0
1786956681263,2.0,34254848,277643264,1.5
1786956681767,2.0,34254848,277643264,0.5
1786956682270,2.0,34254848,277643264,0.5
1786956682774,0.0,34254848,277643264,0.0
1786956683278,4.0,34254848,277643264,1.5
1786956683782,0.0,34254848,277643264,0.5
1786956684286,4.0,34254848,277643264,1.0
1786956684789,0.0,34254848,277643264,1.0
1786956685292,4.0,34254848,277643264,0.5
1786956685796,0.0,34254848,277643264,0.0
1786956686299,2.0,34254848,277643264,0.5
1786956686803,2.0,34254848,277643264,1.0
1786956687307,2.0,34254848,277643264,1.0
1786956687812,2.0,34254848,277643264,0.5
1786956688315,2.0,34254848,277643264,0.5
1786956688819,0.0,34254848,277643264,0.0
1786956689323,2.0,34254848,277643264,1.0
1786956689827,2.0,34254848,277643264,1.0
1786956690330,4.0,34254848,277643264,1.0
1786956690834,0.0,34254848,277643264,0.5
1786956691338,4.0,34254848,277643264,1.5
1786956691841,0.0,34254848,277643264,0.5
1786956692345,2.0,34254848,277643264,1.5
1786956692849,0.0,34254848,277643264,0.5
1786956693352,4.0,34254848,277643264,1.0
1786956693856,0.0,34254848,277643264,1.0
1786956694359,2.0,34254848,277643264,0.5
1786956694863,2.0,34254848,277643264,1.0
1786956695366,4.0,34254848,277643264,1.0
1786956695870,0.0,34254848,277643264,0.0
1786956696374,2.0,34254848,277643264,1.0
1786956696878,2.0,34254848,277643264,0.5
1786956697381,2.0,34254848,277643264,1.0
1786956697885,0.0,34254848,277643264,1.0
1786956698389,2.0,34254848,277643264,0.5
1786956698893,2.0,34254848,277643264,1.5
1786956699397,2.0,34254848,277643264,0.5
1786956699902,0.0,34254848,277643264,1.0
1786956700408,4.0,34254848,277643264,0.5
1786956700911,2.0,34254848,277643264,2.0
1786956701416,2.0,34254848,277643264,0.0
1786956701920,2.0,34254848,277643264,0.5
1786956702424,2.0,34254848,277643264,1.0
1786956702926,2.0,34254848,277643264,1.0
1786956703430,2.0,34254848,277643264,1.0
1786956703934,0.0,34254848,277643264,0.5
1786956704437,2.0,34254848,277643264,0.5
1786956704941,2.0,34254848,277643264,1.5
1786956705445,2.0,34254848,277643264,0.0
1786956705948,2.0,34254848,277643264,1.5
1786956706451,2.0,34254848,277643264,1.0
1786956706954,2.0,34254848,277643264,0.5
1786956707458,2.0,34254848,277643264,1.0
1786956707962,2.0,34254848,277643264,1.0
1786956708465,0.0,34254848,277643264,1.5
1786956708967,4.0,34254848,277643264,0.0
1786956709472,2.0,34254848,277643264,0.0
1786956709975,0.0,34254848,277643264,1.0
1786956710478,2.0,34254848,277643264,0.5
1786956710981,2.0,34254848,277643264,1.5
1786956711483,2.0,34254848,277643264,1.0
1786956711988,0.0,34254848,277643264,0.0
1786956712491,2.0,34254848,277643264,1.5
1786956712994,2.0,34254848,277643264,0.5
1786956713498,2.0,34254848,277643264,0.5
1786956714001,2.0,34254848,277643264,0.5
1786956714505,2.0,34254848,277643264,1.0
1786956715008,0.0,34254848,277643264,0.5
1786956715511,2.0,34254848,277643264,0.5
1786956716014,4.0,34254848,277643264,1.0
1786956716518,2.0,34254848,277643264,0.5
1786956717021,2.0,34254848,277643264,1.0
1786956717524,2.0,34254848,277643264,1.0
1786956718028,0.0,34254848,277643264,0.0
1786956718531,2.0,34254848,277643264,1.5
1786956719035,2.0,34254848,277643264,0.5
1786956719539,2.0,34254848,277643264,0.5
1786956720044,2.0,34254848,277643264,1.0
1786956720547,2.0,34254848,277643264,0.0
1786956721051,0.0,34254848,277643264,1.0
1786956721554,2.0,34254848,277643264,0.5
1786956722057,2.0,34254848,277643264,1.5
1786956722560,2.0,34254848,277643264,1.0
1786956723063,2.0,34254848,277643264,1.0
1786956723566,0.0,34254848,277643264,0.0
1786956724070,2.0,34254848,277643264,1.5
1786956724573,2.0,34254848,277643264,0.0
1786956725077,4.0,34254848,277643264,1.0
1786956725580,2.0,34254848,277643264,0.0
1786956726084,0.0,34254848,277643264,1.5
1786956726587,2.0,34254848,277643264,0.0
1786956727091,2.0,34254848,277643264,0.5
1786956727593,2.0,34254848,277643264,0.5
1786956728098,2.0,34254848,277643264,1.0
1786956728602,2.0,34254848,277643264,1.5
1786956729107,2.0,34254848,277643264,0.0
1786956729611,0.0,34254848,277643264,1.5
1786956730116,5.9,34254848,277643264,0.0
1786956730619,0.0,34254848,277643264,1.0
1786956731124,4.0,34254848,277643264,0.5
1786956731628,0.0,34254848,277643264,1.0
1786956732130,2.0,34254848,277643264,0.0
1786956732634,2.0,34254848,277643264,2.0
1786956733137,2.0,34254848,277643264,0.5
1786956733641,0.0,34254848,277643264,1.0
1786956734144,2.0,34254848,277643264,1.0
1786956734647,2.0,34254848,277643264,1.5
1786956735150,2.0,34254848,277643264,1.5
1786956735654,2.0,34254848,277643264,1.5
1786956736157,2.0,34254848,277643264,0.0
1786956736661,0.0,34254848,277643264,1.5
1786956737166,4.0,34254848,277643264,0.5
1786956737669,2.0,34254848,277643264,2.0
1786956738173,2.0,34254848,277643264,1.0
1786956738676,2.0,34254848,277643264,1.5
1786956739180,2.0,34254848,277643264,0.5
1786956739683,2.0,34254848,277643264,2.0
1786956740186,2.0,34254848,277643264,1.5
1786956740690,0.0,34254848,277643264,1.5
1786956741194,2.0,34254848,277643264,1.0
1786956741697,2.0,34254848,277643264,0.5
1786956742201,4.0,34254848,277643264,1.5
1786956742704,0.0,34254848,277643264,0.5
1786956743207,2.0,34254848,277643264,1.0
1786956743711,2.0,34254848,277643264,1.5
1786956744216,2.0,34254848,277643264,1.0
1786956744719,0.0,34254848,277643264,1.0
1786956745223,2.0,34254848,277643264,0.5
1786956745727,2.0,34254848,277643264,1.0
1786956746230,4.0,34254848,277643264,1.5
1786956746734,0.0,34254848,277643264,1.5
1786956747238,2.0,34254848,277643264,1.0
1786956747743,2.0,34254848,277643264,0.5
1786956748246,2.0,34254848,277643264,1.0
1786956748750,2.0,34254848,277643264,0.5
1786956749253,2.0,34254848,277643264,1.5
1786956749757,0.0,34254848,277643264,0.5
1786956750260,2.0,34254848,277643264,0.5
1786956750764,2.0,34254848,277643264,0.5
1786956751268,2.0,34254848,277643264,1.5
1786956751772,2.0,34254848,277643264,1.0
1786956752275,4.0,34254848,277643264,2.0
1786956752779,0.0,34254848,277643264,1.5
1786956753283,2.0,34254848,277643264,0.5
1786956753788,2.0,34254848,277643264,0.5
1786956754291,2.0,34254848,277643264,1.0
1786956754795,0.0,34254848,277643264,1.0
1786956755299,4.0,34254848,277643264,0.5
1786956755803,0.0,34254848,277643264,1.0
1786956756307,4.0,34254848,277643264,1.5
1786956756811,0.0,34254848,277643264,1.0
1786956757315,4.0,34254848,277643264,1.0
1786956757819,0.0,34254848,277643264,1.0
1786956758323,2.0,34254848,277643264,0.5
1786956758827,0.0,34254848,277643264,1.0
1786956759331,4.0,34254848,277643264,1.0
1786956759835,0.0,34254848,277643264,1.5
1786956760339,4.0,34254848,277643264,0.5
1786956760843,0.0,34254848,277643264,1.0
1786956761347,2.0,34254848,277643264,0.5
1786956761850,2.0,34254848,277643264,0.5
1786956762354,4.0,34254848,277643264,0.5
1786956762858,0.0,34254848,277643264,1.0
1786956763363,4.0,34254848,277643264,1.0
1786956763866,0.0,34254848,277643264,0.5
1786956764369,2.0,34254848,277643264,1.5
1786956764873,0.0,34254848,277643264,0.5
1786956765377,4.0,34254848,277643264,1.0
1786956765881,0.0,34254848,277643264,0.5
1786956766384,2.0,34254848,277643264,2.0
1786956766888,0.0,34254848,277643264,0.5
1786956767391,6.0,34254848,277643264,1.0
1786956767895,0.0,34254848,277643264,1.0
1786956768398,2.0,34254848,277643264,0.0
1786956768902,0.0,34254848,277643264,1.0
1786956769405,4.0,34254848,277643264,1.0
1786956769909,0.0,34254848,277643264,0.5
1786956770412,4.0,34254848,277643264,1.0
1786956770916,0.0,34254848,277643264,1.0
1786956771419,2.0,34254848,277643264,1.0
1786956771923,2.0,34254848,277643264,0.5
1786956772427,2.0,34254848,277643264,0.5
1786956772931,0.0,34254848,277643264,2.0
1786956773436,4.0,34254848,277643264,1.0
1786956773939,0.0,34254848,277643264,0.5
1786956774446,3.9,34254848,277643264,0.5
1786956774950,2.0,34254848,277643264,1.5
1786956775453,2.0,34254848,277643264,0.5
1786956775957,0.0,34254848,277643264,1.0
1786956776464,2.0,34254848,277643264,0.5
1786956776967,2.0,34254848,277643264,1.0
1786956777471,2.0,34254848,277643264,0.5
1786956777974,2.0,34254848,277643264,1.0
1786956778478,2.0,34254848,277643264,1.0
1786956778981,2.0,34254848,277643264,1.0
1786956779485,2.0,34254848,277643264,0.5
1786956779988,2.0,34254848,277643264,0.5
1786956780491,0.0,34254848,277643264,0.5
1786956780994,2.0,34254848,277643264,0.5
1786956781498,2.0,34254848,277643264,1.0
1786956782001,2.0,34254848,277643264,1.0
1786956782505,2.0,34254848,277643264,0.5
1786956783008,0.0,34254848,277643264,1.0
1786956783511,4.0,34254848,277643264,0.5
1786956784014,2.0,34254848,277643264,0.5
1786956784517,2.0,34254848,277643264,1.0
1786956785020,2.0,34254848,277643264,1.0
1786956785524,2.0,34254848,277643264,0.5
1786956786027,0.0,34254848,277643264,1.0
1786956786530,2.0,34254848,277643264,0.5
1786956787034,2.0,34254848,277643264,1.0
1786956787538,2.0,34254848,277643264,0.0
1786956788041,2.0,34254848,277643264,2.0
1786956788545,2.0,34254848,277643264,1.0
1786956789049,0.0,34254848,277643264,1.0
1786956789553,2.0,34254848,277643264,0.0
1786956790057,2.0,34254848,277643264,0.5
1786956790561,2.0,34254848,277643264,1.0
1786956791064,2.0,34254848,277643264,1.0
1786956791568,2.0,34254848,277643264,0.0
1786956792071,2.0,34254848,277643264,1.5
1786956792574,2.0,34254848,277643264,0.5
1786956793078,0.0,34254848,277643264,1.0
1786956793581,4.0,34254848,277643264,1.0
1786956794084,0.0,34254848,277643264,2.0
1786956794588,2.0,34254848,277643264,0.0
1786956795093,4.0,34254848,277643264,0.5
1786956795597,0.0,34254848,277643264,0.5
1786956796100,2.0,34254848,277643264,0.0
1786956796603,2.0,34254848,277643264,1.5
1786956797109,2.0,34254848,277643264,0.0
1786956797613,2.0,34254848,277643264,0.5
1786956798118,2.0,34254848,277643264,0.5
1786956798622,2.0,34254848,277643264,1.5
1786956799127,2.0,34254848,277643264,1.0
1786956799631,2.0,34254848,277643264,1.0
1786956800134,0.0,34254848,277643264,1.0
1786956800639,4.0,34254848,277643264,1.5
1786956801142,0.0,34254848,277643264,0.5
1786956801646,4.0,34254848,277643264,1.0
1786956802150,0.0,34254848,277643264,1.0
1786956802653,2.0,34254848,277643264,1.5
1786956803157,2.0,34254848,277643264,0.0
1786956803660,2.0,34254848,277643264,1.0
1786956804164,2.0,34254848,277643264,0.5
1786956804668,2.0,34254848,277643264,0.5
1786956805172,0.0,34254848,277643264,1.0
1786956805675,2.0,34254848,277643264,1.0
1786956806178,2.0,34254848,277643264,0.0
1786956806684,2.0,34254848,277643264,1.5
1786956807188,2.0,34254848,277643264,0.0
1786956807691,2.0,34254848,277643264,1.0
1786956808194,2.0,34254848,277643264,0.5
1786956808698,2.0,34254848,277643264,2.0
1786956809201,2.0,34254848,277643264,1.0
1786956809704,2.0,34254848,277643264,1.0
1786956810208,2.0,34254848,277643264,0.5
1786956810713,2.0,34254848,277643264,0.5
1786956811216,2.0,34254848,277643264,0.5
1786956811719,0.0,34254848,277643264,1.5
1786956812224,2.0,34254848,277643264,1.5
1786956812730,2.0,34254848,277643264,1.0
1786956813233,2.0,34254848,277643264,0.5
1786956813736,2.0,34254848,277643264,1.0
1786956814240,2.0,34254848,277643264,0.5
1786956814743,0.0,34254848,277643264,0.0
1786956815246,4.0,34254848,277643264,1.5
1786956815749,0.0,34254848,277643264,0.5
1786956816252,2.0,34254848,277643264,1.5
1786956816755,2.0,34254848,277643264,0.5
1786956817258,2.0,34254848,277643264,1.5
1786956817761,0.0,34254848,277643264,0.0
1786956818264,4.0,34254848,277643264,1.5
1786956818767,0.0,34254848,277643264,1.0
1786956819270,4.0,34254848,277643264,1.0
1786956819774,0.0,34254848,277643264,1.5
1786956820277,2.0,34254848,277643264,0.0
1786956820781,2.0,34254848,277643264,1.0
1786956821284,4.0,34254848,277643264,1.0
1786956821787,0.0,34254848,277643264,0.5
1786956822291,2.0,34254848,277643264,1.0
1786956822794,2.0,34254848,277643264,1.0
1786956823298,2.0,34254848,277643264,2.0
1786956823800,2.0,34254848,277643264,0.0
1786956824305,2.0,34254848,277643264,1.5
1786956824807,0.0,34254848,277643264,0.5
1786956825310,2.0,34254848,277643264,0.5
1786956825814,0.0,34254848,277643264,1.0
1786956826318,4.0,34254848,277643264,1.5
1786956826821,0.0,34254848,277643264,0.5
1786956827325,4.0,34254848,277643264,0.5
1786956827829,0.0,34254848,277643264,0.0
1786956828334,2.0,34254848,277643264,0.5
1786956828837,2.0,34254848,277643264,1.5
1786956829341,2.0,34254848,277643264,1.0
1786956829845,2.0,34254848,277643264,0.5
1786956830348,2.0,34254848,277643264,0.5
1786956830852,2.0,34254848,277643264,0.5
1786956831355,2.0,34254848,277643264,1.0
1786956831859,0.0,34254848,277643264,0.5
1786956832363,4.0,34254848,277643264,1.0
1786956832865,0.0,34254848,277643264,1.0
1786956833369,2.0,34254848,277643264,1.5
1786956833874,2.0,34254848,277643264,0.5
1786956834377,4.0,34254848,277643264,1.0
1786956834881,0.0,34254848,277643264,0.5
1786956835384,2.0,34254848,277643264,1.0
1786956835889,2.0,34254848,277643264,0.0
1786956836392,0.0,34254848,277643264,0.5
1786956836896,2.0,34254848,277643264,0.5
1786956837399,2.0,34254848,277643264,0.5
1786956837903,2.0,34254848,277643264,1.0
1786956838406,2.0,34254848,277643264,0.0
1786956838910,0.0,34254848,277643264,1.0
1786956839414,4.0,34254848,277643264,0.5
1786956839918,2.0,34254848,277643264,1.0
1786956840421,2.0,34254848,277643264,1.5
1786956840925,0.0,34254848,277643264,0.0
1786956841429,2.0,34254848,277643264,0.5
1786956841934,2.0,34254848,277643264,1.0
1786956842438,2.0,34254848,277643264,0.5
1786956842942,0.0,34254848,277643264,1.0
1786956843446,4.0,34254848,277643264,1.5
1786956843950,0.0,34254848,277643264,0.5
1786956844454,4.0,34254848,277643264,0.5
1786956844958,0.0,34254848,277643264,1.0
1786956845461,4.0,34254848,277643264,1.0
1786956845965,2.0,34254848,277643264,0.5
1786956846469,2.0,34254848,277643264,0.5
1786956846973,0.0,34254848,277643264,0.5
1786956847477,2.0,34254848,277643264,1.0
1786956847979,2.0,34254848,277643264,1.0
1786956848483,2.0,34254848,277643264,0.5
1786956848987,2.0,34254848,277643264,0.5
1786956849490,2.0,34254848,277643264,0.5
1786956849993,0.0,34254848,277643264,0.5
1786956850496,2.0,34254848,277643264,0.5
1786956851000,2.0,34254848,277643264,0.5
1786956851504,2.0,34254848,277643264,1.5
1786956852007,2.0,34254848,277643264,1.5
1786956852511,2.0,34254848,277643264,1.0
1786956853015,2.0,34254848,277643264,1.0
1786956853518,4.0,34254848,277643264,0.5
1786956854021,0.0,34254848,277643264,1.0
1786956854525,2.0,34254848,277643264,0.5
1786956855028,2.0,34254848,277643264,0.5
1786956855531,0.0,34254848,277643264,1.0
1786956856035,2.0,34254848,277643264,1.5
1786956856542,4.0,34254848,277643264,1.0
1786956857046,2.0,34254848,277643264,1.0
1786956857549,2.0,34254848,277643264,0.5
1786956858052,0.0,34254848,277643264,0.5
1786956858555,2.0,34254848,277643264,0.5
1786956859059,2.0,34254848,277643264,0.5
1786956859562,2.0,34254848,277643264,0.5
1786956860066,2.0,34254848,277643264,1.0
1786956860569,2.0,34254848,277643264,0.5
1786956861072,2.0,34254848,277643264,0.5
1786956861575,2.0,34254848,277643264,0.5
1786956862079,0.0,34254848,277643264,2.0
1786956862582,2.0,34254848,277643264,1.0
1786956863087,2.0,34254848,277643264,1.5
1786956863592,4.0,34254848,277643264,1.5
1786956864096,0.0,34254848,277643264,1.0
1786956864600,2.0,34254848,277643264,1.0
1786956865103,2.0,34254848,277643264,0.5
1786956865607,2.0,34254848,277643264,1.5
1786956866112,0.0,34254848,277643264,0.0
1786956866616,4.0,34254848,277643264,1.0
1786956867121,2.0,34254848,277643264,1.0
1786956867624,2.0,34254848,277643264,1.0
1786956868128,0.0,34254848,277643264,0.0
1786956868632,2.0,34254848,277643264,1.5
1786956869136,2.0,34254848,277643264,0.5
1786956869639,2.0,34254848,277643264,2.0
1786956870142,2.0,34254848,277643264,0.0
1786956870646,2.0,34254848,277643264,1.5
1786956871149,2.0,34254848,277643264,0.0
1786956871653,2.0,34254848,277643264,2.0
1786956872158,2.0,34254848,277643264,0.5
1786956872662,2.0,34254848,277643264,1.0
1786956873166,2.0,34254848,277643264,0.0
1786956873670,2.0,34254848,277643264,1.5
1786956874174,0.0,34254848,277643264,1.0
1786956874678,2.0,34254848,277643264,0.5
1786956875181,2.0,34254848,277643264,0.5
1786956875686,2.0,34254848,277643264,1.0
1786956876189,2.0,34254848,277643264,1.0
1786956876693,0.0,34254848,277643264,1.0
1786956877197,4.0,34254848,277643264,0.0
1786956877701,2.0,34254848,277643264,1.0
1786956878205,0.0,34254848,277643264,0.0
1786956878709,2.0,34254848,277643264,2.0
1786956879213,2.0,34254848,277643264,0.0
1786956879717,2.0,34254848,277643264,0.5
1786956880220,0.0,34254848,277643264,0.5
1786956880724,4.0,34254848,277643264,1.5
1786956881228,2.0,34254848,277643264,0.5
1786956881731,0.0,34254848,277643264,0.5
1786956882235,2.0,34254848,277643264,0.0
1786956882739,4.0,34254848,277643264,1.5
1786956883243,0.0,34254848,277643264,0.5
1786956883747,2.0,34254848,277643264,1.0
1786956884250,2.0,34254848,277643264,0.5
1786956884755,2.0,34254848,277643264,1.0
1786956885258,2.0,34254848,277643264,0.0
1786956885763,0.0,34254848,277643264,1.0
1786956886267,2.0,34254848,277643264,1.5
1786956886771,2.0,34254848,277643264,0.5
1786956887275,2.0,34254848,277643264,0.0
1786956887778,2.0,34254848,277643264,1.5
1786956888281,2.0,34254848,277643264,1.0
1786956888785,2.0,34254848,277643264,0.5
1786956889288,2.0,34254848,277643264,0.0
1786956889792,0.0,34254848,277643264,0.5
1786956890295,2.0,34254848,277643264,0.5
1786956890799,2.0,34254848,277643264,1.5
1786956891304,4.0,34254848,277643264,0.0
1786956891809,0.0,34254848,277643264,0.5
1786956892312,4.0,34254848,277643264,1.0
1786956892816,0.0,34254848,277643264,1.0
1786956893319,2.0,34254848,277643264,1.5
1786956893823,2.0,34254848,277643264,0.5
1786956894326,2.0,34254848,277643264,1.0
1786956894830,0.0,34254848,277643264,1.0
1786956895334,4.0,34254848,277643264,1.0
1786956895839,0.0,34254848,277643264,1.0
1786956896342,4.0,34254848,277643264,0.5
1786956896847,0.0,34254848,277643264,1.5
1786956897350,4.0,34254848,277643264,1.0
1786956897854,0.0,34254848,277643264,1.0
1786956898357,4.0,34254848,277643264,0.5
1786956898860,0.0,34254848,277643264,0.5
1786956899364,2.0,34254848,277643264,1.5
1786956899868,2.0,34254848,277643264,0.5
1786956900372,2.0,34254848,277643264,1.0
1786956900876,0.0,34254848,277643264,0.5
1786956901380,4.0,34254848,277643264,1.5
1786956901883,0.0,34254848,277643264,0.0
1786956902387,2.0,34254848,277643264,0.5
1786956902889,0.0,34254848,277643264,1.0
1786956903393,4.0,34254848,277643264,0.0
1786956903896,2.0,34254848,277643264,1.0
1786956904401,2.0,34254848,277643264,0.5
1786956904903,0.0,34254848,277643264,1.0
1786956905408,4.0,34254848,277643264,1.0
1786956905912,0.0,34254848,277643264,0.5
1786956906415,2.0,34254848,277643264,1.5
1786956906918,2.0,34254848,277643264,0.0
1786956907421,2.0,34254848,277643264,1.5
1786956907924,0.0,34254848,277643264,0.5
1786956908428,4.0,34254848,277643264,1.5
1786956908931,0.0,34254848,277643264,0.5
1786956909434,4.0,34254848,277643264,1.5
1786956909937,0.0,34254848,277643264,0.5
1786956910440,2.0,34254848,277643264,1.0
1786956910943,2.0,34254848,277643264,1.0
1786956911446,4.0,34254848,277643264,0.5
1786956911949,0.0,34254848,277643264,0.5
1786956912452,4.0,34254848,277643264,1.0
1786956912954,0.0,34254848,277643264,0.5
1786956913458,2.0,34254848,277643264,0.5
1786956913960,0.0,34254848,277643264,1.0
1786956914464,4.0,34254848,277643264,0.5
1786956914967,0.0,34254848,277643264,1.0
1786956915470,2.0,34254848,277643264,0.5
1786956915972,2.0,34254848,277643264,0.5
1786956916476,2.0,34254848,277643264,0.5
1786956916980,0.0,34254848,277643264,0.5
1786956917483,4.0,34254848,277643264,2.0
1786956917986,0.0,34254848,277643264,0.0
1786956918489,2.0,34254848,277643264,2.0
1786956918992,2.0,34254848,277643264,0.5
1786956919495,2.0,34254848,277643264,2.5
1786956919998,2.0,34254848,277643264,0.0
1786956920502,4.0,34254848,277643264,0.5
1786956921005,0.0,34254848,277643264,2.0
1786956921509,2.0,34254848,277643264,1.0
1786956922012,2.0,34254848,277643264,1.0
1786956922516,2.0,34254848,277643264,0.5
1786956923019,0.0,34254848,277643264,1.0
1786956923522,2.0,34254848,277643264,1.0
1786956924024,2.0,34254848,277643264,0.0
1786956924528,2.0,34254848,277643264,1.0
1786956925031,2.0,34254848,277643264,0.5
1786956925535,2.0,34254848,277643264,1.0
1786956926039,2.0,34254848,277643264,0.5
1786956926542,2.0,34254848,277643264,1.0
1786956927046,2.0,34254848,277643264,1.0
1786956927549,2.0,34254848,277643264,1.0
1786956928053,2.0,34254848,277643264,0.5
1786956928557,0.0,34254848,277643264,1.0
1786956929060,2.0,34254848,277643264,1.0
1786956929565,4.0,34254848,277643264,0.0
1786956930068,0.0,34254848,277643264,1.0
1786956930572,2.0,34254848,277643264,0.5
1786956931076,0.0,34254848,277643264,1.5
1786956931579,2.0,34254848,277643264,1.0
1786956932084,2.0,34254848,277643264,1.0
1786956932588,4.0,34254848,277643264,0.5
1786956933091,0.0,34254848,277643264,1.0
1786956933595,4.0,34254848,277643264,1.0
1786956934099,2.0,34254848,277643264,0.5
1786956934602,0.0,34254848,277643264,1.5
1786956935108,2.0,34254848,277643264,0.0
1786956935612,2.0,34254848,277643264,2.0
1786956936117,2.0,34254848,277643264,0.5
1786956936621,2.0,34254848,277643264,1.0
1786956937126,2.0,34254848,277643264,0.5
1786956937629,2.0,34254848,277643264,1.0
1786956938133,2.0,34254848,277643264,0.5
1786956938636,2.0,34254848,277643264,1.5
1786956939140,2.0,34254848,277643264,0.5
1786956939643,2.0,34254848,277643264,1.0
1786956940146,0.0,34254848,277643264,0.0
1786956940650,4.0,34254848,277643264,2.0
1786956941153,0.0,34254848,277643264,0.5
1786956941656,2.0,34254848,277643264,1.0
1786956942160,2.0,34254848,277643264,1.5
1786956942663,2.0,34254848,277643264,0.5
1786956943167,2.0,34254848,277643264,0.5
1786956943670,2.0,34254848,277643264,0.5
1786956944174,2.0,34254848,277643264,1.0
1786956944678,2.0,34254848,277643264,1.0
1786956945181,2.0,34254848,277643264,0.5
1786956945685,2.0,34254848,277643264,1.5
1786956946189,0.0,34254848,277643264,0.5
1786956946692,2.0,34254848,277643264,1.0
1786956947196,2.0,34254848,277643264,0.5
1786956947699,2.0,34254848,277643264,1.0
1786956948203,2.0,34254848,277643264,0.0
1786956948706,2.0,34254848,277643264,1.0
1786956949210,0.0,34254848,277643264,0.5
1786956949714,2.0,34254848,277643264,1.5
1786956950218,4.0,34254848,277643264,0.5
1786956950721,0.0,34254848,277643264,1.0
1786956951225,2.0,34254848,277643264,0.0
1786956951728,2.0,34254848,277643264,1.0
1786956952232,2.0,34254848,277643264,0.5
1786956952736,2.0,34254848,277643264,1.5
1786956953240,0.0,34254848,277643264,0.0
1786956953743,4.0,34254848,277643264,1.5
1786956954248,2.0,34254848,277643264,0.5
1786956954751,2.0,34254848,277643264,1.5
1786956955256,2.0,34254848,277643264,0.0
1786956955759,2.0,34254848,277643264,1.0
1786956956264,0.0,34254848,277643264,0.5
1786956956767,2.0,34254848,277643264,1.5
1786956957271,2.0,34254848,277643264,0.5
1786956957775,2.0,34254848,277643264,1.0
1786956958278,2.0,34254848,277643264,0.0
1786956958782,2.0,34254848,277643264,1.5
1786956959285,2.0,34254848,277643264,0.5
1786956959789,2.0,34254848,277643264,2.0
1786956960293,0.0,34254848,277643264,0.5
1786956960798,2.0,34254848,277643264,1.0
1786956961301,2.0,34254848,277643264,0.5
1786956961805,2.0,34254848,277643264,1.0
1786956962309,4.0,34254848,277643264,1.0
1786956962812,0.0,34254848,277643264,1.0
1786956963316,2.0,34254848,277643264,0.5
1786956963821,0.0,34254848,277643264,0.5
1786956964325,4.0,34254848,277643264,0.5
1786956964828,0.0,34254848,277643264,1.0
1786956965331,2.0,34254848,277643264,0.5
1786956965835,2.0,34254848,277643264,2.0
1786956966338,2.0,34254848,277643264,0.0
1786956966842,2.0,34254848,277643264,1.0
1786956967345,4.0,34254848,277643264,1.5
1786956967849,0.0,34254848,277643264,1.0
1786956968352,2.0,34254848,277643264,1.0
1786956968856,2.0,34254848,277643264,1.5
1786956969360,2.0,34254848,277643264,1.5
1786956969863,0.0,34254848,277643264,0.5
1786956970367,4.0,34254848,277643264,1.0
1786956970870,2.0,34254848,277643264,1.0
1786956971374,0.0,34254848,277643264,1.0
1786956971878,2.0,34254848,277643264,0.5
1786956972381,4.0,34254848,277643264,1.5
1786956972885,0.0,34254848,277643264,0.5
1786956973388,4.0,34254848,277643264,0.5
1786956973892,0.0,34254848,277643264,0.5
1786956974396,2.0,34254848,277643264,1.0
1786956974899,2.0,34254848,277643264,1.5
1786956975403,0.0,34254848,277643264,0.0
1786956975908,2.0,34254848,277643264,1.0
1786956976411,4.0,34254848,277643264,1.5
1786956976915,0.0,34254848,277643264,0.5
1786956977418,4.0,34254848,277643264,1.0
1786956977922,0.0,34254848,277643264,1.5
1786956978426,2.0,34254848,277643264,0.5
1786956978929,0.0,34254848,277643264,1.5
1786956979434,4.0,34254848,277643264,0.5
1786956979938,0.0,34254848,277643264,1.0
1786956980441,4.0,34254848,277643264,1.0
1786956980945,0.0,34254848,277643264,1.5
1786956981448,2.0,34254848,277643264,1.0
1786956981951,2.0,34254848,277643264,1.0
1786956982456,2.0,34254848,277643264,1.5
1786956982959,0.0,34254848,277643264,1.0
1786956983464,4.0,34254848,277643264,1.5
1786956983968,0.0,34254848,277643264,0.5
1786956984471,4.0,34254848,277643264,0.5
1786956984975,0.0,34254848,277643264,1.0
1786956985478,4.0,34254848,277643264,0.5
1786956985982,2.0,34254848,277643264,0.5
1786956986486,2.0,34254848,277643264,1.0
1786956986990,0.0,34254848,277643264,1.5
1786956987494,4.0,34254848,277643264,1.0
1786956987999,0.0,34254848,277643264,0.5
1786956988502,4.0,34254848,277643264,1.0
1786956989006,0.0,34254848,277643264,0.5
1786956989509,2.0,34254848,277643264,1.5
1786956990013,2.0,34254848,277643264,1.0
1786956990516,2.0,34254848,277643264,0.0
1786956991021,0.0,34254848,277643264,1.0
1786956991526,2.0,34254848,277643264,1.5
1786956992030,4.0,34254848,277643264,0.0
1786956992533,2.0,34254848,277643264,0.5
1786956993036,0.0,34254848,277643264,1.0
1786956993539,4.0,34254848,277643264,0.5
1786956994043,0.0,34254848,277643264,1.5
1786956994545,0.0,34254848,277643264,0.5
1786956995049,4.0,34254848,277643264,1.0
1786956995554,2.0,34254848,277643264,0.5
1786956996057,2.0,34254848,277643264,1.0
1786956996559,0.0,34254848,277643264,1.0
1786956997063,2.0,34254848,277643264,0.5
1786956997566,2.0,34254848,277643264,1.5
1786956998070,2.0,34254848,277643264,1.0
1786956998573,2.0,34254848,277643264,0.5
1786956999077,2.0,34254848,277643264,1.0
1786956999580,2.0,34254848,277643264,1.0
1786957000084,0.0,34254848,277643264,0.5
1786957000587,2.0,34254848,277643264,1.0
1786957001091,2.0,34254848,277643264,1.0
1786957001594,2.0,34254848,277643264,0.0
1786957002098,2.0,34254848,277643264,0.5
1786957002602,4.0,34254848,277643264,0.5
1786957003107,0.0,34254848,277643264,1.0
1786957003612,4.0,34254848,277643264,1.5
1786957004118,0.0,34254848,277643264,1.0
1786957004621,2.0,34254848,277643264,1.5
1786957005125,2.0,34254848,277643264,0.5
1786957005628,2.0,34254848,277643264,1.0
1786957006132,2.0,34254848,277643264,0.0
1786957006635,4.0,34254848,277643264,1.5
1786957007138,0.0,34254848,277643264,0.5
1786957007641,2.0,34254848,277643264,0.5
1786957008144,0.0,34254848,277643264,0.5
1786957008647,4.0,34254848,277643264,1.0
1786957009150,2.0,34254848,277643264,0.0
1786957009654,0.0,34254848,277643264,1.5
1786957010157,2.0,34254848,277643264,1.0
1786957010661,2.0,34254848,277643264,1.0
1786957011165,0.0,34254848,277643264,0.5
1786957011668,2.0,34254848,277643264,1.0
1786957012172,4.0,34254848,277643264,0.0
1786957012675,2.0,34254848,277643264,1.0
1786957013178,2.0,34254848,277643264,0.0
1786957013682,2.0,34254848,277643264,1.5
1786957014185,2.0,34254848,277643264,0.5
1786957014688,2.0,34254848,277643264,1.5
1786957015191,0.0,34254848,277643264,0.5
1786957015694,2.0,34254848,277643264,1.0
1786957016197,0.0,34254848,277643264,0.5
1786957016700,4.0,34254848,277643264,1.0
1786957017204,2.0,34254848,277643264,0.5
1786957017707,2.0,34254848,277643264,1.5
1786957018210,0.0,34254848,277643264,0.5
1786957018715,2.0,34254848,277643264,1.0
1786957019220,2.0,34254848,277643264,0.5
1786957019724,2.0,34254848,277643264,2.0
1786957020227,2.0,34254848,277643264,1.0
1786957020731,2.0,34254848,277643264,1.0
1786957021234,0.0,34254848,277643264,0.0
1786957021738,2.0,34254848,277643264,2.0
1786957022242,2.0,34254848,277643264,1.0
1786957022746,4.0,34254848,277643264,2.0
1786957023249,0.0,34254848,277643264,0.0
1786957023752,2.0,34254848,277643264,1.0
1786957024256,2.0,34254848,277643264,0.5
1786957024759,2.0,34254848,277643264,1.0
1786957025263,0.0,34254848,277643264,0.0
1786957025767,4.0,34254848,277643264,1.0
1786957026270,0.0,34254848,277643264,0.0
1786957026774,2.0,34254848,277643264,1.5
1786957027277,2.0,34254848,277643264,0.5
1786957027781,2.0,34254848,277643264,1.5
1786957028284,2.0,34254848,277643264,0.5
1786957028788,2.0,34254848,277643264,2.5
1786957029291,2.0,34254848,277643264,0.5
1786957029795,2.0,34254848,277643264,1.0
1786957030298,2.0,34254848,277643264,0.5
1786957030801,2.0,34254848,277643264,1.0
1786957031305,0.0,34254848,277643264,0.5
1786957031808,2.0,34254848,277643264,0.5
1786957032312,2.0,34254848,277643264,0.5
1786957032815,2.0,34254848,277643264,2.5
1786957033320,2.0,34254848,277643264,0.5
1786957033825,2.0,34254848,277643264,1.0
1786957034329,2.0,34254848,277643264,0.0
1786957034833,2.0,34254848,277643264,1.0
1786957035337,2.0,34254848,277643264,1.0
1786957035840,2.0,34254848,277643264,0.5
1786957036343,0.0,34254848,277643264,0.5
1786957036846,2.0,34254848,277643264,1.0
1786957037350,2.0,34254848,277643264,0.5
1786957037854,2.0,34254848,277643264,1.5
1786957038356,2.0,34254848,277643264,0.5
1786957038860,0.0,34254848,277643264,1.0
1786957039364,2.0,34254848,277643264,0.5
1786957039871,3.9,34254848,277643264,1.0
1786957040374,2.0,34254848,277643264,1.0
1786957040878,0.0,34254848,277643264,1.0
1786957041381,4.0,34254848,277643264,1.5
1786957041885,0.0,34254848,277643264,0.5
1786957042388,2.0,34254848,277643264,0.5
1786957042891,2.0,34254848,277643264,1.0
1786957043395,2.0,34254848,277643264,0.5
1786957043899,0.0,34254848,277643264,1.0
1786957044402,4.0,34254848,277643264,0.5
1786957044906,2.0,34254848,277643264,1.0
1786957045410,2.0,34254848,277643264,0.5
1786957045913,0.0,34254848,277643264,1.5
1786957046417,4.0,34254848,277643264,1.0
1786957046921,0.0,34254848,277643264,0.5
1786957047425,2.0,34254848,277643264,1.0
1786957047928,2.0,34254848,277643264,0.0
1786957048433,2.0,34254848,277643264,1.5
1786957048937,0.0,34254848,277643264,0.5
1786957049440,4.0,34254848,277643264,1.0
1786957049944,0.0,34254848,277643264,1.0
1786957050447,4.0,34254848,277643264,0.5
1786957050951,0.0,34254848,277643264,1.0
1786957051454,4.0,34254848,277643264,1.5
1786957051958,0.0,34254848,277643264,0.5
1786957052462,2.0,34254848,277643264,1.5
1786957052967,2.0,34254848,277643264,1.5
1786957053470,2.0,34254848,277643264,1.0
1786957053974,0.0,34254848,277643264,1.5
1786957054477,4.0,34254848,277643264,1.0
1786957054981,0.0,34254848,277643264,0.0
1786957055484,4.0,34254848,277643264,1.0
1786957055988,0.0,34254848,277643264,0.5
1786957056492,2.0,34254848,277643264,1.5
1786957056995,0.0,34254848,277643264,0.5
1786957057498,6.0,34254848,277643264,1.0
1786957058002,0.0,34254848,277643264,1.0
1786957058505,2.0,34254848,277643264,1.0
1786957059010,2.0,34254848,277643264,1.5
1786957059513,2.0,34254848,277643264,1.0
1786957060017,0.0,34254848,277643264,0.5
1786957060521,2.0,34254848,277643264,1.0
1786957061024,0.0,34254848,277643264,0.5
1786957061528,4.0,34254848,277643264,1.5
1786957062032,0.0,34254848,277643264,1.0
1786957062535,4.0,34254848,277643264,1.0
1786957063040,0.0,34254848,277643264,0.5
1786957063545,4.0,34254848,277643264,1.5
1786957064049,0.0,34254848,277643264,0.0
1786957064552,4.0,34254848,277643264,0.5
1786957065056,0.0,34254848,277643264,1.5
1786957065558,2.0,34254848,277643264,0.5
1786957066062,2.0,34254848,277643264,1.0
1786957066569,2.0,34254848,277643264,1.5
1786957067073,2.0,34254848,277643264,0.5
1786957067576,0.0,34254848,277643264,0.0
1786957068080,4.0,34254848,277643264,1.0
1786957068584,2.0,34254848,277643264,0.5
1786957069088,2.0,34254848,277643264,1.0
1786957069590,2.0,34254848,277643264,1.0
1786957070093,2.0,34254848,277643264,0.5
1786957070597,2.0,34254848,277643264,1.0
1786957071101,0.0,34254848,277643264,0.5
1786957071604,2.0,34254848,277643264,1.5
1786957072109,2.0,34254848,277643264,0.5
1786957072614,4.0,34254848,277643264,0.5
1786957073118,0.0,34254848,277643264,0.5
1786957073623,4.0,34254848,277643264,1.0
1786957074128,0.0,34254848,277643264,1.0
1786957074631,2.0,34254848,277643264,1.0
1786957075134,2.0,34254848,277643264,0.0
1786957075637,2.0,34254848,277643264,1.0
1786957076141,0.0,34254848,277643264,0.5
1786957076645,2.0,34254848,277643264,1.5
1786957077149,2.0,34254848,277643264,0.5
1786957077652,2.0,34254848,277643264,0.5
1786957078155,2.0,34254848,277643264,0.5
1786957078659,2.0,34254848,277643264,1.5
1786957079162,2.0,34254848,277643264,0.0
1786957079665,2.0,34254848,277643264,1.0
1786957080169,0.0,34254848,277643264,0.5
1786957080673,4.0,34254848,277643264,1.5
1786957081176,0.0,34254848,277643264,0.5
1786957081679,2.0,34254848,277643264,1.5
1786957082183,2.0,34254848,277643264,0.0
1786957082686,2.0,34254848,277643264,2.0
1786957083189,2.0,34254848,277643264,0.5
1786957083693,2.0,34254848,277643264,1.0
1786957084196,0.0,34254848,277643264,0.0
1786957084700,4.0,34254848,277643264,1.5
1786957085203,0.0,34254848,277643264,1.0
1786957085708,2.0,34254848,277643264,1.5
1786957086211,4.0,34254848,277643264,0.5
1786957086716,2.0,34254848,277643264,1.0
1786957087220,0.0,34254848,277643264,0.0
1786957087723,2.0,34254848,277643264,1.5
1786957088227,2.0,34254848,277643264,0.5
1786957088731,2.0,34254848,277643264,1.5
1786957089234,0.0,34254848,277643264,0.5
1786957089738,4.0,34254848,277643264,1.0
1786957090241,0.0,34254848,277643264,0.5
1786957090745,2.0,34254848,277643264,2.0
1786957091248,2.0,34254848,277643264,0.5
1786957091752,2.0,34254848,277643264,0.0
1786957092256,2.0,34254848,277643264,1.0
1786957092759,4.0,34254848,277643264,1.5
1786957093263,0.0,34254848,277643264,1.0
1786957093767,2.0,34254848,277643264,1.0
1786957094270,2.0,34254848,277643264,0.0
1786957094774,2.0,34254848,277643264,1.5
1786957095278,2.0,34254848,277643264,0.5
1786957095782,2.0,34254848,277643264,1.0
1786957096286,2.0,34254848,277643264,1.0
1786957096790,2.0,34254848,277643264,0.5
1786957097294,0.0,34254848,277643264,0.5
1786957097798,2.0,34254848,277643264,1.0
1786957098302,2.0,34254848,277643264,0.0
1786957098806,2.0,34254848,277643264,1.0
1786957099309,0.0,34254848,277643264,0.5
1786957099813,2.0,34254848,277643264,1.0
1786957100317,2.0,34254848,277643264,0.5
1786957100820,2.0,34254848,277643264,2.0
1786957101324,2.0,34254848,277643264,0.0
1786957101827,2.0,34254848,277643264,1.5
1786957102332,2.0,34254848,277643264,0.0
1786957102835,2.0,34254848,277643264,0.5
1786957103338,2.0,34254848,277643264,0.0
1786957103841,2.0,34254848,277643264,1.5
1786957104344,2.0,34254848,277643264,0.5
1786957104847,2.0,34254848,277643264,0.5
1786957105351,2.0,34254848,277643264,0.5
1786957105854,2.0,34254848,277643264,1.0
1786957106358,0.0,34254848,277643264,0.5
1786957106861,2.0,34254848,277643264,0.5
1786957107364,2.0,34254848,277643264,1.0
1786957107867,2.0,34254848,277643264,1.0
1786957108370,2.0,34254848,277643264,0.5
1786957108873,2.0,34254848,277643264,1.0
1786957109376,0.0,34254848,277643264,0.5
1786957109880,2.0,34254848,277643264,1.5
1786957110384,4.0,34254848,277643264,0.0
1786957110887,2.0,34254848,277643264,0.5
1786957111390,2.0,34254848,277643264,0.5
1786957111893,0.0,34254848,277643264,1.5
1786957112396,2.0,34254848,277643264,0.5
1786957112899,2.0,34254848,277643264,0.0
1786957113403,2.0,34254848,277643264,0.5
1786957113907,2.0,34254848,277643264,0.5
1786957114410,2.0,34254848,277643264,0.5
1786957114912,2.0,34254848,277643264,0.0
1786957115416,2.0,34254848,277643264,1.0
1786957115919,2.0,34254848,277643264,1.0
1786957116422,2.0,34254848,277643264,0.0
1786957116926,0.0,34254848,277643264,1.5
1786957117430,4.0,34254848,277643264,0.5
1786957117934,0.0,34254848,277643264,0.5
1786957118437,2.0,34254848,277643264,1.0
1786957118940,2.0,34254848,277643264,0.5
1786957119446,4.0,34254848,277643264,1.0
1786957119949,0.0,34254848,277643264,0.5
1786957120453,4.0,34254848,277643264,1.0
1786957120957,0.0,34254848,277643264,1.0
1786957121460,2.0,34254848,277643264,0.0
1786957121963,2.0,34254848,277643264,0.5
1786957122467,0.0,34254848,277643264,1.0
1786957122971,2.0,34254848,277643264,0.0
1786957123474,4.0,34254848,277643264,1.0
1786957123978,0.0,34254848,277643264,0.0
1786957124482,2.0,34254848,277643264,0.5
1786957124985,0.0,34254848,277643264,1.5
1786957125488,4.0,34254848,277643264,0.5
1786957125992,0.0,34254848,277643264,0.5
1786957126495,2.0,34254848,277643264,1.0
1786957126999,2.0,34254848,277643264,0.0
1786957127502,4.0,34254848,277643264,0.5
1786957128006,0.0,34254848,277643264,1.0
1786957128510,2.0,34254848,277643264,0.5
1786957129014,2.0,34254848,277643264,1.0
1786957129518,2.0,34254848,277643264,1.5
1786957130021,0.0,34254848,277643264,0.0
1786957130524,4.0,34254848,277643264,1.0
1786957131028,0.0,34254848,277643264,0.5
1786957131531,4.0,34254848,277643264,0.5
1786957132035,0.0,34254848,277643264,0.5
1786957132539,4.0,34254848,277643264,1.0
1786957133043,0.0,34254848,277643264,1.0
1786957133546,2.0,34254848,277643264,0.5
1786957134050,0.0,34254848,277643264,0.5
1786957134553,4.0,34254848,277643264,1.5
1786957135057,0.0,34254848,277643264,0.0
1786957135560,2.0,34254848,277643264,0.5
1786957136064,2.0,34254848,277643264,0.0
1786957136567,4.0,34254848,277643264,0.5
1786957137070,0.0,34254848,277643264,0.5
1786957137573,4.0,34254848,277643264,0.5
1786957138077,0.0,34254848,277643264,0.5
1786957138582,2.0,34254848,277643264,1.0
1786957139086,2.0,34254848,277643264,0.5
1786957139591,2.0,34254848,277643264,1.0
1786957140095,2.0,34254848,277643264,0.0
1786957140598,0.0,34254848,277643264,1.5
1786957141102,4.0,34254848,277643264,0.5
1786957141605,2.0,34254848,277643264,1.0
1786957142110,2.0,34254848,277643264,0.0
1786957142614,2.0,34254848,277643264,1.0
1786957143119,0.0,34254848,277643264,1.0
1786957143623,2.0,34254848,277643264,0.5
1786957144127,2.0,34254848,277643264,1.0
1786957144631,4.0,34254848,277643264,1.0
1786957145134,0.0,34254848,277643264,0.0
1786957145637,2.0,34254848,277643264,1.0
1786957146140,2.0,34254848,277643264,0.5
1786957146643,2.0,34254848,277643264,0.0
1786957147148,2.0,34254848,277643264,1.0
1786957147651,2.0,34254848,277643264,0.0
1786957148154,0.0,34254848,277643264,0.5
1786957148657,2.0,34254848,277643264,1.5
1786957149161,2.0,34254848,277643264,0.5
1786957149664,2.0,34254848,277643264,0.5
1786957150168,2.0,34254848,277643264,0.5
1786957150672,2.0,34254848,277643264,0.5
1786957151175,2.0,34254848,277643264,1.0
1786957151679,2.0,34254848,277643264,1.5
1786957152183,2.0,34254848,277643264,0.0
1786957152686,2.0,34254848,277643264,0.5
1786957153190,2.0,34254848,277643264,0.0
1786957153693,2.0,34254848,277643264,1.5
1786957154198,0.0,34254848,277643264,1.0
1786957154702,4.0,34254848,277643264,1.5
1786957155206,0.0,34254848,277643264,0.0
1786957155710,2.0,34254848,277643264,1.5
1786957156213,4.0,34254848,277643264,0.5
1786957156716,2.0,34254848,277643264,2.5
1786957157220,0.0,34254848,277643264,0.0
1786957157724,2.0,34254848,277643264,1.0
1786957158227,2.0,34254848,277643264,0.0
1786957158731,2.0,34254848,277643264,1.0
1786957159234,0.0,34254848,277643264,0.0
1786957159738,2.0,34254848,277643264,1.0
1786957160241,2.0,34254848,277643264,1.0
1786957160745,2.0,34254848,277643264,1.0
1786957161248,2.0,34254848,277643264,0.5
1786957161751,2.0,34254848,277643264,1.5
1786957162255,2.0,34254848,277643264,0.0
1786957162758,2.0,34254848,277643264,0.5
1786957163262,2.0,34254848,277643264,1.0
1786957163766,2.0,34254848,277643264,0.5
1786957164269,2.0,34254848,277643264,0.5
1786957164774,2.0,34254848,277643264,1.5
1786957165278,0.0,34254848,277643264,0.0
1786957165781,2.0,34254848,277643264,1.0
1786957166285,2.0,34254848,277643264,0.5
1786957166789,2.0,34254848,277643264,1.0
1786957167292,2.0,34254848,277643264,0.5
1786957167795,2.0,34254848,277643264,0.5
1786957168299,0.0,34254848,277643264,1.0
1786957168803,4.0,34254848,277643264,0.5
1786957169306,0.0,34254848,277643264,1.0
1786957169810,2.0,34254848,277643264,1.0
1786957170314,2.0,34254848,277643264,0.0
1786957170818,2.0,34254848,277643264,0.0
1786957171321,2.0,34254848,277643264,1.0
1786957171825,2.0,34254848,277643264,0.5
1786957172328,0.0,34254848,277643264,0.0
1786957172831,2.0,34254848,277643264,1.0
1786957173335,2.0,34254848,277643264,1.5
1786957173839,2.0,34254848,277643264,1.0
1786957174343,2.0,34254848,277643264,0.5
1786957174847,2.0,34254848,277643264,0.5
1786957175351,2.0,34254848,277643264,0.0
1786957175854,2.0,34254848,277643264,0.5
1786957176358,2.0,34254848,277643264,0.5
1786957176863,2.0,34254848,277643264,0.5
1786957177367,0.0,34254848,277643264,0.5
1786957177871,2.0,34254848,277643264,1.0
1786957178375,2.0,34254848,277643264,0.0
1786957178879,2.0,34254848,277643264,1.5
1786957179383,2.0,34254848,277643264,1.0
1786957179886,4.0,34254848,277643264,0.0
1786957180390,0.0,34254848,277643264,0.5
1786957180893,2.0,34254848,277643264,0.5
1786957181397,2.0,34254848,277643264,0.5
1786957181901,2.0,34254848,277643264,0.5
1786957182405,2.0,34254848,277643264,1.0
1786957182908,0.0,34254848,277643264,0.0
1786957183412,2.0,34254848,277643264,0.0
1786957183916,2.0,34254848,277643264,1.0
1786957184420,2.0,34254848,277643264,0.0
1786957184923,2.0,34254848,277643264,1.0
1786957185427,2.0,34254848,277643264,0.0
1786957185930,2.0,34254848,277643264,1.0
1786957186433,2.0,34254848,277643264,0.5
1786957186937,2.0,34254848,277643264,0.5
1786957187441,2.0,34254848,277643264,0.5
1786957187946,0.0,34254848,277643264,0.5
1786957188449,2.0,34254848,277643264,1.0
1786957188953,2.0,34254848,277643264,0.5
1786957189456,2.0,34254848,277643264,0.5
1786957189960,2.0,34254848,277643264,0.5
1786957190463,4.0,34254848,277643264,0.5
1786957190967,0.0,34254848,277643264,1.0
1786957191471,2.0,34254848,277643264,1.0
1786957191975,2.0,34254848,277643264,0.5
1786957192478,2.0,34254848,277643264,0.5
1786957192981,0.0,34254848,277643264,1.0
1786957193484,2.0,34254848,277643264,0.5
1786957193988,2.0,34254848,277643264,0.5
1786957194492,2.0,34254848,277643264,1.0
1786957194995,2.0,34254848,277643264,0.5
1786957195498,2.0,34254848,277643264,0.5
1786957196002,2.0,34254848,277643264,1.0
1786957196505,2.0,34254848,277643264,0.0
1786957197008,2.0,34254848,277643264,1.0
1786957197512,2.0,34254848,277643264,1.0
1786957198015,2.0,34254848,277643264,0.5
1786957198518,0.0,34254848,277643264,0.0
1786957199022,4.0,34254848,277643264,1.5
1786957199526,2.0,34254848,277643264,0.5
1786957200030,0.0,34254848,277643264,1.0
1786957200533,4.0,34254848,277643264,1.0
1786957201038,0.0,34254848,277643264,0.0
1786957201541,4.0,34254848,277643264,0.5
1786957202046,0.0,34254848,277643264,1.0
1786957202550,2.0,34254848,277643264,0.5
1786957203053,2.0,34254848,277643264,1.0
1786957203556,2.0,34254848,277643264,1.0
1786957204060,0.0,34254848,277643264,0.5
1786957204564,4.0,34254848,277643264,0.5
1786957205066,0.0,34254848,277643264,0.5
1786957205570,4.0,34254848,277643264,1.5
1786957206072,0.0,34254848,277643264,0.5
1786957206576,4.0,34254848,277643264,0.0
1786957207078,0.0,34254848,277643264,0.5
1786957207582,2.0,34254848,277643264,1.5
1786957208085,2.0,34254848,277643264,0.5
1786957208589,2.0,34254848,277643264,1.0
1786957209092,2.0,34254848,277643264,1.0
1786957209596,2.0,34254848,277643264,1.0
1786957210099,0.0,34254848,277643264,0.5
1786957210603,4.0,34254848,277643264,1.0
1786957211107,0.0,34254848,277643264,0.5
1786957211612,2.0,34254848,277643264,0.5
1786957212117,4.0,34254848,277643264,0.5
1786957212620,2.0,34254848,277643264,0.5
1786957213124,0.0,34254848,277643264,0.5
1786957213629,2.0,34254848,277643264,0.5
1786957214132,0.0,34254848,277643264,0.0
1786957214637,4.0,34254848,277643264,0.5
1786957215140,2.0,34254848,277643264,1.5
1786957215643,2.0,34254848,277643264,0.5
1786957216145,2.0,34254848,277643264,0.5
1786957216649,2.0,34254848,277643264,0.5
1786957217152,0.0,34254848,277643264,0.5
1786957217655,2.0,34254848,277643264,1.0
1786957218158,2.0,34254848,277643264,0.0
1786957218660,2.0,34254848,277643264,1.0
1786957219164,2.0,34254848,277643264,0.0
1786957219667,2.0,34254848,277643264,0.5
1786957220170,0.0,34254848,277643264,0.5
1786957220673,2.0,34254848,277643264,1.5
1786957221176,2.0,34254848,277643264,1.0
1786957221680,2.0,34254848,277643264,1.0
1786957222183,2.0,34254848,277643264,1.0
1786957222686,2.0,34254848,277643264,0.5
1786957223189,2.0,34254848,277643264,1.0
1786957223693,2.0,34254848,277643264,1.0
1786957224197,2.0,34254848,277643264,0.5
1786957224700,2.0,34254848,277643264,0.0
1786957225203,2.0,34254848,277643264,0.5
1786957225706,2.0,34254848,277643264,1.0
1786957226210,2.0,34254848,277643264,0.0
1786957226713,2.0,34254848,277643264,1.0
1786957227217,0.0,34254848,277643264,0.5
1786957227720,4.0,34254848,277643264,0.0
1786957228223,0.0,34254848,277643264,0.5
1786957228726,2.0,34254848,277643264,1.0
1786957229229,2.0,34254848,277643264,1.0
1786957229733,2.0,34254848,277643264,0.5
1786957230236,2.0,34254848,277643264,0.0
1786957230741,0.0,34254848,277643264,0.0
1786957231245,2.0,34254848,277643264,0.0
1786957231748,2.0,34254848,277643264,0.5
1786957232251,2.0,34254848,277643264,1.0
1786957232755,2.0,34254848,277643264,0.0
1786957233258,2.0,34254848,277643264,1.0
1786957233762,2.0,34254848,277643264,0.5
1786957234266,0.0,34254848,277643264,0.5
1786957234770,2.0,34254848,277643264,1.0
1786957235273,2.0,34254848,277643264,0.5
1786957235777,2.0,34254848,277643264,1.0
1786957236280,2.0,34254848,277643264,1.0
1786957236784,2.0,34254848,277643264,1.0
1786957237287,0.0,34254848,277643264,0.5
1786957237790,2.0,34254848,277643264,0.5
1786957238294,2.0,34254848,277643264,0.0
1786957238797,2.0,34254848,277643264,2.0
1786957239301,2.0,34254848,277643264,0.5
1786957239804,2.0,34254848,277643264,0.5
1786957240307,2.0,34254848,277643264,0.5
1786957240811,2.0,34254848,277643264,1.0
1786957241314,2.0,34254848,277643264,0.0
1786957241817,2.0,34254848,277643264,1.0
1786957242321,0.0,34254848,277643264,0.0
1786957242824,4.0,34254848,277643264,1.0
1786957243327,0.0,34254848,277643264,0.5
1786957243831,2.0,34254848,277643264,1.0
1786957244334,2.0,34254848,277643264,0.0
1786957244838,2.0,34254848,277643264,1.0
1786957245341,2.0,34254848,277643264,0.5
1786957245845,2.0,34254848,277643264,0.5
1786957246348,0.0,34254848,277643264,0.0
1786957246852,2.0,34254848,277643264,0.5
1786957247356,2.0,34254848,277643264,0.5
1786957247859,2.0,34254848,277643264,0.5
1786957248362,2.0,34254848,277643264,0.5
1786957248866,4.0,34254848,277643264,0.5
1786957249370,0.0,34254848,277643264,0.0
1786957249873,2.0,34254848,277643264,1.0
1786957250377,2.0,34254848,277643264,0.5
1786957250880,2.0,34254848,277643264,1.0
1786957251384,2.0,34254848,277643264,1.0
1786957251887,2.0,34254848,277643264,0.5
1786957252392,0.0,34254848,277643264,0.5
1786957252895,2.0,34254848,277643264,0.5
1786957253398,2.0,34254848,277643264,0.5
1786957253902,2.0,34254848,277643264,1.0
1786957254406,2.0,34254848,277643264,0.5
1786957254909,2.0,34254848,277643264,1.5
1786957255412,2.0,34254848,277643264,0.0
1786957255915,2.0,34254848,277643264,1.0
1786957256418,0.0,34254848,277643264,1.0
1786957256922,4.0,34254848,277643264,0.0
1786957257425,0.0,34254848,277643264,0.5
1786957257928,2.0,34254848,277643264,0.5
1786957258431,2.0,34254848,277643264,1.0
1786957258935,2.0,34254848,277643264,0.5
1786957259440,2.0,34254848,277643264,1.0
1786957259943,2.0,34254848,277643264,0.5
1786957260447,2.0,34254848,277643264,0.0
1786957260951,2.0,34254848,277643264,0.5
1786957261454,2.0,34254848,277643264,0.5
1786957261957,2.0,34254848,277643264,1.0
1786957262461,2.0,34254848,277643264,0.5
1786957262964,2.0,34254848,277643264,0.5
1786957263467,2.0,34254848,277643264,0.0
1786957263970,2.0,34254848,277643264,0.5
1786957264473,2.0,34254848,277643264,1.0
1786957264977,0.0,34254848,277643264,0.0
1786957265480,2.0,34254848,277643264,0.0
1786957265984,2.0,34254848,277643264,1.0
1786957266488,2.0,34254848,277643264,1.0
1786957266991,2.0,34254848,277643264,1.0
1786957267494,2.0,34254848,277643264,1.0
1786957267997,2.0,34254848,277643264,1.0
1786957268501,2.0,34254848,277643264,0.5
1786957269003,2.0,34254848,277643264,1.0
1786957269507,2.0,34254848,277643264,0.5
1786957270011,0.0,34254848,277643264,1.5
1786957270514,2.0,34254848,277643264,0.5
1786957271018,2.0,34254848,277643264,0.5
1786957271522,2.0,34254848,277643264,1.0
1786957272025,2.0,34254848,277643264,0.5
1786957272528,2.0,34254848,277643264,0.5
1786957273032,2.0,34254848,277643264,1.0
1786957273536,2.0,34254848,277643264,2.0
1786957274039,0.0,34254848,277643264,0.5
1786957274543,4.0,34254848,277643264,1.0
1786957275047,0.0,34254848,277643264,0.5
1786957275550,2.0,34254848,277643264,1.0
1786957276054,2.0,34254848,277643264,0.5
1786957276557,2.0,34254848,277643264,1.0
1786957277061,2.0,34254848,277643264,0.5
1786957277564,2.0,34254848,277643264,2.0
1786957278068,2.0,34254848,277643264,0.0
1786957278571,4.0,34254848,277643264,0.5
1786957279075,0.0,34254848,277643264,0.0
1786957279578,2.0,34254848,277643264,0.0
1786957280082,0.0,34254848,277643264,1.5
1786957280586,4.0,34254848,277643264,1.0
1786957281090,2.0,34254848,277643264,1.0
1786957281594,2.0,34254848,277643264,2.0
1786957282098,0.0,34254848,277643264,0.0
1786957282602,4.0,34254848,277643264,1.5
1786957283107,0.0,34254848,277643264,0.5
1786957283611,4.0,34254848,277643264,2.0
1786957284116,0.0,34254848,277643264,0.0
1786957284619,4.0,34254848,277643264,1.5
1786957285124,0.0,34254848,277643264,0.0
1786957285628,2.0,34254848,277643264,0.5
1786957286131,2.0,34254848,277643264,0.5
1786957286635,2.0,34254848,277643264,1.5
1786957287138,2.0,34254848,277643264,0.0
1786957287643,2.0,34254848,277643264,2.0
1786957288147,0.0,34254848,277643264,0.5
1786957288651,4.0,34254848,277643264,1.0
1786957289153,2.0,34254848,277643264,0.0
1786957289657,2.0,34254848,277643264,0.5
1786957290161,0.0,34254848,277643264,0.5
1786957290664,2.0,34254848,277643264,1.5
1786957291168,2.0,34254848,277643264,0.0
1786957291671,2.0,34254848,277643264,1.0
1786957292175,2.0,34254848,277643264,0.5
1786957292678,0.0,34254848,277643264,1.5
1786957293181,4.0,34254848,277643264,0.5
1786957293685,2.0,34254848,277643264,2.0
1786957294189,0.0,34254848,277643264,0.5
1786957294692,2.0,34254848,277643264,1.0
1786957295195,2.0,34254848,277643264,0.0
1786957295700,2.0,34254848,277643264,1.5
1786957296203,0.0,34254848,277643264,0.5
1786957296707,2.0,34254848,277643264,1.5
1786957297210,2.0,34254848,277643264,0.5
1786957297713,2.0,34254848,277643264,1.0
1786957298217,2.0,34254848,277643264,0.0
1786957298721,2.0,34254848,277643264,2.0
1786957299224,2.0,34254848,277643264,0.5
1786957299728,2.0,34254848,277643264,0.0
1786957300231,2.0,34254848,277643264,1.0
1786957300735,2.0,34254848,277643264,1.0
1786957301239,0.0,34254848,277643264,1.0
1786957301742,2.0,34254848,277643264,0.5
1786957302246,4.0,34254848,277643264,1.0
1786957302750,0.0,34254848,277643264,1.5
1786957303254,2.0,34254848,277643264,0.5
1786957303757,2.0,34254848,277643264,1.5
1786957304261,0.0,34254848,277643264,0.0
1786957304764,2.0,34254848,277643264,1.5
1786957305268,2.0,34254848,277643264,0.5
1786957305771,4.0,34254848,277643264,0.5
1786957306275,0.0,34254848,277643264,1.0
1786957306778,2.0,34254848,277643264,0.5
1786957307282,2.0,34254848,277643264,0.5
1786957307786,2.0,34254848,277643264,1.5
1786957308290,0.0,34254848,277643264,0.0
1786957308793,4.0,34254848,277643264,1.0
1786957309297,0.0,34254848,277643264,0.5
1786957309800,2.0,34254848,277643264,0.5
1786957310305,2.0,34254848,277643264,0.5
1786957310808,2.0,34254848,277643264,1.0
1786957311311,2.0,34254848,277643264,1.0
1786957311814,2.0,34254848,277643264,1.0
1786957312317,2.0,34254848,277643264,1.0
1786957312820,2.0,34254848,277643264,1.5
1786957313325,2.0,34254848,277643264,0.0
1786957313829,2.0,34254848,277643264,1.0
1786957314332,2.0,34254848,277643264,0.0
1786957314836,2.0,34254848,277643264,1.0
1786957315339,0.0,34254848,277643264,0.5
1786957315842,2.0,34254848,277643264,1.5
1786957316346,4.0,34254848,277643264,0.5
1786957316849,2.0,34254848,277643264,1.5
1786957317352,0.0,34254848,277643264,1.0
1786957317855,2.0,34254848,277643264,0.5
1786957318358,2.0,34254848,277643264,0.5
1786957318861,2.0,34254848,277643264,1.0
1786957319365,2.0,34254848,277643264,0.5
1786957319868,2.0,34254848,277643264,1.5
1786957320372,2.0,34254848,277643264,0.0
1786957320875,2.0,34254848,277643264,2.0
1786957321378,2.0,34254848,277643264,0.5
1786957321882,2.0,34254848,277643264,0.5
1786957322385,2.0,34254848,277643264,1.0
1786957322889,2.0,34254848,277643264,1.5
1786957323392,0.0,34254848,277643264,0.5
1786957323896,2.0,34254848,277643264,0.5
1786957324400,2.0,34254848,277643264,0.0
1786957324904,2.0,34254848,277643264,1.5
1786957325407,2.0,34254848,277643264,0.5
1786957325911,4.0,34254848,277643264,1.0
1786957326414,0.0,34254848,277643264,0.5
1786957326918,2.0,34254848,277643264,1.5
1786957327422,2.0,34254848,277643264,0.5
1786957327925,2.0,34254848,277643264,1.5
1786957328429,2.0,34254848,277643264,1.0
1786957328931,2.0,34254848,277643264,1.0
1786957329435,2.0,34254848,277643264,0.0
1786957329938,2.0,34254848,277643264,1.5
1786957330441,2.0,34254848,277643264,0.5
1786957330945,2.0,34254848,277643264,1.0
1786957331449,2.0,34254848,277643264,0.0
1786957331952,2.0,34254848,277643264,1.5
1786957332456,2.0,34254848,277643264,0.0
1786957332959,2.0,34254848,277643264,1.0
1786957333463,0.0,34254848,277643264,0.5
1786957333966,2.0,34254848,277643264,0.5
1786957334469,0.0,34254848,277643264,1.5
1786957334972,2.0,34254848,277643264,1.5
1786957335476,4.0,34254848,277643264,0.5
1786957335979,2.0,34254848,277643264,1.0
1786957336483,2.0,34254848,277643264,1.0
1786957336986,2.0,34254848,277643264,1.0
1786957337489,2.0,34254848,277643264,1.0
1786957337993,0.0,34254848,277643264,0.0
1786957338496,2.0,34254848,277643264,1.0
1786957338999,2.0,34254848,277643264,0.5
1786957339502,4.0,34254848,277643264,0.0
1786957340005,0.0,34254848,277643264,1.5
1786957340508,2.0,34254848,277643264,0.0
1786957341012,2.0,34254848,277643264,1.5
1786957341515,2.0,34254848,277643264,0.5
1786957342019,2.0,34254848,277643264,1.0
1786957342522,0.0,34254848,277643264,0.0
1786957343026,2.0,34254848,277643264,0.5
1786957343530,4.0,34254848,277643264,1.5
1786957344034,2.0,34254848,277643264,1.0
1786957344538,2.0,34254848,277643264,1.0
1786957345041,2.0,34254848,277643264,1.0
1786957345545,2.0,34254848,277643264,0.5
1786957346048,2.0,34254848,277643264,1.0
1786957346551,2.0,34254848,277643264,0.5
1786957347054,0.0,34254848,277643264,1.0
1786957347559,2.0,34254848,277643264,0.5
1786957348062,0.0,34254848,277643264,0.5
1786957348566,2.0,34254848,277643264,1.5
1786957349069,2.0,34254848,277643264,0.5
1786957349572,4.0,34254848,277643264,0.5
1786957350076,2.0,34254848,277643264,0.5
1786957350579,2.0,34254848,277643264,0.0
1786957351083,0.0,34254848,277643264,1.5
1786957351587,4.0,34254848,277643264,0.5
1786957352091,2.0,34254848,277643264,1.0
1786957352596,2.0,34254848,277643264,1.5
1786957353099,0.0,34254848,277643264,1.5
1786957353603,2.0,34254848,277643264,0.5
1786957354108,2.0,34254848,277643264,0.5
1786957354612,4.0,34254848,277643264,0.5
1786957355117,2.0,34254848,277643264,1.0
1786957355620,2.0,34254848,277643264,0.0
1786957356125,2.0,34254848,277643264,0.5
1786957356629,2.0,34254848,277643264,1.5
1786957357134,0.0,34254848,277643264,0.0
1786957357637,4.0,34254848,277643264,1.5
1786957358140,0.0,34254848,277643264,0.0
1786957358644,2.0,34254848,277643264,1.5
1786957359148,2.0,34254848,277643264,0.0
1786957359651,2.0,34254848,277643264,2.0
1786957360155,0.0,34254848,277643264,0.0
1786957360659,4.0,34254848,277643264,1.5
1786957361162,2.0,34254848,277643264,0.0
1786957361666,2.0,34254848,277643264,1.0
1786957362170,2.0,34254848,277643264,0.0
1786957362672,2.0,34254848,277643264,2.0
1786957363175,0.0,34254848,277643264,0.5
1786957363679,4.0,34254848,277643264,1.0
1786957364182,2.0,34254848,277643264,0.0
1786957364685,2.0,34254848,277643264,1.5
1786957365188,2.0,34254848,277643264,0.5
1786957365691,2.0,34254848,277643264,0.5
1786957366194,2.0,34254848,277643264,1.0
1786957366698,2.0,34254848,277643264,1.5
1786957367201,0.0,34254848,277643264,0.5
1786957367704,4.0,34254848,277643264,1.0
1786957368208,0.0,34254848,277643264,1.0
1786957368711,4.0,34254848,277643264,1.0
1786957369214,2.0,34254848,277643264,0.5
1786957369717,2.0,34254848,277643264,1.5
1786957370221,2.0,34254848,277643264,0.5
1786957370724,0.0,34254848,277643264,1.5
1786957371228,2.0,34254848,277643264,0.5
1786957371731,2.0,34254848,277643264,0.0
1786957372234,2.0,34254848,277643264,0.5
1786957372738,2.0,34254848,277643264,2.0
1786957373241,4.0,34254848,277643264,0.0
1786957373744,0.0,34254848,277643264,1.0
1786957374247,2.0,34254848,277643264,0.5
1786957374750,2.0,34254848,277643264,1.0
1786957375255,2.0,34254848,277643264,0.5
1786957375760,4.0,34254848,277643264,2.0
1786957376263,2.0,34254848,277643264,0.5
1786957376767,2.0,34254848,277643264,1.0
1786957377270,0.0,34254848,277643264,0.0
1786957377773,4.0,34254848,277643264,1.5
1786957378277,0.0,34254848,277643264,0.5
1786957378780,4.0,34254848,277643264,1.0
1786957379284,2.0,34254848,277643264,0.5
1786957379788,2.0,34254848,277643264,1.5
1786957380291,0.0,34254848,277643264,0.5
1786957380795,2.0,34254848,277643264,1.0
1786957381298,2.0,34254848,277643264,0.5
1786957381801,2.0,34254848,277643264,1.0
1786957382305,2.0,34254848,277643264,1.5
1786957382809,2.0,34254848,277643264,1.0
1786957383312,2.0,34254848,277643264,0.5
1786957383816,2.0,34254848,277643264,0.5
1786957384319,0.0,34254848,277643264,1.0
1786957384822,4.0,34254848,277643264,0.5
1786957385326,0.0,34254848,277643264,0.5
1786957385830,2.0,34254848,277643264,0.5
1786957386333,2.0,34254848,277643264,0.5
1786957386836,2.0,34254848,277643264,1.0
1786957387339,2.0,34254848,277643264,0.0
1786957387842,2.0,34254848,277643264,1.5
1786957388346,0.0,34254848,277643264,0.0
1786957388851,4.0,34254848,277643264,2.0
1786957389354,2.0,34254848,277643264,0.0
1786957389857,0.0,34254848,277643264,1.5
1786957390361,2.0,34254848,277643264,1.0
1786957390865,2.0,34254848,277643264,1.0
1786957391369,2.0,34254848,277643264,0.5
1786957391872,2.0,34254848,277643264,1.5
1786957392377,2.0,34254848,277643264,0.0
1786957392881,2.0,34254848,277643264,1.0
1786957393385,2.0,34254848,277643264,0.0
1786957393888,2.0,34254848,277643264,0.5
1786957394392,0.0,34254848,277643264,0.5
1786957394896,2.0,34254848,277643264,1.5
1786957395400,2.0,34254848,277643264,0.5
1786957395905,4.0,34254848,277643264,1.0
1786957396408,0.0,34254848,277643264,0.5
1786957396912,2.0,34254848,277643264,1.0
1786957397416,2.0,34254848,277643264,0.5
1786957397919,0.0,34254848,277643264,1.0
1786957398423,2.0,34254848,277643264,0.5
1786957398926,2.0,34254848,277643264,1.0
1786957399430,2.0,34254848,277643264,0.5
1786957399934,2.0,34254848,277643264,1.0
1786957400438,0.0,34254848,277643264,0.5
1786957400942,4.0,34254848,277643264,1.5
1786957401446,2.0,34254848,277643264,0.0
1786957401950,2.0,34254848,277643264,2.0
1786957402454,0.0,34254848,277643264,0.0
1786957402957,2.0,34254848,277643264,1.0
1786957403460,2.0,34254848,277643264,0.0
1786957403964,4.0,34254848,277643264,1.0
1786957404467,0.0,34254848,277643264,0.5
1786957404971,2.0,34254848,277643264,1.0
1786957405475,2.0,34254848,277643264,0.5
1786957405979,2.0,34254848,277643264,1.0
1786957406483,2.0,34254848,277643264,1.0
1786957406986,2.0,34254848,277643264,0.5
1786957407490,2.0,34254848,277643264,0.5
1786957407993,2.0,34254848,277643264,1.0
1786957408497,2.0,34254848,277643264,0.5
1786957409001,0.0,34254848,277643264,1.5
1786957409505,2.0,34254848,277643264,0.0
1786957410008,2.0,34254848,277643264,1.0
1786957410511,2.0,34254848,277643264,1.0
1786957411015,2.0,34254848,277643264,1.0
1786957411519,2.0,34254848,277643264,0.5
1786957412022,2.0,34254848,277643264,1.0
1786957412525,2.0,34254848,277643264,1.0
1786957413028,0.0,34254848,277643264,1.5
1786957413531,4.0,34254848,277643264,0.0
1786957414035,0.0,34254848,277643264,1.0
1786957414538,2.0,34254848,277643264,1.0
1786957415042,2.0,34254848,277643264,0.5
1786957415546,2.0,34254848,277643264,1.0
1786957416050,2.0,34254848,277643264,0.5
1786957416553,2.0,34254848,277643264,0.5
1786957417056,0.0,34254848,277643264,1.0
1786957417559,2.0,34254848,277643264,0.5
1786957418062,4.0,34254848,277643264,1.0
1786957418565,0.0,34254848,277643264,0.5
1786957419068,2.0,34254848,277643264,1.0
1786957419571,2.0,34254848,277643264,1.5
1786957420075,2.0,34254848,277643264,1.0
1786957420579,2.0,34254848,277643264,1.0
1786957421082,2.0,34254848,277643264,1.5
1786957421585,2.0,34254848,277643264,0.5
1786957422089,2.0,34254848,277643264,1.5
1786957422593,2.0,34254848,277643264,0.5
1786957423097,0.0,34254848,277643264,0.5
1786957423600,2.0,34254848,277643264,1.0
1786957424103,4.0,34254848,277643264,0.5
1786957424607,0.0,34254848,277643264,1.0
1786957425112,2.0,34254848,277643264,0.5
1786957425615,2.0,34254848,277643264,1.0
1786957426120,2.0,34254848,277643264,0.5
1786957426623,2.0,34254848,277643264,2.0
1786957427127,2.0,34254848,277643264,0.5
1786957427631,2.0,34254848,277643264,1.5
1786957428135,0.0,34254848,277643264,1.0
1786957428638,4.0,34254848,277643264,0.5
1786957429140,2.0,34254848,277643264,0.5
1786957429643,2.0,34254848,277643264,1.5
1786957430146,2.0,34254848,277643264,0.0
1786957430649,0.0,34254848,277643264,1.5
1786957431152,2.0,34254848,277643264,1.0
1786957431657,2.0,34254848,277643264,1.5
1786957432160,2.0,34254848,277643264,0.0
1786957432664,2.0,34254848,277643264,1.5
1786957433167,2.0,34254848,277643264,0.0
1786957433671,0.0,34254848,277643264,2.0
1786957434174,4.0,34254848,277643264,0.0
1786957434678,2.0,34254848,277643264,1.5
1786957435182,2.0,34254848,277643264,0.0
1786957435686,2.0,34254848,277643264,2.0
1786957436189,0.0,34254848,277643264,0.5
1786957436692,4.0,34254848,277643264,2.0
1786957437195,0.0,34254848,277643264,0.5
1786957437698,4.0,34254848,277643264,0.5
1786957438202,0.0,34254848,277643264,0.5
1786957438706,2.0,34254848,277643264,2.0
1786957439209,0.0,34254848,277643264,0.5
1786957439713,2.0,34254848,277643264,1.5
1786957440216,2.0,34254848,277643264,0.0
1786957440720,4.0,34254848,277643264,1.5
1786957441223,2.0,34254848,277643264,0.5
1786957441726,2.0,34254848,277643264,0.5
1786957442230,0.0,34254848,277643264,1.0
1786957442734,4.0,34254848,277643264,2.5
1786957443237,0.0,34254848,277643264,0.0
1786957443740,2.0,34254848,277643264,1.5
1786957444243,2.0,34254848,277643264,0.0
1786957444747,2.0,34254848,277643264,1.0
1786957445250,2.0,34254848,277643264,0.0
1786957445752,2.0,34254848,277643264,1.5
1786957446255,2.0,34254848,277643264,0.0
1786957446758,2.0,34254848,277643264,2.0
1786957447262,2.0,34254848,277643264,0.0
1786957447766,2.0,34254848,277643264,1.5
1786957448269,0.0,34254848,277643264,0.5
1786957448773,4.0,34254848,277643264,1.0
1786957449277,0.0,34254848,277643264,0.0
1786957449780,2.0,34254848,277643264,1.5
1786957450283,0.0,34254848,277643264,0.0
1786957450787,6.0,34254848,277643264,1.5
1786957451291,0.0,34254848,277643264,0.5
1786957451796,2.0,34254848,277643264,1.0
1786957452298,2.0,34254848,277643264,0.5
1786957452802,2.0,34254848,277643264,1.5
1786957453306,2.0,34254848,277643264,0.5
1786957453809,0.0,34254848,277643264,1.0
1786957454313,2.0,34254848,277643264,1.0
1786957454816,2.0,34254848,277643264,1.5
1786957455320,2.0,34254848,277643264,0.5
1786957455823,2.0,34254848,277643264,2.0
1786957456327,2.0,34254848,277643264,0.5
1786957456830,2.0,34254848,277643264,1.5
1786957457334,2.0,34254848,277643264,0.5
1786957457837,2.0,34254848,277643264,1.0
1786957458341,2.0,34254848,277643264,0.5
1786957458844,2.0,34254848,277643264,1.0
1786957459347,0.0,34254848,277643264,0.0
1786957459850,4.0,34254848,277643264,1.5
1786957460353,0.0,34254848,277643264,0.5
1786957460856,4.0,34254848,277643264,1.0
1786957461359,0.0,34254848,277643264,1.0
1786957461862,2.0,34254848,277643264,1.0
1786957462366,2.0,34254848,277643264,0.5
1786957462870,2.0,34254848,277643264,1.5
1786957463374,2.0,34254848,277643264,0.5
1786957463878,2.0,34254848,277643264,1.0
1786957464381,2.0,34254848,277643264,0.5
1786957464884,2.0,34254848,277643264,1.0
1786957465387,2.0,34254848,277643264,1.0
1786957465890,2.0,34254848,277643264,0.0
1786957466394,0.0,34254848,277643264,1.0
1786957466898,4.0,34254848,277643264,1.0
1786957467401,0.0,34254848,277643264,1.0
1786957467904,2.0,34254848,277643264,1.5
1786957468408,0.0,34254848,277643264,0.0
1786957468911,2.0,34254848,277643264,1.0
1786957469414,4.0,34254848,277643264,0.0
1786957469918,0.0,34254848,277643264,1.5
1786957470422,2.0,34254848,277643264,0.0
1786957470925,2.0,34254848,277643264,1.0
1786957471429,2.0,34254848,277643264,0.5
1786957471932,2.0,34254848,277643264,1.0
1786957472436,2.0,34254848,277643264,0.0
1786957472939,2.0,34254848,277643264,1.0
1786957473444,0.0,34254848,277643264,0.5
1786957473947,4.0,34254848,277643264,1.0
1786957474451,0.0,34254848,277643264,0.0
1786957474954,2.0,34254848,277643264,1.5
1786957475458,2.0,34254848,277643264,0.5
1786957475961,4.0,34254848,277643264,1.0
1786957476464,0.0,34254848,277643264,0.5
1786957476968,2.0,34254848,277643264,1.0
1786957477472,2.0,34254848,277643264,0.0
1786957477976,2.0,34254848,277643264,0.5
1786957478480,0.0,34254848,277643264,1.0
1786957478984,2.0,34254848,277643264,2.0
1786957479487,4.0,34254848,277643264,0.5
1786957479990,2.0,34254848,277643264,1.5
1786957480494,0.0,34254848,277643264,0.0
1786957480997,2.0,34254848,277643264,0.5
1786957481500,2.0,34254848,277643264,0.5
1786957482004,2.0,34254848,277643264,1.0
1786957482508,2.0,34254848,277643264,0.0
1786957483011,2.0,34254848,277643264,0.5
1786957483515,0.0,34254848,277643264,0.5
1786957484018,2.0,34254848,277643264,1.5
1786957484522,2.0,34254848,277643264,0.0
1786957485025,2.0,34254848,277643264,2.5
1786957485529,2.0,34254848,277643264,0.0
1786957486032,2.0,34254848,277643264,1.5
1786957486536,2.0,34254848,277643264,0.5
1786957487040,2.0,34254848,277643264,1.0
1786957487544,2.0,34254848,277643264,0.5
1786957488047,2.0,34254848,277643264,0.5
1786957488550,2.0,34254848,277643264,1.5
1786957489053,0.0,34254848,277643264,1.0
1786957489556,2.0,34254848,277643264,1.0
1786957490060,4.0,34254848,277643264,0.5
1786957490564,2.0,34254848,277643264,0.5
1786957491068,2.0,34254848,277643264,1.0
1786957491571,2.0,34254848,277643264,0.0
1786957492074,0.0,34254848,277643264,1.5
1786957492578,2.0,34254848,277643264,0.5
1786957493081,2.0,34254848,277643264,1.5
1786957493584,2.0,34254848,277643264,0.5
1786957494088,2.0,34254848,277643264,0.5
1786957494591,2.0,34254848,277643264,1.0
1786957495095,2.0,34254848,277643264,0.5
1786957495599,2.0,34254848,277643264,1.5
1786957496102,0.0,34254848,277643264,1.0
1786957496605,2.0,34254848,277643264,1.0
1786957497111,2.0,34254848,277643264,1.5
1786957497615,2.0,34254848,277643264,1.5
1786957498120,2.0,34254848,277643264,0.0
1786957498624,2.0,34254848,277643264,1.0
1786957499130,2.0,34254848,277643264,1.0
1786957499633,2.0,34254848,277643264,0.5
1786957500136,0.0,34254848,277643264,0.5
1786957500639,2.0,34254848,277643264,1.0
1786957501143,2.0,34254848,277643264,0.5
1786957501647,2.0,34254848,277643264,1.0
1786957502151,2.0,34254848,277643264,1.0
1786957502654,2.0,34254848,277643264,1.5
1786957503158,2.0,34254848,277643264,1.0
1786957503662,2.0,34254848,277643264,1.0
1786957504165,2.0,34254848,277643264,0.0
1786957504668,2.0,34254848,277643264,1.5
1786957505173,0.0,34254848,277643264,0.0
1786957505676,2.0,34254848,277643264,1.5
1786957506180,4.0,34254848,277643264,0.0
1786957506683,4.0,34254848,277643264,1.0
1786957507186,0.0,34254848,277643264,1.0
1786957507690,2.0,34254848,277643264,1.0
1786957508193,0.0,34254848,277643264,0.5
1786957508698,4.0,34254848,277643264,1.0
1786957509202,0.0,34254848,277643264,0.5
1786957509705,2.0,34254848,277643264,1.0
1786957510209,2.0,34254848,277643264,1.0
1786957510713,2.0,34254848,277643264,1.0
1786957511216,2.0,34254848,277643264,0.5
1786957511720,4.0,34254848,277643264,1.0
1786957512223,0.0,34254848,277643264,0.5
1786957512727,2.0,34254848,277643264,1.0
1786957513230,2.0,34254848,277643264,0.5
1786957513733,2.0,34254848,277643264,1.0
1786957514235,0.0,34254848,277643264,0.5
1786957514738,2.0,34254848,277643264,1.5
1786957515243,2.0,34254848,277643264,0.5
1786957515746,2.0,34254848,277643264,1.5
1786957516249,2.0,34254848,277643264,0.0
1786957516752,2.0,34254848,277643264,1.5
1786957517256,2.0,34254848,277643264,0.0
1786957517759,2.0,34254848,277643264,1.5
1786957518263,0.0,34254848,277643264,0.0
1786957518766,2.0,34254848,277643264,1.5
1786957519269,2.0,34254848,277643264,0.0
1786957519773,2.0,34254848,277643264,2.0
1786957520276,2.0,34254848,277643264,0.5
1786957520779,2.0,34254848,277643264,1.5
1786957521282,2.0,34254848,277643264,0.5
1786957521786,2.0,34254848,277643264,1.5
1786957522289,0.0,34254848,277643264,1.5
1786957522793,2.0,34254848,277643264,1.5
1786957523295,2.0,34254848,277643264,1.0
1786957523799,4.0,34254848,277643264,1.5
1786957524302,0.0,34254848,277643264,0.5
1786957524805,4.0,34254848,277643264,1.5
1786957525309,0.0,34254848,277643264,1.0
1786957525813,4.0,34254848,277643264,1.0
1786957526315,2.0,34254848,277643264,0.5
1786957526819,2.0,34254848,277643264,2.0
1786957527322,0.0,34254848,277643264,0.0
1786957527826,2.0,34254848,277643264,1.0
1786957528330,2.0,34254848,277643264,1.0
1786957528833,2.0,34254848,277643264,1.0
1786957529336,2.0,34254848,277643264,1.0
1786957529840,2.0,34254848,277643264,0.5
1786957530343,2.0,34254848,277643264,1.0
1786957530847,0.0,34254848,277643264,0.5
1786957531350,2.0,34254848,277643264,0.0
1786957531853,2.0,34254848,277643264,2.0
1786957532357,2.0,34254848,277643264,0.5
1786957532860,4.0,34254848,277643264,0.5
1786957533363,0.0,34254848,277643264,0.5
1786957533866,2.0,34254848,277643264,0.5
1786957534370,2.0,34254848,277643264,0.5
1786957534875,2.0,34254848,277643264,2.0
1786957535378,0.0,34254848,277643264,0.5
1786957535881,2.0,34254848,277643264,1.5
1786957536384,2.0,34254848,277643264,0.0
1786957536887,2.0,34254848,277643264,1.0
1786957537391,2.0,34254848,277643264,1.5
1786957537894,2.0,34254848,277643264,0.0
1786957538397,2.0,34254848,277643264,0.5
1786957538901,2.0,34254848,277643264,2.0
1786957539404,0.0,34254848,277643264,1.0
1786957539908,2.0,34254848,277643264,1.0
1786957540411,2.0,34254848,277643264,0.5
1786957540914,2.0,34254848,277643264,1.0
1786957541417,2.0,34254848,277643264,0.5
1786957541922,2.0,34254848,277643264,1.5
1786957542426,4.0,34254848,277643264,0.0
1786957542929,2.0,34254848,277643264,1.0
1786957543432,0.0,34254848,277643264,0.5
1786957543935,2.0,34254848,277643264,0.5
1786957544438,2.0,34254848,277643264,0.0
1786957544942,2.0,34254848,277643264,1.5
1786957545446,2.0,34254848,277643264,1.0
1786957545949,2.0,34254848,277643264,1.0
1786957546453,2.0,34254848,277643264,0.0
1786957546956,2.0,34254848,277643264,1.5
1786957547459,0.0,34254848,277643264,0.5
1786957547962,4.0,34254848,277643264,1.0
1786957548466,0.0,34254848,277643264,0.5
1786957548970,4.0,34254848,277643264,1.0
1786957549474,0.0,34254848,277643264,1.0
1786957549978,4.0,34254848,277643264,1.0
1786957550481,0.0,34254848,277643264,1.0
1786957550984,2.0,34254848,277643264,1.0
1786957551487,2.0,34254848,277643264,0.0
1786957551991,2.0,34254848,277643264,2.0
1786957552494,0.0,34254848,277643264,0.0
1786957552998,4.0,34254848,277643264,0.0
1786957553501,2.0,34254848,277643264,0.5
1786957554004,2.0,34254848,277643264,1.0
1786957554508,0.0,34254848,277643264,0.0
1786957555012,4.0,34254848,277643264,2.0
1786957555515,0.0,34254848,277643264,0.5
1786957556018,4.0,34254848,277643264,1.0
1786957556523,0.0,34254848,277643264,0.5
1786957557026,2.0,34254848,277643264,1.5
1786957557531,2.0,34254848,277643264,0.5
1786957558034,2.0,34254848,277643264,1.5
1786957558538,2.0,34254848,277643264,0.5
1786957559041,2.0,34254848,277643264,2.0
1786957559544,2.0,34254848,277643264,0.0
1786957560047,4.0,34254848,277643264,0.5
1786957560551,0.0,34254848,277643264,0.5
1786957561054,2.0,34254848,277643264,1.0
1786957561558,2.0,34254848,277643264,0.0
1786957562062,2.0,34254848,277643264,1.5
1786957562566,2.0,34254848,277643264,0.0
1786957563069,2.0,34254848,277643264,2.0
1786957563572,2.0,34254848,277643264,1.0
1786957564076,2.0,34254848,277643264,0.5
1786957564579,2.0,34254848,277643264,0.5
1786957565082,2.0,34254848,277643264,1.0
1786957565586,2.0,34254848,277643264,1.0
1786957566090,2.0,34254848,277643264,1.0
1786957566593,0.0,34254848,277643264,0.5
1786957567097,4.0,34254848,277643264,1.5
1786957567600,2.0,34254848,277643264,0.0
1786957568104,2.0,34254848,277643264,1.0
1786957568607,4.0,34254848,277643264,1.0
1786957569113,0.0,34254848,277643264,0.5
1786957569616,2.0,34254848,277643264,1.5
1786957570121,2.0,34254848,277643264,0.5
1786957570624,4.0,34254848,277643264,1.5
1786957571128,0.0,34254848,277643264,0.0
1786957571632,2.0,34254848,277643264,1.5
1786957572135,2.0,34254848,277643264,0.5
1786957572638,2.0,34254848,277643264,1.0
1786957573142,2.0,34254848,277643264,0.5
1786957573645,2.0,34254848,277643264,2.0
1786957574148,2.0,34254848,277643264,0.5
1786957574651,2.0,34254848,277643264,1.5
1786957575155,2.0,34254848,277643264,0.0
1786957575659,2.0,34254848,277643264,1.5
1786957576162,2.0,34254848,277643264,0.5
1786957576665,2.0,34254848,277643264,1.0
1786957577169,2.0,34254848,277643264,1.5
1786957577672,4.0,34254848,277643264,1.0
1786957578176,0.0,34254848,277643264,1.0
1786957578680,2.0,34254848,277643264,1.0
1786957579184,2.0,34254848,277643264,0.0
1786957579687,2.0,34254848,277643264,1.5
1786957580190,2.0,34254848,277643264,0.0
1786957580694,4.0,34254848,277643264,1.5
1786957581197,0.0,34254848,277643264,0.0
1786957581701,2.0,34254848,277643264,1.5
1786957582204,2.0,34254848,277643264,1.0
1786957582709,2.0,34254848,277643264,0.5
1786957583212,2.0,34254848,277643264,0.5
1786957583716,2.0,34254848,277643264,2.0
1786957584219,2.0,34254848,277643264,0.0
1786957584723,2.0,34254848,277643264,1.0
1786957585229,2.0,34254848,277643264,0.5
1786957585732,2.0,34254848,277643264,1.5
1786957586236,4.0,34254848,277643264,0.0
1786957586739,2.0,34254848,277643264,2.5
1786957587243,0.0,34254848,277643264,0.5
1786957587746,2.0,34254848,277643264,1.0
1786957588250,2.0,34254848,277643264,0.5
1786957588753,4.0,34254848,277643264,2.0
1786957589257,0.0,34254848,277643264,0.0
1786957589761,2.0,34254848,277643264,1.0
1786957590266,2.0,34254848,277643264,1.0
1786957590769,4.0,34254848,277643264,2.0
1786957591272,2.0,34254848,277643264,0.0
1786957591775,2.0,34254848,277643264,2.0
1786957592278,0.0,34254848,277643264,0.0
1786957592781,2.0,34254848,277643264,2.5
1786957593284,4.0,34254848,277643264,1.0
1786957593788,2.0,34254848,277643264,1.5
1786957594291,2.0,34254848,277643264,0.0
1786957594794,2.0,34254848,277643264,1.0
1786957595298,0.0,34254848,277643264,0.5
1786957595801,2.0,34254848,277643264,1.0
1786957596305,2.0,34254848,277643264,1.0
1786957596808,4.0,34254848,277643264,1.0
1786957597312,2.0,34254848,277643264,1.0
1786957597815,2.0,34254848,277643264,1.0
1786957598319,0.0,34254848,277643264,0.5
1786957598822,2.0,34254848,277643264,1.5
1786957599325,2.0,34254848,277643264,0.5
1786957599829,4.0,34254848,277643264,1.5
1786957600332,0.0,34254848,277643264,1.5
1786957600836,2.0,34254848,277643264,1.5
1786957601339,4.0,34254848,277643264,0.0
1786957601842,2.0,34254848,277643264,1.5
1786957602346,0.0,34254848,277643264,0.0
1786957602849,2.0,34254848,277643264,1.5
1786957603352,2.0,34254848,277643264,0.5
1786957603856,2.0,34254848,277643264,1.5
1786957604358,0.0,34254848,277643264,0.5
1786957604862,4.0,34254848,277643264,1.0
1786957605366,2.0,34254848,277643264,0.5
1786957605869,0.0,34254848,277643264,1.5
1786957606373,2.0,34254848,277643264,0.0
1786957606876,2.0,34254848,277643264,1.0
1786957607380,0.0,34254848,277643264,0.5
1786957607883,4.0,34254848,277643264,1.0
1786957608386,2.0,34254848,277643264,0.5
1786957608890,2.0,34254848,277643264,1.0
1786957609394,0.0,34254848,277643264,0.5
1786957609898,4.0,34254848,277643264,1.5
1786957610401,0.0,34254848,277643264,0.5
1786957610905,2.0,34254848,277643264,1.5
1786957611408,2.0,34254848,277643264,0.5
1786957611912,2.0,34254848,277643264,1.5
1786957612416,2.0,34254848,277643264,1.0
1786957612920,0.0,34254848,277643264,0.5
1786957613423,2.0,34254848,277643264,0.5
1786957613926,2.0,34254848,277643264,0.5
1786957614430,2.0,34254848,277643264,1.0
1786957614933,4.0,34254848,277643264,1.5
1786957615437,0.0,34254848,277643264,0.0
1786957615940,2.0,34254848,277643264,2.0
1786957616444,2.0,34254848,277643264,0.5
1786957616947,2.0,34254848,277643264,1.0
1786957617450,2.0,34254848,277643264,0.5
1786957617955,2.0,34254848,277643264,1.5
1786957618459,0.0,34254848,277643264,0.5
1786957618962,2.0,34254848,277643264,1.5
1786957619465,2.0,34254848,277643264,0.5
1786957619970,4.0,34254848,277643264,2.0
1786957620474,0.0,34254848,277643264,0.0
1786957620977,0.0,34254848,277643264,1.0
1786957621480,4.0,34254848,277643264,0.0
1786957621983,2.0,34254848,277643264,2.0
1786957622487,0.0,34254848,277643264,0.5
1786957622990,2.0,34254848,277643264,1.0
1786957623493,2.0,34254848,277643264,0.0
1786957623996,2.0,34254848,277643264,2.0
1786957624499,0.0,34254848,277643264,1.0
1786957625003,4.0,34254848,277643264,0.5
1786957625506,2.0,34254848,277643264,0.5
1786957626009,2.0,34254848,277643264,1.0
1786957626514,2.0,34254848,277643264,0.5
1786957627017,2.0,34254848,277643264,1.0
1786957627521,0.0,34254848,277643264,0.0
1786957628024,2.0,34254848,277643264,1.5
1786957628528,2.0,34254848,277643264,1.0
1786957629030,2.0,34254848,277643264,1.5
1786957629534,2.0,34254848,277643264,0.0
1786957630037,2.0,34254848,277643264,1.0
1786957630541,0.0,34254848,277643264,0.5
1786957631044,2.0,34254848,277643264,1.5
1786957631548,2.0,34254848,277643264,1.0
1786957632051,2.0,34254848,277643264,1.5
1786957632554,2.0,34254848,277643264,0.5
1786957633057,2.0,34254848,277643264,1.0
1786957633560,2.0,34254848,277643264,0.0
1786957634063,2.0,34254848,277643264,2.0
1786957634567,2.0,34254848,277643264,0.5
1786957635071,0.0,34254848,277643264,2.0
1786957635575,2.0,34254848,277643264,0.0
1786957636078,4.0,34254848,277643264,0.5
1786957636581,2.0,34254848,277643264,1.0
1786957637084,2.0,34254848,277643264,1.0
1786957637588,0.0,34254848,277643264,1.0
1786957638091,2.0,34254848,277643264,0.5
1786957638595,2.0,34254848,277643264,1.5
1786957639099,2.0,34254848,277643264,0.0
1786957639604,2.0,34254848,277643264,1.5
1786957640109,2.0,34254848,277643264,0.5
1786957640613,0.0,34254848,277643264,1.5
1786957641117,4.0,34254848,277643264,1.5
1786957641621,2.0,34254848,277643264,1.5
1786957642126,2.0,34254848,277643264,1.0
1786957642629,2.0,34254848,277643264,0.0
1786957643132,0.0,34254848,277643264,1.0
1786957643635,2.0,34254848,277643264,0.5
1786957644138,2.0,34254848,277643264,1.0
1786957644641,2.0,34254848,277643264,0.5
1786957645144,2.0,34254848,277643264,1.0
1786957645648,2.0,34254848,277643264,1.0
1786957646152,2.0,34254848,277643264,1.5
1786957646655,2.0,34254848,277643264,1.5
1786957647160,2.0,34254848,277643264,0.0
1786957647663,0.0,34254848,277643264,1.5
1786957648166,2.0,34254848,277643264,0.5
1786957648670,2.0,34254848,277643264,1.5
1786957649176,3.9,34254848,277643264,1.5
1786957649679,2.0,34254848,277643264,0.5
1786957650183,0.0,34254848,277643264,0.5
1786957650686,2.0,34254848,277643264,0.5
1786957651190,2.0,34254848,277643264,0.5
1786957651693,2.0,34254848,277643264,1.0
1786957652197,2.0,34254848,277643264,1.5
1786957652700,2.0,34254848,277643264,0.5
1786957653203,2.0,34254848,277643264,0.5
1786957653706,2.0,34254848,277643264,0.5
1786957654211,2.0,34254848,277643264,0.5
1786957654715,0.0,34254848,277643264,1.0
1786957655218,2.0,34254848,277643264,0.5
1786957655721,2.0,34254848,277643264,1.0
1786957656224,4.0,34254848,277643264,0.0
1786957656729,2.0,34254848,277643264,1.5
1786957657232,0.0,34254848,277643264,0.0
1786957657736,2.0,34254848,277643264,1.0
1786957658239,2.0,34254848,277643264,0.0
1786957658743,2.0,34254848,277643264,1.0
1786957659247,0.0,34254848,277643264,0.5
1786957659750,4.0,34254848,277643264,1.0
1786957660253,0.0,34254848,277643264,0.5
1786957660758,2.0,34254848,277643264,1.0
1786957661262,2.0,34254848,277643264,0.5
1786957661765,4.0,34254848,277643264,1.5
1786957662269,0.0,34254848,277643264,0.5
1786957662773,4.0,34254848,277643264,1.0
1786957663276,0.0,34254848,277643264,0.5
1786957663780,2.0,34254848,277643264,1.0
1786957664283,2.0,34254848,277643264,0.5
1786957664788,2.0,34254848,277643264,0.5
1786957665291,0.0,34254848,277643264,0.5
1786957665794,4.0,34254848,277643264,1.0
1786957666298,2.0,34254848,277643264,0.0
1786957666801,2.0,34254848,277643264,1.5
1786957667306,0.0,34254848,277643264,0.0
1786957667809,4.0,34254848,277643264,1.5
1786957668313,0.0,34254848,277643264,0.5
1786957668819,2.0,34254848,277643264,0.5
1786957669323,2.0,34254848,277643264,0.5
1786957669826,2.0,34254848,277643264,1.0
1786957670329,2.0,34254848,277643264,0.0
1786957670832,2.0,34254848,277643264,1.5
1786957671336,0.0,34254848,277643264,1.0
1786957671839,4.0,34254848,277643264,0.5
1786957672343,2.0,34254848,277643264,0.5
1786957672846,2.0,34254848,277643264,1.0
1786957673350,0.0,34254848,277643264,0.0
1786957673853,2.0,34254848,277643264,1.0
1786957674357,2.0,34254848,277643264,1.0
1786957674860,2.0,34254848,277643264,0.5
1786957675364,0.0,34254848,277643264,0.0
1786957675868,2.0,34254848,277643264,2.0
1786957676371,2.0,34254848,277643264,0.5
1786957676875,2.0,34254848,277643264,1.0
1786957677378,2.0,34254848,277643264,0.5
1786957677882,2.0,34254848,277643264,1.5
1786957678385,4.0,34254848,277643264,0.5
1786957678888,2.0,34254848,277643264,0.5
1786957679391,0.0,34254848,277643264,0.0
1786957679894,2.0,34254848,277643264,1.5
1786957680397,2.0,34254848,277643264,1.0
1786957680901,2.0,34254848,277643264,0.5
1786957681404,2.0,34254848,277643264,1.0
1786957681907,0.0,34254848,277643264,1.0
1786957682412,2.0,34254848,277643264,0.5
1786957682915,2.0,34254848,277643264,0.5
1786957683419,2.0,34254848,277643264,0.5
1786957683923,4.0,34254848,277643264,1.0
1786957684426,0.0,34254848,277643264,0.0
1786957684930,2.0,34254848,277643264,0.0
1786957685434,2.0,34254848,277643264,1.0
1786957685937,2.0,34254848,277643264,0.0
1786957686441,2.0,34254848,277643264,0.5
1786957686944,2.0,34254848,277643264,0.5
1786957687446,2.0,34254848,277643264,0.5
1786957687949,2.0,34254848,277643264,1.0
1786957688452,0.0,34254848,277643264,0.5
1786957688956,2.0,34254848,277643264,1.5
1786957689460,2.0,34254848,277643264,1.0
1786957689964,2.0,34254848,277643264,1.0
1786957690468,0.0,34254848,277643264,0.0
1786957690973,2.0,34254848,277643264,0.5
1786957691476,4.0,34254848,277643264,0.5
1786957691980,2.0,34254848,277643264,0.5
1786957692484,0.0,34254848,277643264,0.5
1786957692988,4.0,34254848,277643264,0.5
1786957693491,0.0,34254848,277643264,1.0
1786957693995,2.0,34254848,277643264,1.5
1786957694498,2.0,34254848,277643264,0.0
1786957695001,2.0,34254848,277643264,1.0
1786957695505,0.0,34254848,277643264,1.0
1786957696008,4.0,34254848,277643264,1.0
1786957696512,2.0,34254848,277643264,0.5
1786957697016,0.0,34254848,277643264,0.5
1786957697519,2.0,34254848,277643264,1.0
1786957698023,2.0,34254848,277643264,1.0
1786957698526,2.0,34254848,277643264,0.0
1786957699029,2.0,34254848,277643264,1.5
1786957699533,2.0,34254848,277643264,0.0
1786957700038,2.0,34254848,277643264,1.0
1786957700542,0.0,34254848,277643264,0.0
1786957701045,4.0,34254848,277643264,1.5
1786957701548,0.0,34254848,277643264,0.0
1786957702052,2.0,34254848,277643264,1.0
1786957702556,2.0,34254848,277643264,0.5
1786957703060,2.0,34254848,277643264,1.5
1786957703565,4.0,34254848,277643264,0.0
1786957704069,0.0,34254848,277643264,0.0
1786957704572,2.0,34254848,277643264,0.5
1786957705075,2.0,34254848,277643264,1.0
1786957705579,2.0,34254848,277643264,1.0
1786957706082,2.0,34254848,277643264,1.0
1786957706586,2.0,34254848,277643264,0.5
1786957707090,2.0,34254848,277643264,1.0
1786957707594,2.0,34254848,277643264,0.5
1786957708098,2.0,34254848,277643264,1.0
1786957708601,0.0,34254848,277643264,1.5
1786957709106,4.0,34254848,277643264,1.5
1786957709610,0.0,34254848,277643264,1.5
1786957710116,2.0,34254848,277643264,0.0
1786957710619,2.0,34254848,277643264,1.0
1786957711125,2.0,34254848,277643264,1.0
1786957711628,2.0,34254848,277643264,0.0
1786957712132,2.0,34254848,277643264,0.5
1786957712635,2.0,34254848,277643264,1.5
1786957713139,2.0,34254848,277643264,1.0
1786957713644,2.0,34254848,277643264,0.5
1786957714147,2.0,34254848,277643264,0.5
1786957714651,2.0,34254848,277643264,1.0
1786957715155,0.0,34254848,277643264,1.0
1786957715659,2.0,34254848,277643264,0.5
1786957716163,4.0,34254848,277643264,1.0
1786957716667,0.0,34254848,277643264,1.0
1786957717171,2.0,34254848,277643264,1.0
1786957717675,2.0,34254848,277643264,0.5
1786957718179,2.0,34254848,277643264,1.0
1786957718682,0.0,34254848,277643264,0.5
1786957719186,2.0,34254848,277643264,0.5
1786957719690,2.0,34254848,277643264,0.5
1786957720193,2.0,34254848,277643264,0.5
1786957720697,2.0,34254848,277643264,0.5
1786957721201,4.0,34254848,277643264,0.5
1786957721705,0.0,34254848,277643264,0.5
1786957722209,2.0,34254848,277643264,0.0
1786957722712,2.0,34254848,277643264,0.5
1786957723216,2.0,34254848,277643264,0.5
1786957723719,2.0,34254848,277643264,1.0
1786957724223,0.0,34254848,277643264,0.5
1786957724726,2.0,34254848,277643264,0.5
1786957725230,4.0,34254848,277643264,0.5
1786957725733,2.0,34254848,277643264,1.0
1786957726236,2.0,34254848,277643264,1.0
1786957726739,0.0,34254848,277643264,1.0
1786957727243,2.0,34254848,277643264,0.0
1786957727746,2.0,34254848,277643264,0.0
1786957728250,2.0,34254848,277643264,1.0
1786957728753,2.0,34254848,277643264,0.0
1786957729257,2.0,34254848,277643264,0.0
1786957729760,2.0,34254848,277643264,0.5
1786957730265,0.0,34254848,277643264,0.5
1786957730767,2.0,34254848,277643264,1.0
1786957731270,4.0,34254848,277643264,0.0
1786957731775,2.0,34254848,277643264,0.5
1786957732278,0.0,34254848,277643264,0.0
1786957732781,2.0,34254848,277643264,0.5
1786957733287,2.0,34254848,277643264,1.0
1786957733790,2.0,34254848,277643264,1.0
1786957734293,0.0,34254848,277643264,0.0
1786957734796,4.0,34254848,277643264,1.5
1786957735300,0.0,34254848,277643264,0.0
1786957735803,4.0,34254848,277643264,1.0
1786957736307,0.0,34254848,277643264,0.5
1786957736810,4.0,34254848,277643264,0.0
1786957737315,0.0,34254848,277643264,0.5
1786957737819,2.0,34254848,277643264,1.0
1786957738324,2.0,34254848,277643264,0.0
1786957738827,2.0,34254848,277643264,2.0
1786957739330,0.0,34254848,277643264,0.5
1786957739834,2.0,34254848,277643264,2.0
1786957740339,2.0,34254848,277643264,0.5
1786957740841,4.0,34254848,277643264,1.0
1786957741345,0.0,34254848,277643264,0.0
1786957741848,4.0,34254848,277643264,1.5
1786957742351,0.0,34254848,277643264,0.0
1786957742855,2.0,34254848,277643264,1.0
1786957743358,0.0,34254848,277643264,0.0
1786957743861,4.0,34254848,277643264,0.5
1786957744365,2.0,34254848,277643264,0.5
1786957744869,2.0,34254848,277643264,1.0
1786957745373,0.0,34254848,277643264,0.5
1786957745877,2.0,34254848,277643264,0.5
1786957746382,2.0,34254848,277643264,0.5
1786957746885,2.0,34254848,277643264,1.0
1786957747389,0.0,34254848,277643264,0.5
1786957747892,4.0,34254848,277643264,1.5
1786957748395,0.0,34254848,277643264,0.0
1786957748899,2.0,34254848,277643264,0.5
1786957749402,2.0,34254848,277643264,0.0
1786957749907,2.0,34254848,277643264,1.5
1786957750410,2.0,34254848,277643264,0.5
1786957750913,2.0,34254848,277643264,1.0
1786957751417,2.0,34254848,277643264,0.0
1786957751919,2.0,34254848,277643264,1.0
1786957752422,2.0,34254848,277643264,0.0
1786957752925,2.0,34254848,277643264,1.5
1786957753429,0.0,34254848,277643264,0.0
1786957753934,2.0,34254848,277643264,0.5
1786957754439,2.0,34254848,277643264,0.5
1786957754942,2.0,34254848,277643264,0.5
1786957755446,2.0,34254848,277643264,1.0
1786957755950,2.0,34254848,277643264,0.5
1786957756453,0.0,34254848,277643264,0.5
1786957756958,4.0,34254848,277643264,0.5
1786957757461,0.0,34254848,277643264,0.5
1786957757965,4.0,34254848,277643264,0.5
1786957758468,0.0,34254848,277643264,0.5
1786957758972,2.0,34254848,277643264,0.0
1786957759475,2.0,34254848,277643264,0.5
1786957759978,2.0,34254848,277643264,0.5
1786957760482,2.0,34254848,277643264,1.0
1786957760985,2.0,34254848,277643264,0.5
1786957761488,0.0,34254848,277643264,0.5
1786957761991,4.0,34254848,277643264,1.0
1786957762495,0.0,34254848,277643264,0.0
1786957762997,4.0,34254848,277643264,1.0
1786957763501,0.0,34254848,277643264,0.0
1786957764004,2.0,34254848,277643264,0.5
1786957764507,2.0,34254848,277643264,0.5
1786957765010,4.0,34254848,277643264,1.0
1786957765513,0.0,34254848,277643264,0.5
1786957766016,2.0,34254848,277643264,1.0
1786957766520,2.0,34254848,277643264,0.0
1786957767023,2.0,34254848,277643264,0.5
1786957767527,0.0,34254848,277643264,0.0
1786957768031,2.0,34254848,277643264,1.5
1786957768534,2.0,34254848,277643264,0.5
1786957769037,2.0,34254848,277643264,0.5
1786957769541,2.0,34254848,277643264,0.5
1786957770045,2.0,34254848,277643264,1.0
1786957770548,2.0,34254848,277643264,0.5
1786957771052,2.0,34254848,277643264,0.0
1786957771555,2.0,34254848,277643264,0.5
1786957772058,2.0,34254848,277643264,0.5
1786957772562,2.0,34254848,277643264,1.0
1786957773065,0.0,34254848,277643264,0.5
1786957773569,2.0,34254848,277643264,1.0
1786957774072,2.0,34254848,277643264,0.0
1786957774576,2.0,34254848,277643264,0.5
1786957775080,2.0,34254848,277643264,0.5
1786957775584,2.0,34254848,277643264,0.5
1786957776088,2.0,34254848,277643264,1.0
1786957776592,0.0,34254848,277643264,0.5
1786957777096,4.0,34254848,277643264,1.5
1786957777601,2.0,34254848,277643264,0.0
1786957778106,2.0,34254848,277643264,1.0
1786957778610,2.0,34254848,277643264,0.0
1786957779115,0.0,34254848,277643264,2.0
1786957779620,2.0,34254848,277643264,0.5
1786957780126,4.0,34254848,277643264,1.0
1786957780629,0.0,34254848,277643264,0.0
1786957781133,4.0,34254848,277643264,1.0
1786957781638,2.0,34254848,277643264,0.5
1786957782141,2.0,34254848,277643264,0.5
1786957782645,0.0,34254848,277643264,0.5
1786957783148,2.0,34254848,277643264,0.0
1786957783652,2.0,34254848,277643264,0.5
1786957784155,2.0,34254848,277643264,1.0
1786957784659,2.0,34254848,277643264,1.0
1786957785164,2.0,34254848,277643264,1.0
1786957785667,2.0,34254848,277643264,0.5
1786957786171,0.0,34254848,277643264,1.0
1786957786675,4.0,34254848,277643264,0.5
1786957787179,2.0,34254848,277643264,1.0
1786957787683,0.0,34254848,277643264,0.5
1786957788187,2.0,34254848,277643264,1.0
1786957788692,2.0,34254848,277643264,0.5
1786957789195,2.0,34254848,277643264,0.0
1786957789700,2.0,34254848,277643264,1.0
1786957790204,2.0,34254848,277643264,0.5
1786957790708,2.0,34254848,277643264,0.5
1786957791212,2.0,34254848,277643264,1.0
1786957791715,0.0,34254848,277643264,0.0
1786957792219,2.0,34254848,277643264,0.5
1786957792723,2.0,34254848,277643264,1.0
1786957793227,2.0,34254848,277643264,0.5
1786957793731,2.0,34254848,277643264,0.0
1786957794235,2.0,34254848,277643264,1.0
1786957794739,2.0,34254848,277643264,1.0
1786957795243,2.0,34254848,277643264,1.0
1786957795747,2.0,34254848,277643264,0.0
1786957796251,0.0,34254848,277643264,1.5
1786957796754,4.0,34254848,277643264,0.5
1786957797257,2.0,34254848,277643264,0.5
1786957797761,0.0,34254848,277643264,1.0
1786957798265,2.0,34254848,277643264,1.0
1786957798768,2.0,34254848,277643264,1.0
1786957799272,2.0,34254848,277643264,0.5
1786957799775,2.0,34254848,277643264,1.0
1786957800279,0.0,34254848,277643264,0.5
1786957800783,2.0,34254848,277643264,2.0
1786957801287,2.0,34254848,277643264,1.0
1786957801790,2.0,34254848,277643264,0.5
1786957802295,2.0,34254848,277643264,1.0
1786957802799,2.0,34254848,277643264,1.5
1786957803303,2.0,34254848,277643264,0.0
1786957803806,2.0,34254848,277643264,1.5
1786957804309,2.0,34254848,277643264,0.5
1786957804814,2.0,34254848,277643264,1.0
1786957805317,0.0,34254848,277643264,0.0
1786957805820,2.0,34254848,277643264,2.0
1786957806325,2.0,34254848,277643264,0.0
1786957806829,2.0,34254848,277643264,1.0
1786957807332,2.0,34254848,277643264,0.5
1786957807836,2.0,34254848,277643264,1.5
1786957808339,2.0,34254848,277643264,0.0
1786957808843,2.0,34254848,277643264,1.0
1786957809347,0.0,34254848,277643264,0.5
1786957809851,4.0,34254848,277643264,1.0
1786957810355,2.0,34254848,277643264,0.5
1786957810858,2.0,34254848,277643264,0.0
1786957811362,0.0,34254848,277643264,0.5
1786957811865,2.0,34254848,277643264,2.0
1786957812369,2.0,34254848,277643264,0.0
1786957812872,2.0,34254848,277643264,1.5
1786957813377,0.0,34254848,277643264,0.0
1786957813880,6.0,34254848,277643264,1.0
1786957814384,0.0,34254848,277643264,0.0
1786957814887,0.0,34254848,277643264,2.5
1786957815391,2.0,34254848,277643264,0.5
1786957815894,2.0,34254848,277643264,1.0
1786957816398,2.0,34254848,277643264,0.0
1786957816902,4.0,34254848,277643264,1.5
1786957817405,0.0,34254848,277643264,0.5
1786957817908,4.0,34254848,277643264,0.5
1786957818413,0.0,34254848,277643264,0.5
1786957818916,2.0,34254848,277643264,1.0
1786957819419,2.0,34254848,277643264,0.0
1786957819922,2.0,34254848,277643264,1.5
1786957820426,0.0,34254848,277643264,0.5
1786957820929,4.0,34254848,277643264,2.0
1786957821432,2.0,34254848,277643264,0.5
1786957821936,2.0,34254848,277643264,1.5
1786957822439,0.0,34254848,277643264,1.0
1786957822943,2.0,34254848,277643264,1.0
1786957823445,2.0,34254848,277643264,0.5
1786957823951,2.0,34254848,277643264,2.0
1786957824455,2.0,34254848,277643264,0.5
1786957824959,2.0,34254848,277643264,1.5
1786957825462,2.0,34254848,277643264,1.0
1786957825965,2.0,34254848,277643264,1.5
1786957826468,0.0,34254848,277643264,0.5
1786957826971,2.0,34254848,277643264,1.5
1786957827474,2.0,34254848,277643264,0.0
1786957827977,2.0,34254848,277643264,1.5
1786957828480,2.0,34254848,277643264,1.0
1786957828983,2.0,34254848,277643264,1.0
1786957829486,2.0,34254848,277643264,0.5
1786957829990,2.0,34254848,277643264,1.5
1786957830493,0.0,34254848,277643264,1.0
1786957830996,2.0,34254848,277643264,0.5
1786957831499,2.0,34254848,277643264,0.5
1786957832004,2.0,34254848,277643264,1.5
1786957832507,2.0,34254848,277643264,0.0
1786957833011,2.0,34254848,277643264,1.5
1786957833515,2.0,34254848,277643264,0.0
1786957834018,2.0,34254848,277643264,1.0
1786957834522,0.0,34254848,277643264,1.0
1786957835025,2.0,34254848,277643264,0.5
1786957835529,2.0,34254848,277643264,0.0
1786957836032,2.0,34254848,277643264,1.0
1786957836535,2.0,34254848,277643264,1.0
1786957837038,0.0,34254848,277643264,1.0
1786957837541,2.0,34254848,277643264,1.0
1786957838045,4.0,34254848,277643264,1.5
1786957838547,0.0,34254848,277643264,0.5
1786957839051,2.0,34254848,277643264,1.5
1786957839554,2.0,34254848,277643264,0.0
1786957840057,2.0,34254848,277643264,0.5
1786957840561,2.0,34254848,277643264,1.0
1786957841064,2.0,34254848,277643264,1.0
1786957841568,2.0,34254848,277643264,0.5
1786957842072,2.0,34254848,277643264,0.5
1786957842575,0.0,34254848,277643264,0.5
1786957843079,2.0,34254848,277643264,2.0
1786957843582,2.0,34254848,277643264,0.5
1786957844086,2.0,34254848,277643264,0.5
1786957844589,2.0,34254848,277643264,1.0
1786957845093,2.0,34254848,277643264,1.5
1786957845596,2.0,34254848,277643264,0.5
1786957846100,2.0,34254848,277643264,1.0
1786957846603,0.0,34254848,277643264,1.0
1786957847108,4.0,34254848,277643264,0.5
1786957847612,0.0,34254848,277643264,0.0
1786957848118,2.0,34254848,277643264,1.0
1786957848622,4.0,34254848,277643264,1.0
1786957849127,2.0,34254848,277643264,1.5
1786957849630,2.0,34254848,277643264,0.0
1786957850134,2.0,34254848,277643264,1.5
1786957850637,0.0,34254848,277643264,1.0
1786957851141,2.0,34254848,277643264,1.0
1786957851644,2.0,34254848,277643264,0.5
1786957852147,2.0,34254848,277643264,1.0
1786957852651,2.0,34254848,277643264,0.5
1786957853155,2.0,34254848,277643264,0.5
1786957853659,0.0,34254848,277643264,1.0
1786957854163,2.0,34254848,277643264,0.0
1786957854667,4.0,34254848,277643264,1.5
1786957855170,0.0,34254848,277643264,0.5
1786957855674,2.0,34254848,277643264,0.5
1786957856177,2.0,34254848,277643264,1.0
1786957856681,0.0,34254848,277643264,1.5
1786957857184,4.0,34254848,277643264,0.5
1786957857688,2.0,34254848,277643264,0.5
1786957858192,2.0,34254848,277643264,0.5
1786957858695,2.0,34254848,277643264,1.0
1786957859200,0.0,34254848,277643264,0.5
1786957859704,2.0,34254848,277643264,1.0
1786957860208,2.0,34254848,277643264,0.5
1786957860711,2.0,34254848,277643264,2.0
1786957861215,2.0,34254848,277643264,0.5
1786957861718,2.0,34254848,277643264,0.5
1786957862222,2.0,34254848,277643264,0.0
1786957862725,2.0,34254848,277643264,1.5
1786957863229,2.0,34254848,277643264,1.0
1786957863733,0.0,34254848,277643264,1.0
1786957864236,2.0,34254848,277643264,0.5
1786957864740,2.0,34254848,277643264,1.0
1786957865244,2.0,34254848,277643264,0.5
1786957865748,0.0,34254848,277643264,1.0
1786957866252,4.0,34254848,277643264,1.5
1786957866755,0.0,34254848,277643264,0.0
1786957867258,2.0,34254848,277643264,1.0
1786957867762,4.0,34254848,277643264,1.0
1786957868266,2.0,34254848,277643264,1.0
1786957868770,0.0,34254848,277643264,1.0
1786957869275,4.0,34254848,277643264,1.0
1786957869779,0.0,34254848,277643264,0.5
1786957870282,2.0,34254848,277643264,1.0
1786957870786,2.0,34254848,277643264,1.5
1786957871290,2.0,34254848,277643264,0.0
1786957871793,0.0,34254848,277643264,1.5
1786957872296,2.0,34254848,277643264,0.0
1786957872800,4.0,34254848,277643264,1.5
1786957873304,2.0,34254848,277643264,0.5
1786957873807,0.0,34254848,277643264,0.5
1786957874312,2.0,34254848,277643264,0.5
1786957874815,2.0,34254848,277643264,1.0
1786957875318,2.0,34254848,277643264,0.0
1786957875822,2.0,34254848,277643264,1.5
1786957876325,2.0,34254848,277643264,0.5
1786957876828,2.0,34254848,277643264,1.0
1786957877332,0.0,34254848,277643264,1.0
1786957877836,2.0,34254848,277643264,1.0
1786957878339,4.0,34254848,277643264,0.5
1786957878843,2.0,34254848,277643264,1.5
1786957879347,0.0,34254848,277643264,0.5
1786957879850,2.0,34254848,277643264,0.5
1786957880353,2.0,34254848,277643264,0.5
1786957880856,2.0,34254848,277643264,1.0
1786957881360,2.0,34254848,277643264,0.0
1786957881864,2.0,34254848,277643264,2.0
1786957882368,2.0,34254848,277643264,1.0
1786957882871,2.0,34254848,277643264,0.5
1786957883374,0.0,34254848,277643264,0.0
1786957883877,4.0,34254848,277643264,1.0
1786957884381,0.0,34254848,277643264,0.5
1786957884883,2.0,34254848,277643264,0.5
1786957885387,2.0,34254848,277643264,1.0
1786957885890,2.0,34254848,277643264,1.0
1786957886395,0.0,34254848,277643264,0.5
1786957886899,2.0,34254848,277643264,2.5
1786957887403,2.0,34254848,277643264,0.0
1786957887906,2.0,34254848,277643264,0.5
1786957888409,2.0,34254848,277643264,0.0
1786957888912,2.0,34254848,277643264,2.5
1786957889416,2.0,34254848,277643264,0.0
1786957889920,2.0,34254848,277643264,1.0
1786957890424,0.0,34254848,277643264,0.0
1786957890928,4.0,34254848,277643264,1.5
1786957891431,0.0,34254848,277643264,0.0
1786957891934,2.0,34254848,277643264,1.5
1786957892438,2.0,34254848,277643264,0.5
1786957892942,2.0,34254848,277643264,1.0
1786957893446,0.0,34254848,277643264,0.5
1786957893948,4.0,34254848,277643264,1.0
1786957894451,0.0,34254848,277643264,0.5
1786957894954,4.0,34254848,277643264,1.0
1786957895457,2.0,34254848,277643264,0.5
1786957895960,2.0,34254848,277643264,0.5
1786957896465,0.0,34254848,277643264,0.5
1786957896967,2.0,34254848,277643264,1.0
1786957897470,2.0,34254848,277643264,0.0
1786957897974,2.0,34254848,277643264,1.0
1786957898477,0.0,34254848,277643264,0.0
1786957898982,4.0,34254848,277643264,3.0
1786957899485,0.0,34254848,277643264,0.0
1786957899988,4.0,34254848,277643264,1.5
1786957900491,2.0,34254848,277643264,1.0
1786957900995,2.0,34254848,277643264,0.0
1786957901498,0.0,34254848,277643264,0.5
1786957902001,2.0,34254848,277643264,1.5
1786957902506,0.0,34254848,277643264,0.5
1786957903009,4.0,34254848,277643264,1.0
1786957903513,0.0,34254848,277643264,0.0
1786957904016,2.0,34254848,277643264,1.5
1786957904519,2.0,34254848,277643264,0.5
1786957905022,2.0,34254848,277643264,1.0
1786957905526,2.0,34254848,277643264,0.5
1786957906030,2.0,34254848,277643264,1.0
1786957906533,2.0,34254848,277643264,1.0
1786957907036,2.0,34254848,277643264,1.5
1786957907539,2.0,34254848,277643264,0.5
1786957908042,2.0,34254848,277643264,0.0
1786957908546,0.0,34254848,277643264,0.5
1786957909049,2.0,34254848,277643264,2.0
1786957909552,2.0,34254848,277643264,1.0
1786957910055,0.0,34254848,277643264,1.0
1786957910559,4.0,34254848,277643264,0.5
1786957911062,0.0,34254848,277643264,1.0
1786957911566,2.0,34254848,277643264,0.0
1786957912068,2.0,34254848,277643264,1.5
1786957912572,2.0,34254848,277643264,0.5
1786957913075,2.0,34254848,277643264,1.0
1786957913578,2.0,34254848,277643264,0.0
1786957914081,2.0,34254848,277643264,1.0
1786957914585,0.0,34254848,277643264,0.5
1786957915088,2.0,34254848,277643264,1.5
1786957915592,2.0,34254848,277643264,0.5
1786957916096,2.0,34254848,277643264,1.0
1786957916600,2.0,34254848,277643264,0.0
1786957917103,4.0,34254848,277643264,2.5
1786957917606,0.0,34254848,277643264,1.0
1786957918112,4.0,34254848,277643264,0.0
1786957918615,0.0,34254848,277643264,1.0
1786957919120,2.0,34254848,277643264,0.0
1786957919624,2.0,34254848,277643264,1.5
1786957920127,2.0,34254848,277643264,0.5
1786957920631,2.0,34254848,277643264,1.5
1786957921135,2.0,34254848,277643264,0.5
1786957921637,2.0,34254848,277643264,1.0
1786957922140,2.0,34254848,277643264,1.0
1786957922643,0.0,34254848,277643264,0.5
1786957923146,4.0,34254848,277643264,1.0
1786957923650,2.0,34254848,277643264,1.0
1786957924153,0.0,34254848,277643264,1.0
1786957924657,2.0,34254848,277643264,1.0
1786957925161,2.0,34254848,277643264,1.0
1786957925664,2.0,34254848,277643264,1.0
1786957926167,2.0,34254848,277643264,0.5
1786957926670,2.0,34254848,277643264,1.0
1786957927173,4.0,34254848,277643264,0.5
1786957927676,0.0,34254848,277643264,1.5
1786957928180,2.0,34254848,277643264,0.5
1786957928683,2.0,34254848,277643264,1.0
1786957929187,2.0,34254848,277643264,0.5
1786957929690,2.0,34254848,277643264,1.0
1786957930194,2.0,34254848,277643264,0.5
1786957930697,2.0,34254848,277643264,0.5
1786957931201,2.0,34254848,277643264,0.5
1786957931704,0.0,34254848,277643264,1.5
1786957932208,2.0,34254848,277643264,1.0
1786957932711,2.0,34254848,277643264,0.5
1786957933215,2.0,34254848,277643264,1.0
1786957933719,2.0,34254848,277643264,0.5
1786957934222,2.0,34254848,277643264,0.5
1786957934726,2.0,34254848,277643264,1.5
1786957935229,2.0,34254848,277643264,0.5
1786957935733,2.0,34254848,277643264,0.5
1786957936236,2.0,34254848,277643264,1.5
1786957936740,0.0,34254848,277643264,1.0
1786957937243,2.0,34254848,277643264,1.5
1786957937747,0.0,34254848,277643264,0.5
1786957938250,4.0,34254848,277643264,1.0
1786957938753,2.0,34254848,277643264,0.5
1786957939257,0.0,34254848,277643264,1.0
1786957939762,2.0,34254848,277643264,1.0
1786957940265,2.0,34254848,277643264,0.5
1786957940768,2.0,34254848,277643264,1.0
1786957941272,4.0,34254848,277643264,0.0
1786957941775,0.0,34254848,277643264,1.0
1786957942278,2.0,34254848,277643264,0.0
1786957942781,2.0,34254848,277643264,1.5
1786957943286,2.0,34254848,277643264,0.5
1786957943789,2.0,34254848,277643264,0.5
1786957944292,2.0,34254848,277643264,1.5
1786957944795,0.0,34254848,277643264,0.0
1786957945299,2.0,34254848,277643264,0.5
1786957945803,2.0,34254848,277643264,1.5
1786957946306,2.0,34254848,277643264,0.5
1786957946811,2.0,34254848,277643264,2.0
1786957947315,2.0,34254848,277643264,1.5
1786957947818,2.0,34254848,277643264,0.0
1786957948323,0.0,34254848,277643264,1.0
1786957948826,2.0,34254848,277643264,1.5
1786957949330,2.0,34254848,277643264,1.0
1786957949834,2.0,34254848,277643264,0.5
1786957950337,2.0,34254848,277643264,0.5
1786957950840,2.0,34254848,277643264,0.5
1786957951344,2.0,34254848,277643264,0.5
1786957951846,4.0,34254848,277643264,0.5
1786957952350,0.0,34254848,277643264,0.0
1786957952853,2.0,34254848,277643264,2.0
1786957953357,2.0,34254848,277643264,0.5
1786957953861,2.0,34254848,277643264,0.5
1786957954364,0.0,34254848,277643264,0.5
1786957954867,4.0,34254848,277643264,1.0
1786957955371,0.0,34254848,277643264,0.5
1786957955875,2.0,34254848,277643264,1.5
1786957956379,2.0,34254848,277643264,0.5
1786957956883,2.0,34254848,277643264,1.0
1786957957386,0.0,34254848,277643264,0.5
1786957957889,2.0,34254848,277643264,1.0
1786957958393,2.0,34254848,277643264,0.5
1786957958896,4.0,34254848,277643264,1.5
1786957959400,0.0,34254848,277643264,0.0
1786957959903,2.0,34254848,277643264,1.0
1786957960406,2.0,34254848,277643264,0.5
1786957960910,4.0,34254848,277643264,1.0
1786957961413,0.0,34254848,277643264,1.0
1786957961916,2.0,34254848,277643264,0.5
1786957962421,2.0,34254848,277643264,0.5
1786957962924,2.0,34254848,277643264,1.5
1786957963427,0.0,34254848,277643264,1.0
1786957963931,2.0,34254848,277643264,0.0
1786957964434,4.0,34254848,277643264,1.0
1786957964937,0.0,34254848,277643264,2.5
1786957965440,2.0,34254848,277643264,0.0
1786957965943,2.0,34254848,277643264,0.5
1786957966447,2.0,34254848,277643264,0.5
1786957966951,2.0,34254848,277643264,2.5
1786957967454,0.0,34254848,277643264,0.0
1786957967957,4.0,34254848,277643264,1.0
1786957968461,0.0,34254848,277643264,0.0
1786957968964,2.0,34254848,277643264,1.0
1786957969469,2.0,34254848,277643264,0.0
1786957969974,2.0,34254848,277643264,1.0
1786957970478,0.0,34254848,277643264,0.5
1786957970981,4.0,34254848,277643264,1.5
1786957971485,0.0,34254848,277643264,0.0
1786957971991,4.0,34254848,277643264,1.5
1786957972494,0.0,34254848,277643264,1.0
1786957972997,2.0,34254848,277643264,1.0
1786957973501,4.0,34254848,277643264,0.5
1786957974004,2.0,34254848,277643264,1.5
1786957974507,2.0,34254848,277643264,0.5
1786957975010,0.0,34254848,277643264,1.0
1786957975513,4.0,34254848,277643264,0.5
1786957976016,2.0,34254848,277643264,1.5
1786957976519,0.0,34254848,277643264,0.0
1786957977022,2.0,34254848,277643264,1.0
1786957977526,0.0,34254848,277643264,0.0
1786957978029,4.0,34254848,277643264,1.5
1786957978531,0.0,34254848,277643264,1.0
1786957979035,4.0,34254848,277643264,1.5
1786957979538,0.0,34254848,277643264,0.5
1786957980042,2.0,34254848,277643264,2.0
1786957980544,2.0,34254848,277643264,0.0
1786957981048,2.0,34254848,277643264,1.0
1786957981552,2.0,34254848,277643264,0.5
1786957982056,2.0,34254848,277643264,0.5
1786957982560,0.0,34254848,277643264,0.5
1786957983063,4.0,34254848,277643264,2.0
1786957983567,0.0,34254848,277643264,0.5
1786957984071,4.0,34254848,277643264,1.0
1786957984575,0.0,34254848,277643264,0.5
1786957985078,2.0,34254848,277643264,1.0
1786957985581,2.0,34254848,277643264,0.5
1786957986084,2.0,34254848,277643264,1.0
1786957986588,2.0,34254848,277643264,0.5
1786957987092,2.0,34254848,277643264,1.5
1786957987597,2.0,34254848,277643264,1.5
1786957988101,2.0,34254848,277643264,1.0
1786957988604,0.0,34254848,277643264,0.0
1786957989110,4.0,34254848,277643264,1.5
1786957989613,2.0,34254848,277643264,1.0
1786957990119,2.0,34254848,277643264,0.5
1786957990623,0.0,34254848,277643264,1.0
1786957991127,4.0,34254848,277643264,0.5
1786957991631,0.0,34254848,277643264,1.0
1786957992134,2.0,34254848,277643264,0.5
1786957992637,2.0,34254848,277643264,0.5
1786957993141,2.0,34254848,277643264,0.0
1786957993644,2.0,34254848,277643264,0.5
1786957994147,2.0,34254848,277643264,1.5
1786957994652,0.0,34254848,277643264,1.5
1786957995156,2.0,34254848,277643264,0.5
1786957995659,2.0,34254848,277643264,1.0
1786957996163,2.0,34254848,277643264,0.5
1786957996667,2.0,34254848,277643264,1.0
1786957997171,2.0,34254848,277643264,0.5
1786957997674,2.0,34254848,277643264,1.0
1786957998178,2.0,34254848,277643264,0.0
1786957998682,0.0,34254848,277643264,1.0
1786957999185,2.0,34254848,277643264,0.5
1786957999689,4.0,34254848,277643264,0.5
1786958000193,2.0,34254848,277643264,1.0
1786958000696,0.0,34254848,277643264,1.0
1786958001200,2.0,34254848,277643264,1.0
1786958001704,2.0,34254848,277643264,1.0
1786958002209,2.0,34254848,277643264,0.5
1786958002712,2.0,34254848,277643264,1.0
1786958003215,2.0,34254848,277643264,0.0
1786958003719,2.0,34254848,277643264,1.5
1786958004223,2.0,34254848,277643264,0.5
1786958004727,0.0,34254848,277643264,1.0
1786958005230,4.0,34254848,277643264,0.0
1786958005734,0.0,34254848,277643264,1.0
1786958006237,2.0,34254848,277643264,1.0
1786958006741,0.0,34254848,277643264,0.5
1786958007245,4.0,34254848,277643264,1.0
1786958007748,2.0,34254848,277643264,0.5
1786958008252,2.0,34254848,277643264,0.5
1786958008755,0.0,34254848,277643264,0.5
1786958009259,2.0,34254848,277643264,1.0
1786958009762,2.0,34254848,277643264,0.5
1786958010266,2.0,34254848,277643264,0.5
1786958010769,2.0,34254848,277643264,1.0
1786958011274,2.0,34254848,277643264,1.0
1786958011778,2.0,34254848,277643264,1.0
1786958012282,2.0,34254848,277643264,0.5
1786958012787,2.0,34254848,277643264,2.0
1786958013290,2.0,34254848,277643264,0.0
1786958013793,0.0,34254848,277643264,1.0
1786958014298,4.0,34254848,277643264,1.5
1786958014802,0.0,34254848,277643264,1.0
1786958015306,2.0,34254848,277643264,0.0
1786958015810,0.0,34254848,277643264,1.0
1786958016313,2.0,34254848,277643264,1.0
1786958016817,2.0,34254848,277643264,1.0
1786958017321,2.0,34254848,277643264,0.0
1786958017824,2.0,34254848,277643264,0.5
1786958018328,2.0,34254848,277643264,0.5
1786958018832,2.0,34254848,277643264,1.0
1786958019335,2.0,34254848,277643264,1.0
1786958019838,2.0,34254848,277643264,0.5
1786958020342,2.0,34254848,277643264,1.0
1786958020845,2.0,34254848,277643264,1.0
1786958021349,2.0,34254848,277643264,0.5
1786958021852,0.0,34254848,277643264,0.5
1786958022357,2.0,34254848,277643264,0.5
1786958022861,4.0,34254848,277643264,1.0
1786958023364,0.0,34254848,277643264,0.5
1786958023868,2.0,34254848,277643264,0.5
1786958024372,2.0,34254848,277643264,0.5
1786958024876,2.0,34254848,277643264,2.0
1786958025379,0.0,34254848,277643264,0.0
1786958025882,2.0,34254848,277643264,1.0
1786958026385,2.0,34254848,277643264,0.5
1786958026888,2.0,34254848,277643264,1.5
1786958027391,4.0,34254848,277643264,0.5
1786958027894,2.0,34254848,277643264,1.0
1786958028397,0.0,34254848,277643264,0.5
1786958028900,2.0,34254848,277643264,1.0
1786958029403,2.0,34254848,277643264,0.5
1786958029906,2.0,34254848,277643264,1.0
1786958030409,2.0,34254848,277643264,0.5
1786958030913,0.0,34254848,277643264,1.0
1786958031416,2.0,34254848,277643264,1.5
1786958031920,2.0,34254848,277643264,0.5
1786958032423,2.0,34254848,277643264,0.5
1786958032927,2.0,34254848,277643264,1.0
1786958033431,2.0,34254848,277643264,0.0
1786958033933,2.0,34254848,277643264,1.0
1786958034436,0.0,34254848,277643264,0.5
1786958034940,2.0,34254848,277643264,0.5
1786958035443,4.0,34254848,277643264,0.5
1786958035947,2.0,34254848,277643264,1.0
1786958036450,0.0,34254848,277643264,1.0
1786958036953,2.0,34254848,277643264,0.5
1786958037457,2.0,34254848,277643264,1.0
1786958037960,0.0,34254848,277643264,0.0
1786958038464,2.0,34254848,277643264,1.0
1786958038967,4.0,34254848,277643264,1.5
1786958039470,2.0,34254848,277643264,0.5
1786958039973,0.0,34254848,277643264,1.0
1786958040477,2.0,34254848,277643264,0.0
1786958040980,2.0,34254848,277643264,1.5
1786958041483,2.0,34254848,277643264,0.5
1786958041986,2.0,34254848,277643264,0.5
1786958042489,0.0,34254848,277643264,1.0
1786958042994,2.0,34254848,277643264,0.5
1786958043497,4.0,34254848,277643264,1.0
1786958044001,0.0,34254848,277643264,1.0
1786958044507,2.0,34254848,277643264,0.5
1786958045010,2.0,34254848,277643264,1.5
1786958045513,2.0,34254848,277643264,0.5
1786958046016,2.0,34254848,277643264,0.5
1786958046519,2.0,34254848,277643264,0.5
1786958047024,2.0,34254848,277643264,1.0
1786958047528,2.0,34254848,277643264,1.5
1786958048030,2.0,34254848,277643264,0.5
1786958048535,2.0,34254848,277643264,0.5
1786958049039,2.0,34254848,277643264,1.5
1786958049543,0.0,34254848,277643264,0.5
1786958050046,2.0,34254848,277643264,1.5
1786958050550,2.0,34254848,277643264,0.5
1786958051053,2.0,34254848,277643264,1.0
1786958051557,0.0,34254848,277643264,1.0
1786958052061,4.0,34254848,277643264,1.0
1786958052565,2.0,34254848,277643264,1.0
1786958053068,2.0,34254848,277643264,1.0
1786958053571,0.0,34254848,277643264,0.5
1786958054075,2.0,34254848,277643264,1.5
1786958054579,4.0,34254848,277643264,0.0
1786958055081,2.0,34254848,277643264,0.5
1786958055585,0.0,34254848,277643264,1.0
1786958056089,4.0,34254848,277643264,1.0
1786958056592,0.0,34254848,277643264,2.0
1786958057096,2.0,34254848,277643264,0.5
1786958057600,2.0,34254848,277643264,0.5
1786958058104,2.0,34254848,277643264,1.0
1786958058608,2.0,34254848,277643264,0.5
1786958059112,2.0,34254848,277643264,0.0
1786958059616,0.0,34254848,277643264,0.5
1786958060121,2.0,34254848,277643264,1.0
1786958060625,2.0,34254848,277643264,0.5
1786958061129,4.0,34254848,277643264,1.0
1786958061633,0.0,34254848,277643264,0.0
1786958062135,4.0,34254848,277643264,1.0
1786958062639,0.0,34254848,277643264,0.5
1786958063144,2.0,34254848,277643264,1.0
1786958063647,2.0,34254848,277643264,1.0
1786958064150,2.0,34254848,277643264,0.5
1786958064654,0.0,34254848,277643264,1.0
1786958065158,2.0,34254848,277643264,1.0
1786958065661,2.0,34254848,277643264,2.0
1786958066165,2.0,34254848,277643264,0.0
1786958066669,2.0,34254848,277643264,1.5
1786958067172,2.0,34254848,277643264,1.0
1786958067676,2.0,34254848,277643264,0.5
1786958068179,2.0,34254848,277643264,0.5
1786958068682,0.0,34254848,277643264,1.0
1786958069186,4.0,34254848,277643264,1.0
1786958069690,0.0,34254848,277643264,1.0
1786958070193,2.0,34254848,277643264,1.5
1786958070697,4.0,34254848,277643264,0.5
1786958071200,2.0,34254848,277643264,0.5
1786958071704,0.0,34254848,277643264,1.0
1786958072208,2.0,34254848,277643264,0.0
1786958072712,2.0,34254848,277643264,1.5
1786958073215,2.0,34254848,277643264,0.5
1786958073720,2.0,34254848,277643264,0.5
1786958074224,2.0,34254848,277643264,0.5
1786958074728,2.0,34254848,277643264,1.5
1786958075231,2.0,34254848,277643264,1.0
1786958075735,0.0,34254848,277643264,1.0
1786958076239,2.0,34254848,277643264,1.0
1786958076743,2.0,34254848,277643264,1.5
1786958077246,2.0,34254848,277643264,0.5
1786958077750,2.0,34254848,277643264,1.5
1786958078254,2.0,34254848,277643264,0.5
1786958078758,2.0,34254848,277643264,1.0
1786958079261,2.0,34254848,277643264,1.0
1786958079765,0.0,34254848,277643264,1.0
1786958080269,2.0,34254848,277643264,0.5
1786958080772,2.0,34254848,277643264,0.5
1786958081275,2.0,34254848,277643264,0.5
1786958081779,2.0,34254848,277643264,1.5
1786958082283,2.0,34254848,277643264,0.5
1786958082786,2.0,34254848,277643264,0.0
1786958083290,2.0,34254848,277643264,1.0
1786958083793,0.0,34254848,277643264,1.0
1786958084297,2.0,34254848,277643264,0.5
1786958084801,2.0,34254848,277643264,1.5
1786958085305,2.0,34254848,277643264,0.0
1786958085808,2.0,34254848,277643264,1.5
1786958086313,2.0,34254848,277643264,0.5
1786958086816,2.0,34254848,277643264,0.5
1786958087319,2.0,34254848,277643264,1.0
1786958087823,0.0,34254848,277643264,0.5
1786958088326,2.0,34254848,277643264,0.5
1786958088830,2.0,34254848,277643264,1.0
1786958089334,2.0,34254848,277643264,1.0
1786958089837,2.0,34254848,277643264,1.5
1786958090341,2.0,34254848,277643264,1.0
1786958090845,2.0,34254848,277643264,0.5
1786958091349,2.0,34254848,277643264,1.0
1786958091852,2.0,34254848,277643264,0.5
1786958092356,0.0,34254848,277643264,0.5
1786958092859,2.0,34254848,277643264,1.5
1786958093363,4.0,34254848,277643264,0.5
1786958093868,0.0,34254848,277643264,0.0
1786958094372,2.0,34254848,277643264,1.5
1786958094876,2.0,34254848,277643264,0.5
1786958095379,2.0,34254848,277643264,0.5
1786958095883,0.0,34254848,277643264,1.0
1786958096387,4.0,34254848,277643264,0.0
1786958096890,2.0,34254848,277643264,1.5
1786958097394,0.0,34254848,277643264,0.5
1786958097897,2.0,34254848,277643264,0.5
1786958098401,4.0,34254848,277643264,1.0
1786958098905,0.0,34254848,277643264,2.0
1786958099409,2.0,34254848,277643264,0.0
1786958099913,2.0,34254848,277643264,1.0
1786958100416,0.0,34254848,277643264,0.0
1786958100920,2.0,34254848,277643264,0.5
1786958101426,2.0,34254848,277643264,0.5
1786958101929,2.0,34254848,277643264,1.5
1786958102433,2.0,34254848,277643264,0.5
1786958102936,2.0,34254848,277643264,2.0
1786958103441,2.0,34254848,277643264,0.0
1786958103944,4.0,34254848,277643264,1.5
1786958104448,0.0,34254848,277643264,0.5
1786958104951,2.0,34254848,277643264,1.0
1786958105455,2.0,34254848,277643264,0.0
1786958105958,2.0,34254848,277643264,1.0
1786958106462,0.0,34254848,277643264,1.0
1786958106966,4.0,34254848,277643264,0.5
1786958107470,0.0,34254848,277643264,1.0
1786958107974,2.0,34254848,277643264,1.0
1786958108479,2.0,34254848,277643264,0.5
1786958108982,2.0,34254848,277643264,1.5
1786958109485,2.0,34254848,277643264,0.5
1786958109989,2.0,34254848,277643264,1.0
1786958110492,2.0,34254848,277643264,0.5
1786958110995,2.0,34254848,277643264,0.5
1786958111498,0.0,34254848,277643264,0.0
1786958112001,2.0,34254848,277643264,2.5
1786958112505,2.0,34254848,277643264,0.5
1786958113008,2.0,34254848,277643264,0.5
1786958113512,0.0,34254848,277643264,0.0
1786958114015,2.0,34254848,277643264,2.0
1786958114519,4.0,34254848,277643264,0.5
1786958115023,2.0,34254848,277643264,1.5
1786958115527,2.0,34254848,277643264,0.0
1786958116030,2.0,34254848,277643264,1.5
1786958116534,0.0,34254848,277643264,0.0
1786958117037,4.0,34254848,277643264,1.5
1786958117541,0.0,34254848,277643264,0.0
1786958118044,2.0,34254848,277643264,1.5
1786958118548,0.0,34254848,277643264,0.5
1786958119051,4.0,34254848,277643264,2.0
1786958119554,0.0,34254848,277643264,0.0
1786958120058,4.0,34254848,277643264,1.0
1786958120561,0.0,34254848,277643264,0.5
1786958121065,2.0,34254848,277643264,1.5
1786958121567,2.0,34254848,277643264,0.0
1786958122071,4.0,34254848,277643264,1.0
1786958122574,0.0,34254848,277643264,0.5
1786958123078,2.0,34254848,277643264,0.5
1786958123581,2.0,34254848,277643264,0.5
1786958124084,2.0,34254848,277643264,1.5
1786958124588,2.0,34254848,277643264,0.5
1786958125092,2.0,34254848,277643264,1.0
1786958125595,0.0,34254848,277643264,0.5
1786958126099,2.0,34254848,277643264,1.5
1786958126602,4.0,34254848,277643264,1.0
1786958127108,2.0,34254848,277643264,1.0
1786958127611,0.0,34254848,277643264,0.5
1786958128116,2.0,34254848,277643264,0.5
1786958128620,2.0,34254848,277643264,0.5
1786958129127,4.0,34254848,277643264,1.0
1786958129630,2.0,34254848,277643264,1.5
1786958130134,2.0,34254848,277643264,0.5
1786958130637,0.0,34254848,277643264,2.5
1786958131139,2.0,34254848,277643264,0.5
1786958131644,2.0,34254848,277643264,1.0
1786958132147,2.0,34254848,277643264,0.5
1786958132650,2.0,34254848,277643264,1.0
1786958133154,2.0,34254848,277643264,1.0
1786958133657,0.0,34254848,277643264,1.0
1786958134161,4.0,34254848,277643264,1.0
1786958134665,0.0,34254848,277643264,1.0
1786958135169,2.0,34254848,277643264,1.0
1786958135672,2.0,34254848,277643264,1.0
1786958136176,2.0,34254848,277643264,0.5
1786958136679,0.0,34254848,277643264,1.5
1786958137182,4.0,34254848,277643264,0.5
1786958137686,2.0,34254848,277643264,0.5
1786958138190,2.0,34254848,277643264,0.5
1786958138693,2.0,34254848,277643264,0.5
1786958139197,0.0,34254848,277643264,2.0
1786958139701,2.0,34254848,277643264,0.5
1786958140205,2.0,34254848,277643264,0.5
1786958140709,2.0,34254848,277643264,1.0
1786958141213,2.0,34254848,277643264,1.0
1786958141717,2.0,34254848,277643264,0.5
1786958142219,2.0,34254848,277643264,1.0
1786958142722,0.0,34254848,277643264,1.0
1786958143225,2.0,34254848,277643264,0.0
1786958143729,2.0,34254848,277643264,1.5
1786958144233,4.0,34254848,277643264,0.0
1786958144736,2.0,34254848,277643264,1.5
1786958145240,2.0,34254848,277643264,0.5
1786958145743,2.0,34254848,277643264,0.5
1786958146246,2.0,34254848,277643264,1.0
1786958146750,0.0,34254848,277643264,1.0
1786958147254,2.0,34254848,277643264,0.0
1786958147757,2.0,34254848,277643264,1.0
1786958148261,2.0,34254848,277643264,0.0
1786958148765,2.0,34254848,277643264,1.0
1786958149268,2.0,34254848,277643264,0.5
1786958149772,2.0,34254848,277643264,1.0
1786958150275,2.0,34254848,277643264,1.0
1786958150779,2.0,34254848,277643264,0.5
1786958151282,0.0,34254848,277643264,0.5
1786958151786,2.0,34254848,277643264,1.0
1786958152290,2.0,34254848,277643264,0.5
1786958152794,2.0,34254848,277643264,1.0
1786958153297,2.0,34254848,277643264,0.5
1786958153800,2.0,34254848,277643264,2.0
1786958154304,2.0,34254848,277643264,0.5
1786958154807,2.0,34254848,277643264,1.0
1786958155311,2.0,34254848,277643264,0.5
1786958155815,2.0,34254848,277643264,0.5
1786958156318,2.0,34254848,277643264,1.0
1786958156823,2.0,34254848,277643264,1.5
1786958157326,2.0,34254848,277643264,1.0
1786958157830,2.0,34254848,277643264,1.0
1786958158334,0.0,34254848,277643264,0.5
1786958158839,4.0,34254848,277643264,1.0
1786958159343,2.0,34254848,277643264,1.5
1786958159847,2.0,34254848,277643264,0.5
1786958160350,0.0,34254848,277643264,0.5
1786958160854,4.0,34254848,277643264,1.5
1786958161357,2.0,34254848,277643264,1.0
1786958161860,0.0,34254848,277643264,0.5
1786958162363,4.0,34254848,277643264,0.5
1786958162867,0.0,34254848,277643264,1.5
1786958163370,2.0,34254848,277643264,0.0
1786958163875,2.0,34254848,277643264,2.0
1786958164379,4.0,34254848,277643264,1.0
1786958164883,0.0,34254848,277643264,1.0
1786958165386,2.0,34254848,277643264,0.5
1786958165890,2.0,34254848,277643264,1.0
1786958166394,2.0,34254848,277643264,0.5
1786958166897,2.0,34254848,277643264,0.5
1786958167401,2.0,34254848,277643264,1.0
1786958167905,2.0,34254848,277643264,0.5
1786958168408,2.0,34254848,277643264,0.5
1786958168912,0.0,34254848,277643264,1.0
1786958169417,2.0,34254848,277643264,0.5
1786958169920,2.0,34254848,277643264,1.0
1786958170424,2.0,34254848,277643264,0.5
1786958170928,2.0,34254848,277643264,1.0
1786958171432,2.0,34254848,277643264,0.5
1786958171935,4.0,34254848,277643264,1.0
1786958172440,0.0,34254848,277643264,0.5
1786958172945,2.0,34254848,277643264,1.5
1786958173450,2.0,34254848,277643264,1.0
1786958173954,2.0,34254848,277643264,1.5
1786958174457,2.0,34254848,277643264,0.0
1786958174961,2.0,34254848,277643264,2.5
1786958175464,0.0,34254848,277643264,0.0
1786958175967,2.0,34254848,277643264,1.5
1786958176471,2.0,34254848,277643264,0.0
1786958176974,2.0,34254848,277643264,2.0
1786958177478,2.0,34254848,277643264,0.0
1786958177982,2.0,34254848,277643264,1.0
1786958178485,2.0,34254848,277643264,0.5
1786958178989,2.0,34254848,277643264,0.5
1786958179492,2.0,34254848,277643264,0.5
1786958179996,2.0,34254848,277643264,1.5
1786958180499,0.0,34254848,277643264,0.5
1786958181003,4.0,34254848,277643264,1.5
1786958181507,2.0,34254848,277643264,0.5
1786958182011,0.0,34254848,277643264,1.0
1786958182514,2.0,34254848,277643264,1.0
1786958183017,2.0,34254848,277643264,1.5
1786958183521,2.0,34254848,277643264,1.0
1786958184025,2.0,34254848,277643264,0.5
1786958184528,2.0,34254848,277643264,0.5
1786958185031,2.0,34254848,277643264,1.5
1786958185535,2.0,34254848,277643264,0.0
1786958186039,2.0,34254848,277643264,1.5
1786958186542,0.0,34254848,277643264,0.5
1786958187046,4.0,34254848,277643264,1.5
1786958187549,0.0,34254848,277643264,0.0
1786958188052,2.0,34254848,277643264,2.0
1786958188556,2.0,34254848,277643264,0.5
1786958189060,4.0,34254848,277643264,1.0
1786958189563,2.0,34254848,277643264,0.5
1786958190068,2.0,34254848,277643264,0.5
1786958190572,0.0,34254848,277643264,0.5
1786958191076,4.0,34254848,277643264,1.5
1786958191580,2.0,34254848,277643264,0.5
1786958192086,2.0,34254848,277643264,0.5
1786958192591,2.0,34254848,277643264,1.0
1786958193094,0.0,34254848,277643264,1.5
1786958193598,2.0,34254848,277643264,0.5
1786958194101,2.0,34254848,277643264,2.0
1786958194605,2.0,34254848,277643264,0.5
1786958195110,4.0,34254848,277643264,1.0
1786958195613,0.0,34254848,277643264,1.5
1786958196118,2.0,34254848,277643264,0.5
1786958196623,2.0,34254848,277643264,2.0
1786958197127,2.0,34254848,277643264,0.5
1786958197631,2.0,34254848,277643264,1.0
1786958198133,2.0,34254848,277643264,1.0
1786958198636,2.0,34254848,277643264,1.0
1786958199139,2.0,34254848,277643264,1.5
1786958199643,2.0,34254848,277643264,0.5
1786958200146,2.0,34254848,277643264,0.0
1786958200650,2.0,34254848,277643264,1.5
1786958201153,2.0,34254848,277643264,1.5
1786958201656,2.0,34254848,277643264,0.5
1786958202160,2.0,34254848,277643264,0.5
1786958202663,2.0,34254848,277643264,1.0
1786958203166,2.0,34254848,277643264,1.0
1786958203670,2.0,34254848,277643264,1.0
1786958204173,2.0,34254848,277643264,0.5
1786958204677,2.0,34254848,277643264,0.5
1786958205181,0.0,34254848,277643264,1.0
1786958205685,2.0,34254848,277643264,1.0
1786958206188,2.0,34254848,277643264,0.0
1786958206692,2.0,34254848,277643264,1.0
1786958207195,2.0,34254848,277643264,1.0
1786958207699,2.0,34254848,277643264,1.5
1786958208202,2.0,34254848,277643264,0.5
1786958208705,0.0,34254848,277643264,0.5
1786958209209,4.0,34254848,277643264,0.5
1786958209712,0.0,34254848,277643264,1.0
1786958210215,2.0,34254848,277643264,1.0
1786958210719,2.0,34254848,277643264,1.5
1786958211222,2.0,34254848,277643264,0.5
1786958211725,2.0,34254848,277643264,1.0
1786958212229,2.0,34254848,277643264,0.5
1786958212733,2.0,34254848,277643264,0.5
1786958213236,2.0,34254848,277643264,0.5
1786958213740,2.0,34254848,277643264,2.0
1786958214244,2.0,34254848,277643264,0.5
1786958214747,2.0,34254848,277643264,1.0
1786958215250,2.0,34254848,277643264,1.0
1786958215754,2.0,34254848,277643264,1.0
1786958216257,2.0,34254848,277643264,1.0
1786958216760,2.0,34254848,277643264,2.0
1786958217263,2.0,34254848,277643264,0.5
1786958217767,0.0,34254848,277643264,2.5
1786958218271,2.0,34254848,277643264,0.5
1786958218774,4.0,34254848,277643264,1.5
1786958219277,2.0,34254848,277643264,0.5
1786958219780,0.0,34254848,277643264,1.5
1786958220283,2.0,34254848,277643264,1.0
1786958220786,2.0,34254848,277643264,0.5
1786958221290,2.0,34254848,277643264,1.0
1786958221793,2.0,34254848,277643264,1.5
1786958222296,2.0,34254848,277643264,2.5
1786958222800,0.0,34254848,277643264,1.0
1786958223303,4.0,34254848,277643264,0.5
1786958223807,0.0,34254848,277643264,1.5
1786958224310,2.0,34254848,277643264,1.0
1786958224813,2.0,34254848,277643264,1.5
1786958225316,2.0,34254848,277643264,0.5
1786958225819,2.0,34254848,277643264,0.5
1786958226324,2.0,34254848,277643264,1.0
1786958226827,2.0,34254848,277643264,1.0
1786958227330,2.0,34254848,277643264,0.0
1786958227834,2.0,34254848,277643264,1.5
1786958228338,2.0,34254848,277643264,0.5
1786958228841,2.0,34254848,277643264,1.0
1786958229345,0.0,34254848,277643264,1.5
1786958229849,4.0,34254848,277643264,1.5
1786958230352,2.0,34254848,277643264,0.0
1786958230856,2.0,34254848,277643264,1.5
1786958231359,2.0,34254848,277643264,0.5
1786958231862,0.0,34254848,277643264,1.0
1786958232366,2.0,34254848,277643264,1.0
1786958232869,4.0,34254848,277643264,1.5
1786958233373,2.0,34254848,277643264,1.0
1786958233877,0.0,34254848,277643264,2.0
1786958234380,2.0,34254848,277643264,0.0
1786958234883,2.0,34254848,277643264,1.5
1786958235386,2.0,34254848,277643264,1.0
1786958235889,2.0,34254848,277643264,1.0
1786958236392,2.0,34254848,277643264,0.0
1786958236895,0.0,34254848,277643264,1.0
1786958237399,2.0,34254848,277643264,0.0
1786958237902,2.0,34254848,277643264,1.0
1786958238405,4.0,34254848,277643264,0.0
1786958238908,2.0,34254848,277643264,1.0
1786958239411,2.0,34254848,277643264,0.5
1786958239914,0.0,34254848,277643264,1.0
1786958240417,2.0,34254848,277643264,0.5
1786958240920,2.0,34254848,277643264,1.0
1786958241424,2.0,34254848,277643264,1.0
1786958241928,2.0,34254848,277643264,1.0
1786958242432,2.0,34254848,277643264,0.0
1786958242937,2.0,34254848,277643264,1.0
1786958243441,2.0,34254848,277643264,0.5
1786958243944,2.0,34254848,277643264,0.5
1786958244447,0.0,34254848,277643264,0.5
1786958244950,2.0,34254848,277643264,1.5
1786958245455,2.0,34254848,277643264,0.5
1786958245959,4.0,34254848,277643264,1.0
1786958246462,0.0,34254848,277643264,1.0
1786958246965,2.0,34254848,277643264,0.5
1786958247469,2.0,34254848,277643264,1.5
1786958247973,2.0,34254848,277643264,1.0
1786958248476,2.0,34254848,277643264,0.0
1786958248980,2.0,34254848,277643264,1.0
1786958249484,2.0,34254848,277643264,1.0
1786958249987,2.0,34254848,277643264,1.5
1786958250491,2.0,34254848,277643264,1.0
1786958250994,2.0,34254848,277643264,0.0
1786958251497,2.0,34254848,277643264,1.0
1786958252000,2.0,34254848,277643264,1.5
1786958252505,2.0,34254848,277643264,0.0
1786958253007,2.0,34254848,277643264,2.0
1786958253511,2.0,34254848,277643264,0.0
1786958254015,0.0,34254848,277643264,1.0
1786958254519,2.0,34254848,277643264,0.5
1786958255023,2.0,34254848,277643264,1.5
1786958255526,4.0,34254848,277643264,0.0
1786958256030,2.0,34254848,277643264,1.0
1786958256533,0.0,34254848,277643264,0.5
1786958257037,2.0,34254848,277643264,1.5
1786958257540,2.0,34254848,277643264,0.0
1786958258044,2.0,34254848,277643264,1.5
1786958258548,0.0,34254848,277643264,0.5
1786958259052,4.0,34254848,277643264,2.0
1786958259555,2.0,34254848,277643264,0.5
1786958260058,2.0,34254848,277643264,1.0
1786958260562,2.0,34254848,277643264,0.0
1786958261066,2.0,34254848,277643264,1.5
1786958261569,2.0,34254848,277643264,0.5
1786958262073,2.0,34254848,277643264,0.5
1786958262576,2.0,34254848,277643264,0.5
1786958263081,2.0,34254848,277643264,1.0
1786958263584,2.0,34254848,277643264,0.5
1786958264089,2.0,34254848,277643264,0.5
1786958264593,0.0,34254848,277643264,0.5
1786958265097,2.0,34254848,277643264,1.0
1786958265600,2.0,34254848,277643264,0.0
1786958266105,4.0,34254848,277643264,2.0
1786958266607,2.0,34254848,277643264,1.0
1786958267113,2.0,34254848,277643264,0.5
1786958267616,2.0,34254848,277643264,1.0
1786958268121,2.0,34254848,277643264,0.0
1786958268625,2.0,34254848,277643264,1.0
1786958269128,2.0,34254848,277643264,1.0
1786958269631,2.0,34254848,277643264,1.0
1786958270133,2.0,34254848,277643264,0.0
1786958270637,2.0,34254848,277643264,0.5
1786958271139,2.0,34254848,277643264,1.0
1786958271643,2.0,34254848,277643264,0.5
1786958272146,0.0,34254848,277643264,0.5
1786958272649,2.0,34254848,277643264,0.5
1786958273152,2.0,34254848,277643264,1.0
1786958273656,2.0,34254848,277643264,1.0
1786958274159,4.0,34254848,277643264,1.5
1786958274662,2.0,34254848,277643264,0.5
1786958275166,0.0,34254848,277643264,0.5
1786958275669,2.0,34254848,277643264,1.0
1786958276173,2.0,34254848,277643264,0.0
1786958276676,4.0,34254848,277643264,1.5
1786958277179,2.0,34254848,277643264,0.0
1786958277682,0.0,34254848,277643264,1.0
1786958278186,2.0,34254848,277643264,1.0
1786958278690,2.0,34254848,277643264,1.0
1786958279194,0.0,34254848,277643264,0.5
1786958279697,4.0,34254848,277643264,0.5
1786958280201,0.0,34254848,277643264,0.5
1786958280705,4.0,34254848,277643264,1.0
1786958281210,2.0,34254848,277643264,0.0
1786958281712,0.0,34254848,277643264,0.5
1786958282216,2.0,34254848,277643264,0.5
1786958282720,2.0,34254848,277643264,1.0
1786958283223,4.0,34254848,277643264,0.0
1786958283726,0.0,34254848,277643264,1.5
1786958284230,2.0,34254848,277643264,0.5
1786958284733,2.0,34254848,277643264,0.5
1786958285237,2.0,34254848,277643264,0.5
1786958285740,2.0,34254848,277643264,0.5
1786958286243,4.0,34254848,277643264,0.0
1786958286747,0.0,34254848,277643264,1.5
1786958287250,2.0,34254848,277643264,0.0
1786958287753,2.0,34254848,277643264,1.5
1786958288257,2.0,34254848,277643264,0.5
1786958288760,2.0,34254848,277643264,1.5
1786958289264,2.0,34254848,277643264,0.5
1786958289767,4.0,34254848,277643264,0.5
1786958290270,2.0,34254848,277643264,1.0
1786958290774,0.0,34254848,277643264,0.5
1786958291278,2.0,34254848,277643264,0.5
1786958291781,2.0,34254848,277643264,1.0
1786958292284,2.0,34254848,277643264,0.5
1786958292788,2.0,34254848,277643264,0.5
1786958293291,2.0,34254848,277643264,1.5
1786958293795,0.0,34254848,277643264,0.5
1786958294299,4.0,34254848,277643264,1.0
1786958294802,0.0,34254848,277643264,0.5
1786958295306,2.0,34254848,277643264,1.0
1786958295809,4.0,34254848,277643264,1.0
1786958296312,2.0,34254848,277643264,0.5
1786958296816,2.0,34254848,277643264,0.5
1786958297320,2.0,34254848,277643264,1.0
1786958297823,2.0,34254848,277643264,1.0
1786958298327,2.0,34254848,277643264,0.5
1786958298830,0.0,34254848,277643264,0.5
1786958299333,2.0,34254848,277643264,1.0
1786958299837,2.0,34254848,277643264,0.5
1786958300340,4.0,34254848,277643264,1.0
1786958300843,2.0,34254848,277643264,1.0
1786958301347,2.0,34254848,277643264,0.5
1786958301850,0.0,34254848,277643264,0.5
1786958302355,2.0,34254848,277643264,1.5
1786958302859,2.0,34254848,277643264,0.5
1786958303363,2.0,34254848,277643264,1.5
1786958303866,2.0,34254848,277643264,0.5
1786958304371,2.0,34254848,277643264,1.0
1786958304874,2.0,34254848,277643264,0.5
1786958305377,2.0,34254848,277643264,0.5
1786958305881,4.0,34254848,277643264,0.5
1786958306385,2.0,34254848,277643264,0.5
1786958306891,2.0,34254848,277643264,1.5
1786958307394,2.0,34254848,277643264,1.5
1786958307898,0.0,34254848,277643264,0.0
1786958308404,2.0,34254848,277643264,1.0
1786958308908,2.0,34254848,277643264,0.0
1786958309412,2.0,34254848,277643264,1.0
1786958309916,2.0,34254848,277643264,0.0
1786958310420,2.0,34254848,277643264,1.0
1786958310924,2.0,34254848,277643264,1.0
1786958311427,2.0,34254848,277643264,0.5
1786958311931,2.0,34254848,277643264,1.5
1786958312435,2.0,34254848,277643264,0.5
1786958312939,2.0,34254848,277643264,1.0
1786958313443,4.0,34254848,277643264,0.5
1786958313946,0.0,34254848,277643264,0.5
1786958314451,2.0,34254848,277643264,0.5
1786958314954,2.0,34254848,277643264,1.0
1786958315457,2.0,34254848,277643264,1.0
1786958315962,2.0,34254848,277643264,1.0
1786958316469,2.0,34254848,277643264,0.5
1786958316973,2.0,34254848,277643264,0.5
1786958317476,4.0,34254848,277643264,1.5
1786958317980,2.0,34254848,277643264,1.0
1786958318483,0.0,34254848,277643264,0.0
1786958318986,4.0,34254848,277643264,1.5
1786958319489,2.0,34254848,277643264,0.5
1786958319992,2.0,34254848,277643264,1.5
1786958320495,2.0,34254848,277643264,0.5
1786958320999,2.0,34254848,277643264,0.5
1786958321502,0.0,34254848,277643264,1.0
1786958322004,4.0,34254848,277643264,0.5
1786958322508,0.0,34254848,277643264,0.0
1786958323011,2.0,34254848,277643264,0.5
1786958323515,2.0,34254848,277643264,1.5
1786958324019,2.0,34254848,277643264,0.0
1786958324522,2.0,34254848,277643264,1.0
1786958325025,2.0,34254848,277643264,1.5
1786958325529,2.0,34254848,277643264,0.5
1786958326032,2.0,34254848,277643264,0.5
1786958326535,2.0,34254848,277643264,0.5
1786958327039,2.0,34254848,277643264,1.0
1786958327542,2.0,34254848,277643264,0.0
1786958328046,0.0,34254848,277643264,0.5
1786958328549,2.0,34254848,277643264,0.0
1786958329053,2.0,34254848,277643264,1.5
1786958329557,2.0,34254848,277643264,0.0
1786958330061,2.0,34254848,277643264,0.5
1786958330564,2.0,34254848,277643264,0.5
1786958331068,2.0,34254848,277643264,2.0
1786958331571,2.0,34254848,277643264,0.0
1786958332074,2.0,34254848,277643264,0.5
1786958332578,2.0,34254848,277643264,0.5
1786958333081,0.0,34254848,277643264,1.0
1786958333585,2.0,34254848,277643264,0.5
1786958334089,2.0,34254848,277643264,1.0
1786958334592,2.0,34254848,277643264,0.5
1786958335096,2.0,34254848,277643264,1.0
1786958335600,2.0,34254848,277643264,0.5
1786958336104,2.0,34254848,277643264,1.5
1786958336607,2.0,34254848,277643264,0.5
1786958337112,2.0,34254848,277643264,0.0
1786958337615,2.0,34254848,277643264,0.5
1786958338121,2.0,34254848,277643264,1.0
1786958338626,0.0,34254848,277643264,0.5
1786958339129,4.0,34254848,277643264,0.0
1786958339633,2.0,34254848,277643264,1.0
1786958340136,2.0,34254848,277643264,1.0
1786958340639,2.0,34254848,277643264,0.5
1786958341142,0.0,34254848,277643264,0.0
1786958341645,4.0,34254848,277643264,0.5
1786958342149,2.0,34254848,277643264,0.5
1786958342651,2.0,34254848,277643264,0.5
1786958343156,2.0,34254848,277643264,2.0
1786958343659,2.0,34254848,277643264,1.0
1786958344161,0.0,34254848,277643264,1.5
1786958344666,4.0,34254848,277643264,1.5
1786958345169,0.0,34254848,277643264,0.5
1786958345672,2.0,34254848,277643264,0.0
1786958346175,2.0,34254848,277643264,1.0
1786958346678,2.0,34254848,277643264,1.0
1786958347181,2.0,34254848,277643264,1.5
1786958347685,2.0,34254848,277643264,1.0
1786958348188,2.0,34254848,277643264,0.0
1786958348691,0.0,34254848,277643264,1.0
1786958349195,2.0,34254848,277643264,1.0
1786958349698,2.0,34254848,277643264,0.5
1786958350202,4.0,34254848,277643264,0.5
1786958350705,2.0,34254848,277643264,0.5
1786958351209,0.0,34254848,277643264,1.0
1786958351712,2.0,34254848,277643264,0.0
1786958352216,2.0,34254848,277643264,0.5
1786958352719,0.0,34254848,277643264,1.0
1786958353223,2.0,34254848,277643264,0.5
1786958353726,2.0,34254848,277643264,0.5
1786958354230,2.0,34254848,277643264,0.5
1786958354733,2.0,34254848,277643264,1.0
1786958355236,2.0,34254848,277643264,0.5
1786958355739,2.0,34254848,277643264,1.0
1786958356242,2.0,34254848,277643264,0.0
1786958356747,2.0,34254848,277643264,1.5
1786958357250,2.0,34254848,277643264,0.0
1786958357753,2.0,34254848,277643264,1.0
1786958358257,0.0,34254848,277643264,1.5
1786958358761,4.0,34254848,277643264,1.0
1786958359264,2.0,34254848,277643264,0.0
1786958359767,0.0,34254848,277643264,1.0
1786958360271,2.0,34254848,277643264,0.5
1786958360775,2.0,34254848,277643264,1.5
1786958361278,2.0,34254848,277643264,0.5
1786958361781,2.0,34254848,277643264,1.0
1786958362284,2.0,34254848,277643264,0.0
1786958362787,2.0,34254848,277643264,1.5
1786958363292,2.0,34254848,277643264,0.0
1786958363795,0.0,34254848,277643264,0.5
1786958364298,4.0,34254848,277643264,0.0
1786958364801,0.0,34254848,277643264,1.0
1786958365306,2.0,34254848,277643264,1.0
1786958365810,2.0,34254848,277643264,0.5
1786958366313,2.0,34254848,277643264,1.0
1786958366816,0.0,34254848,277643264,0.5
1786958367320,2.0,34254848,277643264,1.0
1786958367824,2.0,34254848,277643264,1.0
1786958368327,2.0,34254848,277643264,1.0
1786958368830,2.0,34254848,277643264,0.0
1786958369334,2.0,34254848,277643264,1.0
1786958369837,2.0,34254848,277643264,0.5
1786958370341,2.0,34254848,277643264,1.5
1786958370844,2.0,34254848,277643264,0.5
1786958371347,2.0,34254848,277643264,1.0
1786958371850,0.0,34254848,277643264,0.5
1786958372354,2.0,34254848,277643264,1.0
1786958372857,2.0,34254848,277643264,1.5
1786958373361,2.0,34254848,277643264,1.0
1786958373864,2.0,34254848,277643264,0.5
1786958374369,2.0,34254848,277643264,0.0
1786958374872,0.0,34254848,277643264,1.0
1786958375376,2.0,34254848,277643264,1.5
1786958375880,4.0,34254848,277643264,0.5
1786958376383,2.0,34254848,277643264,0.5
1786958376887,0.0,34254848,277643264,1.0
1786958377391,2.0,34254848,277643264,0.5
1786958377894,2.0,34254848,277643264,0.5
1786958378398,2.0,34254848,277643264,0.5
1786958378903,0.0,34254848,277643264,2.0
1786958379407,2.0,34254848,277643264,0.5
1786958379910,2.0,34254848,277643264,2.0
1786958380414,4.0,34254848,277643264,0.5
1786958380917,0.0,34254848,277643264,1.5
1786958381421,4.0,34254848,277643264,0.5
1786958381924,2.0,34254848,277643264,0.0
1786958382428,2.0,34254848,277643264,0.5
1786958382932,0.0,34254848,277643264,1.0
1786958383435,2.0,34254848,277643264,0.5
1786958383940,2.0,34254848,277643264,1.0
1786958384444,2.0,34254848,277643264,1.0
1786958384947,2.0,34254848,277643264,0.5
1786958385451,2.0,34254848,277643264,1.0
1786958385955,0.0,34254848,277643264,0.5
1786958386459,4.0,34254848,277643264,0.5
1786958386963,2.0,34254848,277643264,1.5
1786958387467,2.0,34254848,277643264,0.5
1786958387971,0.0,34254848,277643264,1.5
1786958388474,2.0,34254848,277643264,0.0
1786958388977,2.0,34254848,277643264,2.0
1786958389481,2.0,34254848,277643264,0.0
1786958389984,2.0,34254848,277643264,1.5
1786958390488,2.0,34254848,277643264,0.0
1786958390992,2.0,34254848,277643264,1.5
1786958391498,2.0,34254848,277643264,0.0
1786958392002,0.0,34254848,277643264,1.0
1786958392505,2.0,34254848,277643264,1.5
1786958393009,2.0,34254848,277643264,0.5
1786958393512,2.0,34254848,277643264,0.5
1786958394015,2.0,34254848,277643264,1.5
1786958394518,2.0,34254848,277643264,0.0
1786958395022,2.0,34254848,277643264,1.0
1786958395527,2.0,34254848,277643264,0.5
1786958396032,2.0,34254848,277643264,0.5
1786958396536,2.0,34254848,277643264,0.5
1786958397039,0.0,34254848,277643264,1.0
1786958397543,2.0,34254848,277643264,0.5
1786958398047,2.0,34254848,277643264,1.0
1786958398550,2.0,34254848,277643264,0.5
1786958399054,2.0,34254848,277643264,1.0
1786958399557,2.0,34254848,277643264,0.5
1786958400061,2.0,34254848,277643264,1.5
1786958400564,0.0,34254848,277643264,1.0
1786958401068,4.0,34254848,277643264,1.0
1786958401572,2.0,34254848,277643264,0.0
1786958402075,2.0,34254848,277643264,1.0
1786958402579,0.0,34254848,277643264,0.5
1786958403082,2.0,34254848,277643264,1.5
1786958403586,2.0,34254848,277643264,0.0
1786958404090,2.0,34254848,277643264,1.0
1786958404594,0.0,34254848,277643264,1.0
1786958405097,4.0,34254848,277643264,1.5
1786958405601,0.0,34254848,277643264,0.5
1786958406106,2.0,34254848,277643264,0.5
1786958406610,4.0,34254848,277643264,1.5
1786958407117,2.0,34254848,277643264,1.0
1786958407621,2.0,34254848,277643264,0.5
1786958408126,2.0,34254848,277643264,1.0
1786958408630,0.0,34254848,277643264,0.5
1786958409133,4.0,34254848,277643264,2.0
1786958409636,0.0,34254848,277643264,0.5
1786958410140,2.0,34254848,277643264,0.5
1786958410644,2.0,34254848,277643264,0.5
1786958411147,2.0,34254848,277643264,0.5
1786958411651,2.0,34254848,277643264,1.0
1786958412155,0.0,34254848,277643264,0.5
1786958412659,2.0,34254848,277643264,1.5
1786958413163,4.0,34254848,277643264,0.0
1786958413666,2.0,34254848,277643264,0.5
1786958414170,2.0,34254848,277643264,1.0
1786958414673,2.0,34254848,277643264,1.5
1786958415177,0.0,34254848,277643264,1.0
1786958415681,4.0,34254848,277643264,1.5
1786958416184,2.0,34254848,277643264,0.5
1786958416688,2.0,34254848,277643264,0.5
1786958417191,0.0,34254848,277643264,0.5
1786958417695,2.0,34254848,277643264,1.0
1786958418199,2.0,34254848,277643264,0.5
1786958418702,2.0,34254848,277643264,0.5
1786958419205,2.0,34254848,277643264,0.5
1786958419708,2.0,34254848,277643264,0.0
1786958420211,2.0,34254848,277643264,1.0
1786958420715,0.0,34254848,277643264,1.0
1786958421217,4.0,34254848,277643264,1.0
1786958421720,0.0,34254848,277643264,0.5
1786958422223,2.0,34254848,277643264,0.5
1786958422727,2.0,34254848,277643264,1.5
1786958423230,2.0,34254848,277643264,0.5
1786958423733,2.0,34254848,277643264,1.0
1786958424237,2.0,34254848,277643264,0.5
1786958424740,0.0,34254848,277643264,0.5
1786958425243,2.0,34254848,277643264,0.5
1786958425746,2.0,34254848,277643264,0.5
1786958426249,2.0,34254848,277643264,1.0
1786958426752,2.0,34254848,277643264,1.0
1786958427257,2.0,34254848,277643264,1.0
1786958427759,2.0,34254848,277643264,1.0
1786958428263,2.0,34254848,277643264,0.5
1786958428766,0.0,34254848,277643264,1.5
1786958429270,2.0,34254848,277643264,1.0
1786958429774,2.0,34254848,277643264,0.5
1786958430277,4.0,34254848,277643264,0.5
1786958430781,0.0,34254848,277643264,1.0
1786958431284,2.0,34254848,277643264,0.5
1786958431788,2.0,34254848,277643264,0.5
1786958432291,2.0,34254848,277643264,0.5
1786958432794,2.0,34254848,277643264,1.0
1786958433297,2.0,34254848,277643264,0.5
1786958433799,2.0,34254848,277643264,0.5
1786958434303,2.0,34254848,277643264,1.0
1786958434807,2.0,34254848,277643264,1.0
1786958435310,2.0,34254848,277643264,0.0
1786958435813,0.0,34254848,277643264,0.5
1786958436315,2.0,34254848,277643264,1.5
1786958436818,2.0,34254848,277643264,0.5
1786958437322,2.0,34254848,277643264,1.5
1786958437825,2.0,34254848,277643264,0.5
1786958438328,0.0,34254848,277643264,1.0
1786958438831,2.0,34254848,277643264,1.0
1786958439335,2.0,34254848,277643264,0.5
1786958439838,2.0,34254848,277643264,1.0
1786958440342,2.0,34254848,277643264,0.5
1786958440845,2.0,34254848,277643264,1.0
1786958441348,2.0,34254848,277643264,0.5
1786958441851,0.0,34254848,277643264,1.0
1786958442354,2.0,34254848,277643264,0.5
1786958442858,2.0,34254848,277643264,1.0
1786958443361,2.0,34254848,277643264,0.5
1786958443865,2.0,34254848,277643264,0.5
1786958444369,2.0,34254848,277643264,0.5
1786958444872,2.0,34254848,277643264,1.5
1786958445376,2.0,34254848,277643264,0.5
1786958445879,0.0,34254848,277643264,1.0
1786958446383,2.0,34254848,277643264,0.5
1786958446887,2.0,34254848,277643264,0.5
1786958447390,4.0,34254848,277643264,1.5
1786958447893,0.0,34254848,277643264,0.5
1786958448397,2.0,34254848,277643264,0.0
1786958448901,2.0,34254848,277643264,0.5
1786958449404,2.0,34254848,277643264,1.0
1786958449908,2.0,34254848,277643264,1.0
1786958450412,2.0,34254848,277643264,0.5
1786958450915,0.0,34254848,277643264,1.5
1786958451418,4.0,34254848,277643264,0.0
1786958451922,2.0,34254848,277643264,1.5
1786958452425,0.0,34254848,277643264,0.5
1786958452929,2.0,34254848,277643264,1.5
1786958453433,2.0,34254848,277643264,0.0
1786958453936,0.0,34254848,277643264,1.5
1786958454439,4.0,34254848,277643264,0.5
1786958454943,0.0,34254848,277643264,0.5
1786958455446,2.0,34254848,277643264,1.0
1786958455949,2.0,34254848,277643264,0.5
1786958456453,4.0,34254848,277643264,0.5
1786958456956,2.0,34254848,277643264,1.5
1786958457459,2.0,34254848,277643264,0.5
1786958457962,0.0,34254848,277643264,1.0
1786958458465,2.0,34254848,277643264,1.0
1786958458968,2.0,34254848,277643264,0.5
1786958459472,0.0,34254848,277643264,1.5
1786958459975,4.0,34254848,277643264,0.5
1786958460479,2.0,34254848,277643264,0.0
1786958460982,2.0,34254848,277643264,1.5
1786958461486,2.0,34254848,277643264,0.5
1786958461990,2.0,34254848,277643264,1.0
1786958462495,0.0,34254848,277643264,0.5
1786958462998,2.0,34254848,277643264,2.0
1786958463502,2.0,34254848,277643264,1.0
1786958464005,2.0,34254848,277643264,0.5
1786958464509,0.0,34254848,277643264,1.0
1786958465012,2.0,34254848,277643264,1.0
1786958465516,2.0,34254848,277643264,1.0
1786958466019,2.0,34254848,277643264,1.5
1786958466523,4.0,34254848,277643264,0.5
1786958467026,0.0,34254848,277643264,0.0
1786958467530,2.0,34254848,277643264,1.5
1786958468034,2.0,34254848,277643264,1.0
1786958468537,2.0,34254848,277643264,0.5
1786958469041,0.0,34254848,277643264,1.5
1786958469545,2.0,34254848,277643264,0.0
1786958470048,2.0,34254848,277643264,1.0
1786958470552,2.0,34254848,277643264,0.0
1786958471055,4.0,34254848,277643264,1.5
1786958471559,0.0,34254848,277643264,1.0
1786958472062,2.0,34254848,277643264,1.0
1786958472566,2.0,34254848,277643264,0.5
1786958473069,2.0,34254848,277643264,1.0
1786958473572,2.0,34254848,277643264,1.0
1786958474075,2.0,34254848,277643264,0.5
1786958474578,2.0,34254848,277643264,0.5
1786958475081,2.0,34254848,277643264,1.5
1786958475585,0.0,34254848,277643264,0.5
1786958476088,2.0,34254848,277643264,1.5
1786958476591,2.0,34254848,277643264,1.0
1786958477094,2.0,34254848,277643264,0.0
1786958477599,2.0,34254848,277643264,0.5
1786958478103,2.0,34254848,277643264,2.0
1786958478607,2.0,34254848,277643264,1.0
1786958479111,2.0,34254848,277643264,0.5
1786958479616,2.0,34254848,277643264,1.5
1786958480121,2.0,34254848,277643264,0.0
1786958480625,2.0,34254848,277643264,1.0
1786958481129,2.0,34254848,277643264,1.0
1786958481632,0.0,34254848,277643264,1.0
1786958482135,4.0,34254848,277643264,0.0
1786958482639,2.0,34254848,277643264,1.0
1786958483142,0.0,34254848,277643264,1.5
1786958483646,2.0,34254848,277643264,1.5
1786958484150,2.0,34254848,277643264,0.5
1786958484653,2.0,34254848,277643264,1.0
1786958485157,2.0,34254848,277643264,1.0
1786958485661,2.0,34254848,277643264,0.5
1786958486164,2.0,34254848,277643264,0.5
1786958486668,0.0,34254848,277643264,1.0
1786958487171,2.0,34254848,277643264,0.5
1786958487674,4.0,34254848,277643264,1.0
1786958488178,0.0,34254848,277643264,0.5
1786958488681,4.0,34254848,277643264,1.0
1786958489184,2.0,34254848,277643264,1.5
1786958489689,0.0,34254848,277643264,0.0
1786958490192,2.0,34254848,277643264,1.0
1786958490695,2.0,34254848,277643264,0.5
1786958491198,2.0,34254848,277643264,1.0
1786958491702,2.0,34254848,277643264,1.5
1786958492206,2.0,34254848,277643264,0.5
1786958492709,2.0,34254848,277643264,1.0
1786958493213,0.0,34254848,277643264,1.0
1786958493718,2.0,34254848,277643264,1.0
1786958494222,2.0,34254848,277643264,0.5
1786958494727,4.0,34254848,277643264,1.5
1786958495229,0.0,34254848,277643264,0.0
1786958495733,2.0,34254848,277643264,1.0
1786958496237,2.0,34254848,277643264,0.0
1786958496740,2.0,34254848,277643264,0.5
1786958497243,2.0,34254848,277643264,0.5
1786958497746,0.0,34254848,277643264,0.5
1786958498249,4.0,34254848,277643264,1.5
1786958498753,0.0,34254848,277643264,1.0
1786958499257,2.0,34254848,277643264,0.5
1786958499760,2.0,34254848,277643264,1.5
1786958500264,2.0,34254848,277643264,0.5
1786958500767,2.0,34254848,277643264,1.0
1786958501270,2.0,34254848,277643264,0.0
1786958501774,2.0,34254848,277643264,1.0
1786958502278,2.0,34254848,277643264,0.5
1786958502782,2.0,34254848,277643264,0.5
1786958503285,2.0,34254848,277643264,2.0
1786958503790,2.0,34254848,277643264,1.0
1786958504293,2.0,34254848,277643264,0.5
1786958504796,0.0,34254848,277643264,0.5
1786958505299,2.0,34254848,277643264,1.0
1786958505802,2.0,34254848,277643264,1.0
1786958506306,2.0,34254848,277643264,0.5
1786958506809,0.0,34254848,277643264,1.0
1786958507312,2.0,34254848,277643264,1.0
1786958507816,2.0,34254848,277643264,0.5
1786958508320,2.0,34254848,277643264,1.0
1786958508823,2.0,34254848,277643264,1.0
1786958509326,2.0,34254848,277643264,0.5
1786958509829,2.0,34254848,277643264,1.0
1786958510332,2.0,34254848,277643264,0.0
1786958510836,0.0,34254848,277643264,1.5
1786958511339,2.0,34254848,277643264,1.0
1786958511841,2.0,34254848,277643264,0.5
1786958512346,2.0,34254848,277643264,0.5
1786958512849,2.0,34254848,277643264,1.5
1786958513353,2.0,34254848,277643264,0.0
1786958513856,2.0,34254848,277643264,1.0
1786958514360,2.0,34254848,277643264,1.0
1786958514863,2.0,34254848,277643264,0.5
1786958515366,2.0,34254848,277643264,0.5
1786958515869,2.0,34254848,277643264,1.0
1786958516373,0.0,34254848,277643264,0.0
1786958516877,2.0,34254848,277643264,1.5
1786958517380,2.0,34254848,277643264,0.5
1786958517884,2.0,34254848,277643264,1.0
1786958518387,2.0,34254848,277643264,1.0
1786958518891,0.0,34254848,277643264,1.0
1786958519395,2.0,34254848,277643264,0.5
1786958519898,4.0,34254848,277643264,1.0
1786958520403,2.0,34254848,277643264,0.0
1786958520905,0.0,34254848,277643264,0.5
1786958521409,4.0,34254848,277643264,1.0
1786958521912,2.0,34254848,277643264,0.5
1786958522415,0.0,34254848,277643264,1.0
1786958522919,2.0,34254848,277643264,2.5
1786958523424,2.0,34254848,277643264,0.0
1786958523927,2.0,34254848,277643264,0.5
1786958524431,2.0,34254848,277643264,1.5
1786958524934,2.0,34254848,277643264,0.0
1786958525438,2.0,34254848,277643264,0.5
1786958525942,0.0,34254848,277643264,1.0
1786958526445,2.0,34254848,277643264,1.0
1786958526948,2.0,34254848,277643264,0.5
1786958527452,2.0,34254848,277643264,1.0
1786958527956,0.0,34254848,277643264,0.0
1786958528459,2.0,34254848,277643264,1.5
1786958528962,2.0,34254848,277643264,0.5
1786958529466,4.0,34254848,277643264,1.0
1786958529969,2.0,34254848,277643264,1.0
1786958530473,0.0,34254848,277643264,0.5
1786958530976,2.0,34254848,277643264,0.5
1786958531480,2.0,34254848,277643264,1.5
1786958531983,0.0,34254848,277643264,0.5
1786958532487,4.0,34254848,277643264,0.5
1786958532991,2.0,34254848,277643264,1.0
1786958533494,2.0,34254848,277643264,1.0
1786958533999,0.0,34254848,277643264,1.0
1786958534502,2.0,34254848,277643264,1.5
1786958535006,2.0,34254848,277643264,1.0
1786958535509,2.0,34254848,277643264,1.0
1786958536013,2.0,34254848,277643264,1.0
1786958536516,2.0,34254848,277643264,0.0
1786958537019,2.0,34254848,277643264,1.0
1786958537522,2.0,34254848,277643264,1.5
1786958538025,2.0,34254848,277643264,0.5
1786958538529,0.0,34254848,277643264,1.0
1786958539032,4.0,34254848,277643264,1.0
1786958539535,2.0,34254848,277643264,1.0
1786958540039,0.0,34254848,277643264,1.0
1786958540542,2.0,34254848,277643264,0.5
1786958541046,2.0,34254848,277643264,1.0
1786958541549,2.0,34254848,277643264,1.0
1786958542053,2.0,34254848,277643264,1.5
1786958542556,2.0,34254848,277643264,0.0
1786958543059,0.0,34254848,277643264,1.0
1786958543563,2.0,34254848,277643264,1.0
1786958544067,4.0,34254848,277643264,1.0
1786958544571,0.0,34254848,277643264,0.5
1786958545074,2.0,34254848,277643264,1.0
1786958545577,2.0,34254848,277643264,1.0
1786958546080,2.0,34254848,277643264,1.0
1786958546584,2.0,34254848,277643264,0.5
1786958547088,2.0,34254848,277643264,1.0
1786958547591,2.0,34254848,277643264,1.0
1786958548095,2.0,34254848,277643264,1.5
1786958548598,0.0,34254848,277643264,0.0
1786958549102,2.0,34254848,277643264,0.5
1786958549605,2.0,34254848,277643264,1.0
1786958550110,4.0,34254848,277643264,1.0
1786958550613,0.0,34254848,277643264,0.5
1786958551119,4.0,34254848,277643264,1.5
1786958551622,0.0,34254848,277643264,1.0
1786958552128,2.0,34254848,277643264,0.0
1786958552632,2.0,34254848,277643264,1.5
1786958553134,2.0,34254848,277643264,1.0
1786958553638,2.0,34254848,277643264,1.0
1786958554142,2.0,34254848,277643264,0.5
1786958554645,2.0,34254848,277643264,1.0
1786958555149,2.0,34254848,277643264,0.5
1786958555653,0.0,34254848,277643264,1.5
1786958556156,2.0,34254848,277643264,0.0
1786958556660,2.0,34254848,277643264,1.5
1786958557164,2.0,34254848,277643264,0.5
1786958557667,2.0,34254848,277643264,1.5
1786958558171,2.0,34254848,277643264,0.5
1786958558674,2.0,34254848,277643264,0.5
1786958559179,2.0,34254848,277643264,1.0
1786958559683,0.0,34254848,277643264,1.5
1786958560187,4.0,34254848,277643264,0.0
1786958560690,0.0,34254848,277643264,0.5
1786958561194,4.0,34254848,277643264,1.0
1786958561698,0.0,34254848,277643264,1.5
1786958562202,2.0,34254848,277643264,0.5
1786958562705,2.0,34254848,277643264,0.5
1786958563209,2.0,34254848,277643264,1.0
1786958563712,0.0,34254848,277643264,1.0
1786958564216,2.0,34254848,277643264,0.5
1786958564719,4.0,34254848,277643264,1.5
1786958565222,2.0,34254848,277643264,0.0
1786958565726,0.0,34254848,277643264,1.5
1786958566229,2.0,34254848,277643264,0.5
1786958566733,2.0,34254848,277643264,0.5
1786958567237,2.0,34254848,277643264,1.0
1786958567740,2.0,34254848,277643264,0.5
1786958568243,2.0,34254848,277643264,0.5
1786958568747,0.0,34254848,277643264,1.0
1786958569251,2.0,34254848,277643264,0.5
1786958569755,2.0,34254848,277643264,1.0
1786958570259,2.0,34254848,277643264,0.5
1786958570762,2.0,34254848,277643264,0.5
1786958571265,2.0,34254848,277643264,0.5
1786958571769,2.0,34254848,277643264,1.0
1786958572272,2.0,34254848,277643264,1.5
1786958572776,2.0,34254848,277643264,0.5
1786958573279,4.0,34254848,277643264,2.0
1786958573783,0.0,34254848,277643264,0.0
1786958574286,2.0,34254848,277643264,1.5
1786958574789,2.0,34254848,277643264,1.0
1786958575293,2.0,34254848,277643264,0.5
1786958575796,0.0,34254848,277643264,0.5
1786958576299,2.0,34254848,277643264,1.0
1786958576803,2.0,34254848,277643264,0.5
1786958577306,2.0,34254848,277643264,1.0
1786958577808,2.0,34254848,277643264,0.5
1786958578312,2.0,34254848,277643264,1.0
1786958578815,2.0,34254848,277643264,1.0
1786958579319,2.0,34254848,277643264,1.0
1786958579823,0.0,34254848,277643264,0.5
1786958580326,2.0,34254848,277643264,0.0
1786958580830,2.0,34254848,277643264,0.5
1786958581333,2.0,34254848,277643264,0.5
1786958581837,0.0,34254848,277643264,0.5
1786958582341,4.0,34254848,277643264,1.0
1786958582845,0.0,34254848,277643264,1.5
1786958583349,4.0,34254848,277643264,0.5
1786958583851,2.0,34254848,277643264,1.0
1786958584354,2.0,34254848,277643264,0.0
1786958584858,2.0,34254848,277643264,1.0
1786958585361,0.0,34254848,277643264,0.5
1786958585864,2.0,34254848,277643264,1.0
1786958586368,2.0,34254848,277643264,0.5
1786958586872,2.0,34254848,277643264,1.0
1786958587374,2.0,34254848,277643264,1.0
1786958587878,0.0,34254848,277643264,0.0
1786958588381,2.0,34254848,277643264,1.0
1786958588885,4.0,34254848,277643264,1.0
1786958589388,2.0,34254848,277643264,1.0
1786958589892,2.0,34254848,277643264,0.5
1786958590395,0.0,34254848,277643264,0.5
1786958590899,2.0,34254848,277643264,1.5
1786958591403,4.0,34254848,277643264,1.0
1786958591907,0.0,34254848,277643264,1.0
1786958592410,0.0,34254848,277643264,0.0
1786958592914,2.0,34254848,277643264,1.0
1786958593418,2.0,34254848,277643264,1.0
1786958593921,2.0,34254848,277643264,0.5
1786958594424,2.0,34254848,277643264,1.0
1786958594927,2.0,34254848,277643264,1.5
1786958595431,2.0,34254848,277643264,1.0
1786958595934,2.0,34254848,277643264,1.0
1786958596437,2.0,34254848,277643264,0.5
1786958596941,2.0,34254848,277643264,0.5
1786958597444,2.0,34254848,277643264,1.5
1786958597947,0.0,34254848,277643264,0.5
1786958598450,2.0,34254848,277643264,1.0
1786958598954,2.0,34254848,277643264,1.5
1786958599458,2.0,34254848,277643264,0.5
1786958599961,2.0,34254848,277643264,0.5
1786958600465,2.0,34254848,277643264,0.5
1786958600968,2.0,34254848,277643264,1.0
1786958601471,2.0,34254848,277643264,1.0
1786958601975,2.0,34254848,277643264,1.0
1786958602478,2.0,34254848,277643264,0.0
1786958602982,0.0,34254848,277643264,1.0
1786958603485,2.0,34254848,277643264,0.5
1786958603989,2.0,34254848,277643264,1.5
1786958604493,2.0,34254848,277643264,1.0
1786958604996,0.0,34254848,277643264,0.5
1786958605500,6.0,34254848,277643264,0.5
1786958606005,0.0,34254848,277643264,0.5
1786958606508,2.0,34254848,277643264,1.0
1786958607011,0.0,34254848,277643264,1.0
1786958607514,4.0,34254848,277643264,1.0
1786958608018,0.0,34254848,277643264,0.5
1786958608521,2.0,34254848,277643264,1.5
1786958609025,4.0,34254848,277643264,0.5
1786958609528,0.0,34254848,277643264,0.0
1786958610031,2.0,34254848,277643264,1.5
1786958610536,2.0,34254848,277643264,1.5
1786958611039,2.0,34254848,277643264,0.5
1786958611543,2.0,34254848,277643264,1.5
1786958612046,0.0,34254848,277643264,0.5
1786958612549,2.0,34254848,277643264,0.5
1786958613053,2.0,34254848,277643264,1.5
1786958613557,2.0,34254848,277643264,0.0
1786958614060,2.0,34254848,277643264,1.0
1786958614563,2.0,34254848,277643264,1.0
1786958615067,2.0,34254848,277643264,1.0
1786958615570,2.0,34254848,277643264,0.0
1786958616075,0.0,34254848,277643264,1.5
1786958616579,2.0,34254848,277643264,0.5
1786958617082,4.0,34254848,277643264,1.0
1786958617585,2.0,34254848,277643264,0.5
1786958618090,2.0,34254848,277643264,1.0
1786958618594,2.0,34254848,277643264,1.5
1786958619098,0.0,34254848,277643264,0.5
1786958619602,2.0,34254848,277643264,1.0
1786958620107,2.0,34254848,277643264,1.5
1786958620611,2.0,34254848,277643264,0.5
1786958621117,2.0,34254848,277643264,0.5
1786958621622,2.0,34254848,277643264,1.0
1786958622126,2.0,34254848,277643264,0.0
1786958622629,2.0,34254848,277643264,2.5
1786958623132,2.0,34254848,277643264,0.5
1786958623635,2.0,34254848,277643264,1.0
1786958624138,2.0,34254848,277643264,0.5
1786958624641,0.0,34254848,277643264,1.0
1786958625145,4.0,34254848,277643264,1.5
1786958625648,2.0,34254848,277643264,0.5
1786958626152,2.0,34254848,277643264,0.5
1786958626655,2.0,34254848,277643264,1.0
1786958627158,0.0,34254848,277643264,0.0
1786958627661,2.0,34254848,277643264,1.5
1786958628164,2.0,34254848,277643264,0.0
1786958628668,2.0,34254848,277643264,1.5
1786958629172,2.0,34254848,277643264,0.5
1786958629674,2.0,34254848,277643264,0.5
1786958630178,0.0,34254848,277643264,1.5
1786958630682,2.0,34254848,277643264,1.0
1786958631186,2.0,34254848,277643264,0.5
1786958631689,2.0,34254848,277643264,1.0
1786958632193,2.0,34254848,277643264,1.0
1786958632696,4.0,34254848,277643264,0.5
1786958633200,2.0,34254848,277643264,0.5
1786958633704,0.0,34254848,277643264,1.0
1786958634207,2.0,34254848,277643264,1.0
1786958634711,2.0,34254848,277643264,1.0
1786958635215,2.0,34254848,277643264,0.5
1786958635718,2.0,34254848,277643264,1.0
1786958636222,0.0,34254848,277643264,0.5
1786958636727,2.0,34254848,277643264,1.0
1786958637231,4.0,34254848,277643264,1.0
1786958637734,0.0,34254848,277643264,0.5
1786958638237,2.0,34254848,277643264,1.0
1786958638740,2.0,34254848,277643264,1.5
1786958639243,2.0,34254848,277643264,0.5
1786958639746,0.0,34254848,277643264,1.0
1786958640250,2.0,34254848,277643264,0.5
1786958640753,4.0,34254848,277643264,2.0
1786958641256,2.0,34254848,277643264,0.5
1786958641761,2.0,34254848,277643264,0.5
1786958642264,0.0,34254848,277643264,0.5
1786958642766,2.0,34254848,277643264,1.5
1786958643270,2.0,34254848,277643264,1.5
1786958643773,2.0,34254848,277643264,0.5
1786958644276,2.0,34254848,277643264,0.5
1786958644779,2.0,34254848,277643264,1.5
1786958645283,2.0,34254848,277643264,0.5
1786958645788,0.0,34254848,277643264,1.0
1786958646291,4.0,34254848,277643264,0.5
1786958646794,0.0,34254848,277643264,0.5
1786958647298,2.0,34254848,277643264,0.5
1786958647801,2.0,34254848,277643264,1.5
1786958648304,2.0,34254848,277643264,1.0
1786958648809,0.0,34254848,277643264,1.0
1786958649312,6.0,34254848,277643264,0.5
1786958649815,0.0,34254848,277643264,1.0
1786958650318,2.0,34254848,277643264,1.0
1786958650821,2.0,34254848,277643264,1.0
1786958651324,2.0,34254848,277643264,0.5
1786958651828,0.0,34254848,277643264,0.5
1786958652330,2.0,34254848,277643264,1.0
1786958652834,2.0,34254848,277643264,1.0
1786958653337,2.0,34254848,277643264,0.5
1786958653840,2.0,34254848,277643264,1.0
1786958654343,2.0,34254848,277643264,0.5
1786958654847,0.0,34254848,277643264,2.0
1786958655350,2.0,34254848,277643264,0.5
1786958655853,4.0,34254848,277643264,0.5
1786958656356,2.0,34254848,277643264,0.5
1786958656860,0.0,34254848,277643264,1.0
1786958657363,2.0,34254848,277643264,2.0
1786958657866,2.0,34254848,277643264,0.0
1786958658370,2.0,34254848,277643264,1.0
1786958658873,2.0,34254848,277643264,2.0
1786958659376,2.0,34254848,277643264,0.0
1786958659879,2.0,34254848,277643264,0.5
1786958660382,0.0,34254848,277643264,0.0
1786958660887,2.0,34254848,277643264,2.0
1786958661390,2.0,34254848,277643264,0.0
1786958661892,2.0,34254848,277643264,1.5
1786958662396,4.0,34254848,277643264,1.0
1786958662900,0.0,34254848,277643264,1.5
1786958663403,2.0,34254848,277643264,0.5
1786958663906,2.0,34254848,277643264,0.5
1786958664409,2.0,34254848,277643264,1.0
1786958664912,2.0,34254848,277643264,0.5
1786958665416,2.0,34254848,277643264,0.5
1786958665919,2.0,34254848,277643264,1.0
1786958666422,2.0,34254848,277643264,0.0
1786958666926,0.0,34254848,277643264,1.5
1786958667429,2.0,34254848,277643264,1.0
1786958667932,2.0,34254848,277643264,1.5
1786958668435,2.0,34254848,277643264,0.5
1786958668939,2.0,34254848,277643264,0.5
1786958669441,2.0,34254848,277643264,0.5
1786958669945,2.0,34254848,277643264,0.5
1786958670448,0.0,34254848,277643264,1.0
1786958670951,4.0,34254848,277643264,1.0
1786958671454,0.0,34254848,277643264,1.5
1786958671958,2.0,34254848,277643264,1.0
1786958672461,2.0,34254848,277643264,1.0
1786958672964,2.0,34254848,277643264,0.0
1786958673467,2.0,34254848,277643264,0.5
1786958673971,2.0,34254848,277643264,1.5
1786958674476,2.0,34254848,277643264,0.5
1786958674979,0.0,34254848,277643264,1.0
1786958675483,2.0,34254848,277643264,0.5
1786958675987,2.0,34254848,277643264,1.5
1786958676490,2.0,34254848,277643264,0.5
1786958676994,2.0,34254848,277643264,1.0
1786958677498,2.0,34254848,277643264,0.5
1786958678001,2.0,34254848,277643264,1.5
1786958678505,2.0,34254848,277643264,0.5
1786958679008,0.0,34254848,277643264,1.0
1786958679511,2.0,34254848,277643264,1.0
1786958680015,2.0,34254848,277643264,1.5
1786958680519,4.0,34254848,277643264,1.0
1786958681022,0.0,34254848,277643264,1.0
1786958681526,2.0,34254848,277643264,1.0
1786958682030,2.0,34254848,277643264,0.5
1786958682533,2.0,34254848,277643264,1.0
1786958683038,2.0,34254848,277643264,0.5
1786958683541,2.0,34254848,277643264,1.0
1786958684045,0.0,34254848,277643264,0.5
1786958684548,2.0,34254848,277643264,1.0
1786958685053,4.0,34254848,277643264,1.0
1786958685556,0.0,34254848,277643264,0.0
1786958686060,0.0,34254848,277643264,1.0
1786958686563,4.0,34254848,277643264,0.5
1786958687067,2.0,34254848,277643264,0.5
1786958687571,2.0,34254848,277643264,1.0
1786958688074,2.0,34254848,277643264,1.0
1786958688577,2.0,34254848,277643264,0.0
1786958689081,0.0,34254848,277643264,1.5
1786958689584,2.0,34254848,277643264,0.0
1786958690089,2.0,34254848,277643264,0.5
1786958690592,2.0,34254848,277643264,1.0
1786958691097,2.0,34254848,277643264,1.0
1786958691600,2.0,34254848,277643264,0.5
1786958692105,2.0,34254848,277643264,1.0
1786958692609,2.0,34254848,277643264,1.0
1786958693114,2.0,34254848,277643264,0.0
1786958693618,0.0,34254848,277643264,1.5
1786958694123,2.0,34254848,277643264,1.0
1786958694627,4.0,34254848,277643264,0.5
1786958695131,2.0,34254848,277643264,0.5
1786958695635,2.0,34254848,277643264,1.5
1786958696138,2.0,34254848,277643264,0.5
1786958696641,2.0,34254848,277643264,1.5
1786958697145,0.0,34254848,277643264,0.5
1786958697649,2.0,34254848,277643264,0.5
1786958698153,2.0,34254848,277643264,0.0
1786958698656,2.0,34254848,277643264,0.5
1786958699159,2.0,34254848,277643264,0.0
1786958699663,0.0,34254848,277643264,1.0
1786958700166,4.0,34254848,277643264,0.5
1786958700670,0.0,34254848,277643264,1.5
1786958701173,4.0,34254848,277643264,0.5
1786958701676,0.0,34254848,277643264,1.5
1786958702179,2.0,34254848,277643264,1.0
1786958702683,2.0,34254848,277643264,1.0
1786958703187,2.0,34254848,277643264,0.5
1786958703691,0.0,34254848,277643264,1.0
1786958704194,4.0,34254848,277643264,0.5
1786958704698,2.0,34254848,277643264,1.0
1786958705201,2.0,34254848,277643264,1.0
1786958705705,2.0,34254848,277643264,1.0
1786958706209,2.0,34254848,277643264,0.0
1786958706713,0.0,34254848,277643264,0.5
1786958707216,2.0,34254848,277643264,1.0
1786958707721,2.0,34254848,277643264,0.5
1786958708224,2.0,34254848,277643264,1.0
1786958708727,2.0,34254848,277643264,2.0
1786958709231,2.0,34254848,277643264,0.5
1786958709734,0.0,34254848,277643264,1.0
1786958710237,2.0,34254848,277643264,0.5
1786958710741,2.0,34254848,277643264,1.5
1786958711244,2.0,34254848,277643264,0.0
1786958711747,2.0,34254848,277643264,1.0
1786958712251,2.0,34254848,277643264,1.0
1786958712754,2.0,34254848,277643264,0.5
1786958713257,2.0,34254848,277643264,1.0
1786958713761,2.0,34254848,277643264,1.5
1786958714264,2.0,34254848,277643264,1.5
1786958714768,0.0,34254848,277643264,1.0
1786958715272,2.0,34254848,277643264,0.0
1786958715775,2.0,34254848,277643264,0.5
1786958716279,2.0,34254848,277643264,1.0
1786958716782,0.0,34254848,277643264,1.0
1786958717286,2.0,34254848,277643264,0.5
1786958717790,2.0,34254848,277643264,1.0
1786958718294,2.0,34254848,277643264,1.0
1786958718798,2.0,34254848,277643264,0.5
1786958719301,4.0,34254848,277643264,0.5
1786958719805,0.0,34254848,277643264,1.0
1786958720308,2.0,34254848,277643264,0.5
1786958720812,0.0,34254848,277643264,2.0
1786958721315,4.0,34254848,277643264,0.5
1786958721820,2.0,34254848,277643264,1.5
1786958722325,2.0,34254848,277643264,0.5
1786958722828,0.0,34254848,277643264,1.0
1786958723332,2.0,34254848,277643264,0.5
1786958723835,2.0,34254848,277643264,1.0
1786958724338,2.0,34254848,277643264,0.5
1786958724842,0.0,34254848,277643264,1.0
1786958725345,2.0,34254848,277643264,1.0
1786958725849,2.0,34254848,277643264,0.5
1786958726352,2.0,34254848,277643264,0.5
1786958726856,4.0,34254848,277643264,1.5
1786958727359,0.0,34254848,277643264,0.0
1786958727862,2.0,34254848,277643264,2.0
1786958728365,2.0,34254848,277643264,1.0
1786958728869,2.0,34254848,277643264,0.5
1786958729376,2.0,34254848,277643264,0.5
1786958729879,2.0,34254848,277643264,2.0
1786958730382,2.0,34254848,277643264,1.0
1786958730887,0.0,34254848,277643264,1.0
1786958731392,2.0,34254848,277643264,1.0
1786958731895,2.0,34254848,277643264,1.0
1786958732399,2.0,34254848,277643264,1.5
1786958732902,2.0,34254848,277643264,1.0
1786958733406,4.0,34254848,277643264,0.5
1786958733909,0.0,34254848,277643264,0.5
1786958734413,2.0,34254848,277643264,0.5
1786958734916,2.0,34254848,277643264,1.0
1786958735420,2.0,34254848,277643264,0.5
1786958735923,2.0,34254848,277643264,2.0
1786958736427,2.0,34254848,277643264,0.5
1786958736930,2.0,34254848,277643264,1.0
1786958737433,0.0,34254848,277643264,1.5
1786958737936,2.0,34254848,277643264,1.0
1786958738439,2.0,34254848,277643264,0.0
1786958738942,2.0,34254848,277643264,1.0
1786958739446,2.0,34254848,277643264,1.0
1786958739949,2.0,34254848,277643264,1.5
1786958740452,2.0,34254848,277643264,1.0
1786958740955,2.0,34254848,277643264,0.5
1786958741458,2.0,34254848,277643264,1.0
1786958741961,2.0,34254848,277643264,1.0
1786958742465,2.0,34254848,277643264,0.5
1786958742968,2.0,34254848,277643264,1.0
1786958743472,0.0,34254848,277643264,0.5
1786958743974,2.0,34254848,277643264,1.0
1786958744478,2.0,34254848,277643264,0.5
1786958744981,0.0,34254848,277643264,1.0
1786958745484,4.0,34254848,277643264,1.0
1786958745988,2.0,34254848,277643264,1.0
1786958746492,0.0,34254848,277643264,0.0
1786958746995,4.0,34254848,277643264,1.0
1786958747499,2.0,34254848,277643264,0.5
1786958748002,0.0,34254848,277643264,1.0
1786958748505,2.0,34254848,277643264,0.5
1786958749009,2.0,34254848,277643264,1.5
1786958749512,2.0,34254848,277643264,0.5
1786958750015,0.0,34254848,277643264,1.0
1786958750519,2.0,34254848,277643264,0.5
1786958751022,2.0,34254848,277643264,1.0
1786958751525,2.0,34254848,277643264,1.0
1786958752028,2.0,34254848,277643264,1.0
1786958752532,2.0,34254848,277643264,1.0
1786958753035,2.0,34254848,277643264,1.0
1786958753538,2.0,34254848,277643264,0.5
1786958754041,2.0,34254848,277643264,1.0
1786958754544,2.0,34254848,277643264,1.5
1786958755048,2.0,34254848,277643264,0.5
1786958755551,0.0,34254848,277643264,0.5
1786958756054,4.0,34254848,277643264,0.5
1786958756557,0.0,34254848,277643264,0.5
1786958757061,2.0,34254848,277643264,1.5
1786958757564,4.0,34254848,277643264,1.0
1786958758069,0.0,34254848,277643264,0.5
1786958758572,2.0,34254848,277643264,1.0
1786958759076,0.0,34254848,277643264,1.5
1786958759580,2.0,34254848,277643264,0.0
1786958760083,4.0,34254848,277643264,1.0
1786958760586,2.0,34254848,277643264,0.5
1786958761090,0.0,34254848,277643264,0.5
1786958761593,4.0,34254848,277643264,1.0
1786958762097,0.0,34254848,277643264,0.5
1786958762601,2.0,34254848,277643264,1.5
1786958763105,2.0,34254848,277643264,0.5
1786958763609,2.0,34254848,277643264,1.0
1786958764114,2.0,34254848,277643264,1.0
1786958764618,2.0,34254848,277643264,1.5
1786958765123,4.0,34254848,277643264,1.0
1786958765627,0.0,34254848,277643264,2.0
1786958766132,2.0,34254848,277643264,0.0
1786958766635,2.0,34254848,277643264,1.5
1786958767138,2.0,34254848,277643264,0.0
1786958767641,2.0,34254848,277643264,0.5
1786958768145,0.0,34254848,277643264,0.5
1786958768649,2.0,34254848,277643264,1.5
1786958769153,2.0,34254848,277643264,1.0
1786958769657,2.0,34254848,277643264,1.5
1786958770161,2.0,34254848,277643264,0.0
1786958770664,2.0,34254848,277643264,1.0
1786958771168,2.0,34254848,277643264,0.0
1786958771672,0.0,34254848,277643264,1.5
1786958772176,2.0,34254848,277643264,0.5
1786958772680,4.0,34254848,277643264,0.5
1786958773183,2.0,34254848,277643264,0.5
1786958773686,2.0,34254848,277643264,1.5
1786958774190,0.0,34254848,277643264,0.5
1786958774695,2.0,34254848,277643264,2.0
1786958775199,0.0,34254848,277643264,0.5
1786958775702,2.0,34254848,277643264,0.5
1786958776206,2.0,34254848,277643264,0.0
1786958776710,4.0,34254848,277643264,1.0
1786958777213,2.0,34254848,277643264,1.5
1786958777717,2.0,34254848,277643264,1.5
1786958778221,0.0,34254848,277643264,0.0
1786958778725,2.0,34254848,277643264,1.5
1786958779229,2.0,34254848,277643264,1.0
1786958779734,4.0,34254848,277643264,1.5
1786958780237,0.0,34254848,277643264,0.5
1786958780740,2.0,34254848,277643264,1.0
1786958781244,2.0,34254848,277643264,0.0
1786958781747,0.0,34254848,277643264,1.5
1786958782250,2.0,34254848,277643264,0.0
1786958782753,4.0,34254848,277643264,2.0
1786958783257,0.0,34254848,277643264,0.5
1786958783762,2.0,34254848,277643264,1.0
1786958784266,2.0,34254848,277643264,1.0
1786958784770,2.0,34254848,277643264,0.5
1786958785274,2.0,34254848,277643264,0.5
1786958785777,2.0,34254848,277643264,1.5
1786958786281,2.0,34254848,277643264,1.0
1786958786785,2.0,34254848,277643264,1.0
1786958787288,0.0,34254848,277643264,0.0
1786958787793,2.0,34254848,277643264,1.5
1786958788297,2.0,34254848,277643264,0.5
1786958788801,2.0,34254848,277643264,1.0
1786958789304,2.0,34254848,277643264,1.0
1786958789808,0.0,34254848,277643264,0.0
1786958790311,4.0,34254848,277643264,1.0
1786958790816,2.0,34254848,277643264,1.0
1786958791319,2.0,34254848,277643264,0.5
1786958791823,2.0,34254848,277643264,0.5
1786958792327,0.0,34254848,277643264,1.0
1786958792831,4.0,34254848,277643264,1.0
1786958793334,0.0,34254848,277643264,0.5
1786958793839,2.0,34254848,277643264,1.0
1786958794343,2.0,34254848,277643264,0.5
1786958794846,2.0,34254848,277643264,0.5
1786958795351,2.0,34254848,277643264,1.0
1786958795854,0.0,34254848,277643264,0.0
1786958796358,4.0,34254848,277643264,0.5
1786958796861,2.0,34254848,277643264,1.5
1786958797365,2.0,34254848,277643264,0.5
1786958797868,0.0,34254848,277643264,1.5
1786958798376,2.0,34254848,277643264,0.5
1786958798879,2.0,34254848,277643264,0.5
1786958799383,2.0,34254848,277643264,1.0
1786958799886,2.0,34254848,277643264,1.0
1786958800390,0.0,34254848,277643264,1.0
1786958800893,4.0,34254848,277643264,1.0
1786958801397,2.0,34254848,277643264,0.5
1786958801900,0.0,34254848,277643264,0.5
1786958802403,2.0,34254848,277643264,1.0
1786958802907,4.0,34254848,277643264,0.5
1786958803410,0.0,34254848,277643264,1.0
1786958803913,2.0,34254848,277643264,1.0
1786958804416,2.0,34254848,277643264,1.0
1786958804919,2.0,34254848,277643264,2.0
1786958805422,2.0,34254848,277643264,1.0
1786958805925,2.0,34254848,277643264,1.5
1786958806428,0.0,34254848,277643264,0.5
1786958806931,2.0,34254848,277643264,0.5
1786958807435,2.0,34254848,277643264,0.5
1786958807940,4.0,34254848,277643264,0.5
1786958808443,2.0,34254848,277643264,1.0
1786958808947,0.0,34254848,277643264,1.0
1786958809450,2.0,34254848,277643264,0.5
1786958809953,2.0,34254848,277643264,0.0
1786958810457,2.0,34254848,277643264,0.5
1786958810960,2.0,34254848,277643264,1.0
1786958811463,2.0,34254848,277643264,1.5
1786958811967,2.0,34254848,277643264,0.0
1786958812470,2.0,34254848,277643264,1.0
1786958812973,0.0,34254848,277643264,0.5
1786958813477,2.0,34254848,277643264,0.0
1786958813980,2.0,34254848,277643264,0.5
1786958814482,2.0,34254848,277643264,1.0
1786958814986,2.0,34254848,277643264,0.5
1786958815489,2.0,34254848,277643264,1.5
1786958815993,0.0,34254848,277643264,1.0
1786958816496,2.0,34254848,277643264,0.0
1786958816999,2.0,34254848,277643264,1.0
1786958817502,4.0,34254848,277643264,1.0
1786958818006,2.0,34254848,277643264,0.0
1786958818509,2.0,34254848,277643264,0.5
1786958819013,0.0,34254848,277643264,0.5
1786958819516,2.0,34254848,277643264,0.5
1786958820019,2.0,34254848,277643264,0.5
1786958820523,0.0,34254848,277643264,1.5
1786958821026,2.0,34254848,277643264,0.5
1786958821529,2.0,34254848,277643264,1.5
1786958822033,4.0,34254848,277643264,1.0
1786958822538,2.0,34254848,277643264,0.5
1786958823041,0.0,34254848,277643264,1.0
1786958823544,2.0,34254848,277643264,0.5
1786958824047,2.0,34254848,277643264,1.0
1786958824552,2.0,34254848,277643264,1.0
1786958825055,2.0,34254848,277643264,0.0
1786958825558,2.0,34254848,277643264,0.5
1786958826063,0.0,34254848,277643264,1.0
1786958826566,2.0,34254848,277643264,0.5
1786958827069,2.0,34254848,277643264,1.0
1786958827572,2.0,34254848,277643264,1.0
1786958828076,2.0,34254848,277643264,1.5
1786958828579,2.0,34254848,277643264,0.0
1786958829082,2.0,34254848,277643264,0.5
1786958829585,0.0,34254848,277643264,0.0
1786958830088,2.0,34254848,277643264,1.0
1786958830591,2.0,34254848,277643264,0.5
1786958831094,2.0,34254848,277643264,0.5
1786958831597,2.0,34254848,277643264,1.0
1786958832102,2.0,34254848,277643264,1.0
1786958832605,2.0,34254848,277643264,1.0
1786958833110,2.0,34254848,277643264,0.5
1786958833613,2.0,34254848,277643264,0.5
1786958834118,2.0,34254848,277643264,1.0
1786958834623,2.0,34254848,277643264,1.0
1786958835127,2.0,34254848,277643264,0.0
1786958835631,2.0,34254848,277643264,1.0
1786958836134,2.0,34254848,277643264,0.0
1786958836637,2.0,34254848,277643264,1.0
1786958837142,2.0,34254848,277643264,1.0
1786958837645,0.0,34254848,277643264,0.5
1786958838149,2.0,34254848,277643264,0.5
1786958838652,2.0,34254848,277643264,0.5
1786958839155,2.0,34254848,277643264,1.0
1786958839658,2.0,34254848,277643264,0.0
1786958840162,2.0,34254848,277643264,1.0
1786958840666,2.0,34254848,277643264,0.5
1786958841169,2.0,34254848,277643264,0.5
1786958841672,2.0,34254848,277643264,0.0
1786958842175,2.0,34254848,277643264,0.5
1786958842679,0.0,34254848,277643264,1.0
1786958843183,2.0,34254848,277643264,0.5
1786958843686,2.0,34254848,277643264,0.5
1786958844190,2.0,34254848,277643264,0.5
1786958844694,2.0,34254848,277643264,1.0
1786958845198,2.0,34254848,277643264,0.5
1786958845702,2.0,34254848,277643264,1.5
1786958846206,2.0,34254848,277643264,0.5
1786958846709,2.0,34254848,277643264,1.5
1786958847213,2.0,34254848,277643264,0.5
1786958847717,2.0,34254848,277643264,1.0
1786958848220,2.0,34254848,277643264,0.0
1786958848723,2.0,34254848,277643264,0.5
1786958849226,2.0,34254848,277643264,0.5
1786958849730,2.0,34254848,277643264,1.0
1786958850233,0.0,34254848,277643264,0.5
1786958850736,2.0,34254848,277643264,1.0
1786958851240,2.0,34254848,277643264,0.5
1786958851744,2.0,34254848,277643264,0.5
1786958852247,2.0,34254848,277643264,0.5
1786958852751,2.0,34254848,277643264,0.5
1786958853255,0.0,34254848,277643264,0.5
1786958853759,2.0,34254848,277643264,1.0
1786958854263,4.0,34254848,277643264,0.5
1786958854766,0.0,34254848,277643264,0.5
1786958855269,2.0,34254848,277643264,0.5
1786958855773,4.0,34254848,277643264,0.5
1786958856277,0.0,34254848,277643264,1.0
1786958856780,2.0,34254848,277643264,0.5
1786958857283,2.0,34254848,277643264,1.0
1786958857787,2.0,34254848,277643264,0.5
1786958858290,2.0,34254848,277643264,0.0
1786958858794,2.0,34254848,277643264,1.0
1786958859297,2.0,34254848,277643264,1.0
1786958859801,2.0,34254848,277643264,0.0
1786958860305,2.0,34254848,277643264,1.0
1786958860808,0.0,34254848,277643264,0.5
1786958861312,2.0,34254848,277643264,0.5
1786958861816,2.0,34254848,277643264,0.5
1786958862319,2.0,34254848,277643264,1.0
1786958862822,2.0,34254848,277643264,0.0
1786958863325,2.0,34254848,277643264,1.0
1786958863829,0.0,34254848,277643264,0.5
1786958864334,4.0,34254848,277643264,0.5
1786958864837,0.0,34254848,277643264,1.0
1786958865340,2.0,34254848,277643264,1.0
1786958865845,2.0,34254848,277643264,0.5
1786958866348,2.0,34254848,277643264,0.5
1786958866851,2.0,34254848,277643264,0.5
1786958867354,2.0,34254848,277643264,1.0
1786958867858,0.0,34254848,277643264,0.0
1786958868362,2.0,34254848,277643264,1.0
1786958868866,2.0,34254848,277643264,1.0
1786958869370,4.0,34254848,277643264,0.0
1786958869873,0.0,34254848,277643264,0.0
1786958870377,4.0,34254848,277643264,1.0
1786958870880,0.0,34254848,277643264,0.5
1786958871384,2.0,34254848,277643264,1.0
1786958871888,2.0,34254848,277643264,0.5
1786958872391,2.0,34254848,277643264,0.0
1786958872894,2.0,34254848,277643264,0.0
1786958873397,2.0,34254848,277643264,0.5
1786958873901,0.0,34254848,277643264,1.0
1786958874405,4.0,34254848,277643264,1.0
1786958874908,2.0,34254848,277643264,0.0
1786958875411,0.0,34254848,277643264,0.5
1786958875915,2.0,34254848,277643264,1.5
1786958876418,0.0,34254848,277643264,0.0
1786958876923,4.0,34254848,277643264,1.0
1786958877427,2.0,34254848,277643264,0.0
1786958877930,2.0,34254848,277643264,0.5
1786958878434,2.0,34254848,277643264,1.5
1786958878937,2.0,34254848,277643264,1.0
1786958879440,2.0,34254848,277643264,0.5
1786958879943,0.0,34254848,277643264,1.0
1786958880447,2.0,34254848,277643264,1.0
1786958880950,2.0,34254848,277643264,0.0
1786958881454,2.0,34254848,277643264,0.0
1786958881958,2.0,34254848,277643264,1.5
1786958882461,4.0,34254848,277643264,1.0
1786958882964,0.0,34254848,277643264,1.0
1786958883468,2.0,34254848,277643264,0.0
1786958883971,0.0,34254848,277643264,0.5
1786958884473,4.0,34254848,277643264,0.5
1786958884976,2.0,34254848,277643264,0.5
1786958885479,0.0,34254848,277643264,1.5
1786958885983,2.0,34254848,277643264,0.5
1786958886486,2.0,34254848,277643264,0.0
1786958886989,2.0,34254848,277643264,0.5
1786958887492,2.0,34254848,277643264,0.5
1786958887995,2.0,34254848,277643264,0.0
1786958888499,2.0,34254848,277643264,1.0
1786958889002,2.0,34254848,277643264,0.5
1786958889505,2.0,34254848,277643264,0.5
1786958890008,2.0,34254848,277643264,0.5
1786958890512,0.0,34254848,277643264,0.0
1786958891015,2.0,34254848,277643264,0.5
1786958891519,2.0,34254848,277643264,0.0
1786958892022,2.0,34254848,277643264,1.0
1786958892525,2.0,34254848,277643264,0.5
1786958893029,2.0,34254848,277643264,1.0
1786958893533,2.0,34254848,277643264,0.5
1786958894036,2.0,34254848,277643264,1.0
1786958894539,2.0,34254848,277643264,1.0
1786958895044,0.0,34254848,277643264,0.5
1786958895547,4.0,34254848,277643264,0.5
1786958896050,0.0,34254848,277643264,1.0
1786958896553,2.0,34254848,277643264,0.5
1786958897057,2.0,34254848,277643264,0.5
1786958897560,2.0,34254848,277643264,1.0
1786958898064,2.0,34254848,277643264,1.0
1786958898568,2.0,34254848,277643264,0.5
1786958899071,2.0,34254848,277643264,0.5
1786958899574,2.0,34254848,277643264,0.5
1786958900077,0.0,34254848,277643264,0.5
1786958900581,2.0,34254848,277643264,0.5
1786958901085,2.0,34254848,277643264,2.0
1786958901588,2.0,34254848,277643264,1.0
1786958902092,2.0,34254848,277643264,1.0
1786958902596,4.0,34254848,277643264,0.0
1786958903100,0.0,34254848,277643264,0.0
1786958903603,2.0,34254848,277643264,1.5
1786958904108,2.0,34254848,277643264,1.0
1786958904612,2.0,34254848,277643264,0.5
1786958905117,2.0,34254848,277643264,0.5
1786958905622,2.0,34254848,277643264,1.0
1786958906127,2.0,34254848,277643264,0.0
1786958906630,2.0,34254848,277643264,0.5
1786958907134,2.0,34254848,277643264,1.0
1786958907637,2.0,34254848,277643264,1.0
1786958908141,0.0,34254848,277643264,0.0
1786958908645,4.0,34254848,277643264,0.5
1786958909149,2.0,34254848,277643264,0.5
1786958909652,2.0,34254848,277643264,0.5
1786958910155,0.0,34254848,277643264,0.5
1786958910659,2.0,34254848,277643264,1.0
1786958911163,2.0,34254848,277643264,0.5
1786958911667,2.0,34254848,277643264,1.0
1786958912171,2.0,34254848,277643264,0.5
1786958912675,2.0,34254848,277643264,2.0
1786958913180,2.0,34254848,277643264,1.0
1786958913684,2.0,34254848,277643264,1.5
1786958914188,2.0,34254848,277643264,0.0
1786958914691,2.0,34254848,277643264,1.5
1786958915195,0.0,34254848,277643264,0.0
1786958915699,2.0,34254848,277643264,1.0
1786958916202,2.0,34254848,277643264,0.5
1786958916706,2.0,34254848,277643264,1.5
1786958917210,2.0,34254848,277643264,0.0
1786958917714,2.0,34254848,277643264,1.5
1786958918218,2.0,34254848,277643264,0.5
1786958918722,2.0,34254848,277643264,1.0
1786958919226,2.0,34254848,277643264,0.0
1786958919729,2.0,34254848,277643264,1.0
1786958920234,0.0,34254848,277643264,1.0
1786958920738,2.0,34254848,277643264,1.0
1786958921241,2.0,34254848,277643264,1.5
1786958921745,2.0,34254848,277643264,1.0
1786958922249,2.0,34254848,277643264,0.5
1786958922752,2.0,34254848,277643264,1.5
1786958923256,2.0,34254848,277643264,0.5
1786958923759,2.0,34254848,277643264,1.5
1786958924263,2.0,34254848,277643264,1.0
1786958924768,2.0,34254848,277643264,1.0
1786958925271,0.0,34254848,277643264,0.5
1786958925774,2.0,34254848,277643264,1.5
1786958926278,2.0,34254848,277643264,1.0
1786958926781,2.0,34254848,277643264,1.0
1786958927284,2.0,34254848,277643264,0.0
1786958927788,2.0,34254848,277643264,1.5
1786958928292,0.0,34254848,277643264,0.5
1786958928796,2.0,34254848,277643264,0.0
1786958929299,2.0,34254848,277643264,0.5
1786958929802,2.0,34254848,277643264,1.5
1786958930306,2.0,34254848,277643264,1.5
1786958930811,2.0,34254848,277643264,0.5
1786958931314,2.0,34254848,277643264,1.0
1786958931818,2.0,34254848,277643264,1.0
1786958932321,2.0,34254848,277643264,0.5
1786958932825,2.0,34254848,277643264,0.5
1786958933327,2.0,34254848,277643264,1.0
1786958933830,2.0,34254848,277643264,0.5
1786958934334,2.0,34254848,277643264,0.5
1786958934837,2.0,34254848,277643264,0.5
1786958935340,2.0,34254848,277643264,1.0
1786958935843,0.0,34254848,277643264,0.5
1786958936346,2.0,34254848,277643264,0.5
1786958936850,2.0,34254848,277643264,2.0
1786958937353,2.0,34254848,277643264,0.5
1786958937856,2.0,34254848,277643264,1.0
1786958938360,2.0,34254848,277643264,0.5
1786958938862,2.0,34254848,277643264,0.5
1786958939365,0.0,34254848,277643264,0.5
1786958939868,2.0,34254848,277643264,1.0
1786958940371,2.0,34254848,277643264,1.0
1786958940875,2.0,34254848,277643264,1.0
1786958941378,2.0,34254848,277643264,0.5
1786958941881,0.0,34254848,277643264,2.0
1786958942384,4.0,34254848,277643264,0.5
1786958942888,2.0,34254848,277643264,1.5
1786958943391,0.0,34254848,277643264,1.0
1786958943894,2.0,34254848,277643264,0.5
1786958944397,4.0,34254848,277643264,0.0
1786958944901,2.0,34254848,277643264,1.0
1786958945404,2.0,34254848,277643264,0.5
1786958945907,0.0,34254848,277643264,0.5
1786958946411,2.0,34254848,277643264,0.0
1786958946914,2.0,34254848,277643264,0.5
1786958947417,2.0,34254848,277643264,0.5
1786958947921,2.0,34254848,277643264,1.0
1786958948426,2.0,34254848,277643264,0.5
1786958948930,2.0,34254848,277643264,1.0
1786958949433,0.0,34254848,277643264,1.5
1786958949936,2.0,34254848,277643264,0.5
1786958950439,4.0,34254848,277643264,0.5
1786958950942,2.0,34254848,277643264,1.5
1786958951446,0.0,34254848,277643264,0.5
1786958951949,2.0,34254848,277643264,2.0
1786958952452,2.0,34254848,277643264,0.5
1786958952956,2.0,34254848,277643264,0.5
1786958953459,0.0,34254848,277643264,1.0
1786958953963,4.0,34254848,277643264,1.5
1786958954466,2.0,34254848,277643264,1.0
1786958954970,0.0,34254848,277643264,1.0
1786958955474,4.0,34254848,277643264,0.5
1786958955977,0.0,34254848,277643264,1.0
1786958956480,2.0,34254848,277643264,0.5
1786958956984,4.0,34254848,277643264,2.5
1786958957487,0.0,34254848,277643264,0.0
1786958957990,2.0,34254848,277643264,1.0
1786958958495,2.0,34254848,277643264,1.0
1786958959001,0.0,34254848,277643264,0.5
1786958959505,2.0,34254848,277643264,0.5
1786958960008,4.0,34254848,277643264,1.0
1786958960512,2.0,34254848,277643264,0.5
1786958961017,0.0,34254848,277643264,1.5
1786958961521,4.0,34254848,277643264,0.5
1786958962024,0.0,34254848,277643264,1.0
1786958962527,2.0,34254848,277643264,0.5
1786958963031,2.0,34254848,277643264,1.0
1786958963534,2.0,34254848,277643264,0.0
1786958964037,2.0,34254848,277643264,1.0
1786958964540,2.0,34254848,277643264,1.0
1786958965044,0.0,34254848,277643264,0.5
1786958965548,4.0,34254848,277643264,0.5
1786958966051,0.0,34254848,277643264,1.0
1786958966553,4.0,34254848,277643264,0.5
1786958967057,2.0,34254848,277643264,1.5
1786958967560,2.0,34254848,277643264,0.5
1786958968064,0.0,34254848,277643264,0.5
1786958968567,2.0,34254848,277643264,1.0
1786958969071,2.0,34254848,277643264,1.0
1786958969574,2.0,34254848,277643264,0.5
1786958970077,2.0,34254848,277643264,0.5
1786958970580,0.0,34254848,277643264,0.0
1786958971084,2.0,34254848,277643264,1.0
1786958971587,2.0,34254848,277643264,1.0
1786958972091,4.0,34254848,277643264,1.0
1786958972594,2.0,34254848,277643264,1.0
1786958973098,0.0,34254848,277643264,0.5
1786958973601,2.0,34254848,277643264,1.0
1786958974105,2.0,34254848,277643264,0.5
1786958974608,2.0,34254848,277643264,1.0
1786958975113,0.0,34254848,277643264,1.0
1786958975617,5.9,34254848,277643264,0.5
1786958976122,0.0,34254848,277643264,1.0
1786958976626,2.0,34254848,277643264,0.5
1786958977131,2.0,34258944,277643264,0.5
1786958977634,0.0,34258944,277643264,1.5
1786958978137,4.0,34258944,277643264,0.5
1786958978640,2.0,34258944,277643264,1.0
1786958979144,0.0,34258944,277643264,0.5
1786958979649,2.0,34258944,277643264,1.5
1786958980153,2.0,34258944,277643264,0.0
1786958980656,2.0,34258944,277643264,1.0
1786958981161,2.0,34258944,277643264,0.5
1786958981664,2.0,34258944,277643264,0.5
1786958982169,2.0,34258944,277643264,0.0
1786958982671,2.0,34258944,277643264,1.5
1786958983176,0.0,34258944,277643264,0.5
1786958983680,2.0,34258944,277643264,1.0
1786958984183,2.0,34258944,277643264,0.5
1786958984686,4.0,34258944,277643264,1.0
1786958985191,2.0,34258944,277643264,0.5
1786958985694,0.0,34258944,277643264,1.5
1786958986198,2.0,34258944,277643264,1.0
1786958986701,2.0,34258944,277643264,1.0
1786958987204,0.0,34258944,277643264,0.5
1786958987708,4.0,34258944,277643264,1.0
1786958988212,2.0,34258944,277643264,0.5
1786958988716,2.0,34258944,277643264,1.0
1786958989220,0.0,34258944,277643264,1.0
1786958989723,2.0,34258944,277643264,0.5
1786958990227,2.0,34258944,277643264,0.0
1786958990730,2.0,34258944,277643264,1.0
1786958991234,2.0,34258944,277643264,1.0
1786958991737,2.0,34258944,277643264,1.0
1786958992241,2.0,34258944,277643264,0.0
1786958992744,2.0,34258944,277643264,1.5
1786958993248,0.0,34258944,277643264,0.5
1786958993752,2.0,34258944,277643264,1.0
1786958994256,2.0,34258944,277643264,0.0
1786958994760,2.0,34258944,277643264,1.5
1786958995265,2.0,34258944,277643264,0.0
1786958995769,4.0,34258944,277643264,1.5
1786958996273,0.0,34258944,277643264,0.5
1786958996777,2.0,34258944,277643264,1.0
1786958997280,0.0,34258944,277643264,0.5
1786958997784,2.0,34258944,277643264,1.5
1786958998287,2.0,34258944,277643264,0.5
1786958998791,2.0,34258944,277643264,1.0
1786958999296,2.0,34258944,277643264,1.0
1786958999799,2.0,34258944,277643264,0.5
1786959000302,0.0,34258944,277643264,0.5
1786959000806,4.0,34258944,277643264,0.5
1786959001311,2.0,34258944,277643264,0.5
1786959001815,2.0,34258944,277643264,0.5
1786959002319,2.0,34258944,277643264,0.5
1786959002823,2.0,34258944,277643264,2.5
1786959003327,0.0,34258944,277643264,0.0
1786959003831,2.0,34258944,277643264,1.5
1786959004335,2.0,34258944,277643264,0.0
1786959004838,2.0,34258944,277643264,1.0
1786959005342,2.0,34258944,277643264,0.5
1786959005846,2.0,34258944,277643264,1.5
1786959006351,2.0,34258944,277643264,0.5
1786959006854,0.0,34258944,277643264,1.0
1786959007358,2.0,34258944,277643264,1.5
1786959007862,4.0,34258944,277643264,1.5
1786959008366,2.0,34258944,277643264,0.5
1786959008870,0.0,34258944,277643264,1.0
1786959009373,2.0,34258944,277643264,0.5
1786959009877,2.0,34258944,277643264,1.5
1786959010381,0.0,34258944,277643264,0.0
1786959010885,2.0,34258944,277643264,1.0
1786959011388,4.0,34258944,277643264,1.0
1786959011891,2.0,34258944,277643264,1.5
1786959012394,2.0,34258944,277643264,0.0
1786959012898,2.0,34258944,277643264,1.5
1786959013402,0.0,34258944,277643264,0.5
1786959013905,4.0,34258944,277643264,2.0
1786959014408,0.0,34258944,277643264,0.0
1786959014912,2.0,34258944,277643264,2.0
1786959015415,2.0,34258944,277643264,0.5
1786959015918,2.0,34258944,277643264,0.5
1786959016422,2.0,34258944,277643264,0.5
1786959016925,2.0,34258944,277643264,1.0
1786959017429,2.0,34258944,277643264,1.0
1786959017933,2.0,34258944,277643264,0.5
1786959018436,2.0,34258944,277643264,1.0
1786959018939,0.0,34258944,277643264,0.5
1786959019442,2.0,34258944,277643264,0.5
1786959019947,2.0,34258944,277643264,1.0
1786959020451,2.0,34258944,277643264,0.5
1786959020954,2.0,34258944,277643264,1.5
1786959021457,2.0,34258944,277643264,0.5
1786959021961,0.0,34258944,277643264,2.0
1786959022467,2.0,34258944,277643264,0.5
1786959022971,2.0,34258944,277643264,0.5
1786959023478,2.0,34258944,277643264,0.5
1786959023981,2.0,34258944,277643264,1.0
1786959024485,2.0,34258944,277643264,0.5
1786959024989,4.0,34258944,277643264,1.0
1786959025492,0.0,34258944,277643264,1.0
1786959025995,2.0,34258944,277643264,0.0
1786959026498,2.0,34258944,277643264,0.5
1786959027001,2.0,34258944,277643264,1.0
1786959027504,2.0,34258944,277643264,1.0
1786959028008,2.0,34258944,277643264,1.0
1786959028511,0.0,34258944,277643264,0.5
1786959029015,2.0,34258944,277643264,1.5
1786959029519,2.0,34258944,277643264,1.0
1786959030022,2.0,34258944,277643264,0.5
1786959030526,2.0,34258944,277643264,1.0
1786959031029,2.0,34258944,277643264,0.5
1786959031534,2.0,34258944,277643264,0.5
1786959032038,2.0,34258944,277643264,1.0
1786959032542,0.0,34258944,277643264,0.5
1786959033048,4.0,34258944,277643264,1.0
1786959033551,0.0,34258944,277643264,0.5
1786959034055,2.0,34258944,277643264,1.5
1786959034558,2.0,34258944,277643264,0.0
1786959035061,0.0,34258944,277643264,0.5
1786959035564,4.0,34258944,277643264,0.5
1786959036069,2.0,34258944,277643264,1.0
1786959036571,2.0,34258944,277643264,0.0
1786959037075,2.0,34258944,277643264,1.0
1786959037578,2.0,34258944,277643264,0.0
1786959038081,0.0,34258944,277643264,0.5
1786959038584,2.0,34258944,277643264,0.5
1786959039088,2.0,34258944,277643264,1.5
1786959039592,2.0,34258944,277643264,0.5
1786959040097,2.0,34258944,277643264,0.5
1786959040601,2.0,34258944,277643264,1.0
1786959041104,2.0,34258944,277643264,1.0
1786959041608,2.0,34258944,277643264,0.5
1786959042113,2.0,34258944,277643264,0.5
1786959042617,2.0,34258944,277643264,1.5
1786959043122,2.0,34258944,277643264,0.5
1786959043625,2.0,34258944,277643264,1.5
1786959044129,0.0,34258944,277643264,0.5
1786959044632,2.0,34258944,277643264,1.5
1786959045135,4.0,34258944,277643264,0.5
1786959045638,0.0,34258944,277643264,1.0
1786959046141,2.0,34258944,277643264,2.0
1786959046644,2.0,34258944,277643264,0.5
1786959047148,2.0,34258944,277643264,0.0
1786959047651,2.0,34258944,277643264,1.0
1786959048155,2.0,34258944,277643264,0.0
1786959048658,2.0,34258944,277643264,1.0
1786959049162,0.0,34258944,277643264,0.5
1786959049665,2.0,34258944,277643264,1.5
1786959050170,2.0,34258944,277643264,0.5
1786959050673,2.0,34258944,277643264,1.5
1786959051177,2.0,34258944,277643264,0.0
1786959051681,2.0,34258944,277643264,1.0
1786959052184,2.0,34258944,277643264,1.0
1786959052687,2.0,34258944,277643264,1.0
1786959053191,2.0,34258944,277643264,0.5
1786959053695,2.0,34258944,277643264,0.5
1786959054198,0.0,34258944,277643264,0.5
1786959054702,2.0,34258944,277643264,1.0
1786959055205,2.0,34258944,277643264,0.5
1786959055709,2.0,34258944,277643264,1.5
1786959056213,2.0,34258944,277643264,0.5
1786959056716,2.0,34258944,277643264,1.0
1786959057219,2.0,34258944,277643264,0.5
1786959057723,2.0,34258944,277643264,1.0
1786959058227,0.0,34258944,277643264,0.0
1786959058730,4.0,34258944,277643264,2.0
1786959059233,2.0,34258944,277643264,0.0
1786959059736,0.0,34258944,277643264,2.0
1786959060240,2.0,34258944,277643264,0.5
1786959060743,4.0,34258944,277643264,1.0
1786959061247,0.0,34258944,277643264,0.0
1786959061751,2.0,34258944,277643264,1.5
1786959062254,2.0,34258944,277643264,0.0
1786959062758,2.0,34258944,277643264,1.0
1786959063261,2.0,34258944,277643264,0.5
1786959063765,2.0,34258944,277643264,1.0
1786959064269,2.0,34258944,277643264,0.0
1786959064773,0.0,34258944,277643264,1.0
1786959065276,2.0,34258944,277643264,0.0
1786959065780,2.0,34258944,277643264,1.5
1786959066283,2.0,34258944,277643264,0.0
1786959066787,2.0,34258944,277643264,1.5
1786959067291,0.0,34258944,277643264,0.5
1786959067795,4.0,34258944,277643264,1.0
1786959068298,2.0,34258944,277643264,0.5
1786959068802,2.0,34258944,277643264,0.5
1786959069305,2.0,34258944,277643264,1.0
1786959069809,2.0,34258944,277643264,0.5
1786959070313,0.0,34258944,277643264,0.5
1786959070817,2.0,34258944,277643264,1.5
1786959071321,2.0,34258944,277643264,0.5
1786959071825,2.0,34258944,277643264,1.0
1786959072329,2.0,34258944,277643264,0.5
1786959072832,2.0,34258944,277643264,1.0
1786959073336,2.0,34258944,277643264,0.0
1786959073839,2.0,34258944,277643264,1.5
1786959074343,2.0,34258944,277643264,0.0
1786959074846,2.0,34258944,277643264,2.0
1786959075350,2.0,34258944,277643264,1.0
1786959075854,0.0,34258944,277643264,1.0
1786959076359,4.0,34258944,277643264,1.0
1786959076863,2.0,34258944,277643264,1.5
1786959077367,0.0,34258944,277643264,1.0
1786959077870,2.0,34258944,277643264,1.0
1786959078374,2.0,34258944,277643264,0.5
1786959078878,2.0,34258944,277643264,1.0
1786959079382,2.0,34258944,277643264,0.5
1786959079885,2.0,34258944,277643264,1.0
1786959080389,2.0,34258944,277643264,0.5
1786959080893,2.0,34258944,277643264,0.5
1786959081397,2.0,34258944,277643264,0.5
1786959081901,2.0,34258944,277643264,1.5
1786959082404,0.0,34258944,277643264,0.5
1786959082908,4.0,34258944,277643264,0.5
1786959083411,0.0,34258944,277643264,1.5
1786959083918,2.0,34258944,277643264,1.5
1786959084422,2.0,34258944,277643264,1.5
1786959084926,2.0,34258944,277643264,0.5
1786959085430,2.0,34258944,277643264,0.5
1786959085933,2.0,34258944,277643264,1.5
1786959086436,2.0,34258944,277643264,0.5
1786959086939,4.0,34258944,277643264,2.0
1786959087443,0.0,34258944,277643264,1.0
1786959087947,2.0,34258944,277643264,1.0
1786959088451,4.0,34258944,277643264,0.5
1786959088955,2.0,34258944,277643264,1.5
1786959089459,0.0,34258944,277643264,0.0
1786959089962,2.0,34258944,277643264,1.0
1786959090467,4.0,34258944,277643264,1.0
1786959090970,0.0,34258944,277643264,1.0
1786959091474,2.0,34258944,277643264,0.5
1786959091979,2.0,34258944,277643264,2.0
1786959092482,2.0,34258944,277643264,0.5
1786959092985,0.0,34258944,277643264,0.5
1786959093489,4.0,34258944,277643264,1.5
1786959093992,0.0,34258944,277643264,0.5
1786959094496,4.0,34258944,277643264,1.0
1786959094999,2.0,34258944,277643264,0.5
1786959095503,2.0,34258944,277643264,0.5
1786959096006,0.0,34258944,277643264,1.0
1786959096510,2.0,34258944,277643264,0.5
1786959097014,2.0,34258944,277643264,2.0
1786959097518,2.0,34258944,277643264,0.5
1786959098022,0.0,34258944,277643264,0.5
1786959098526,4.0,34258944,277643264,1.0
1786959099029,2.0,34258944,277643264,1.5
1786959099533,0.0,34258944,277643264,0.5
1786959100036,2.0,34258944,277643264,0.5
1786959100540,2.0,34258944,277643264,0.5
1786959101043,2.0,34258944,277643264,2.0
1786959101546,2.0,34258944,277643264,0.0
1786959102049,4.0,34258944,277643264,0.5
1786959102554,0.0,34258944,277643264,1.0
1786959103059,2.0,34258944,277643264,1.5
1786959103563,0.0,34258944,277643264,0.5
1786959104066,4.0,34258944,277643264,1.5
1786959104570,0.0,34258944,277643264,0.0
1786959105073,2.0,34258944,277643264,0.5
1786959105576,4.0,34258944,277643264,1.0
1786959106080,2.0,34258944,277643264,0.5
1786959106584,0.0,34258944,277643264,0.5
1786959107088,2.0,34258944,277643264,1.0
1786959107591,2.0,34258944,277643264,0.5
1786959108094,2.0,34258944,277643264,0.0
1786959108598,2.0,34258944,277643264,1.0
1786959109101,2.0,34258944,277643264,0.5
1786959109604,2.0,34258944,277643264,2.0
1786959110109,2.0,34258944,277643264,1.0
1786959110613,2.0,34258944,277643264,0.5
1786959111118,2.0,34258944,277643264,1.5
1786959111623,2.0,34258944,277643264,1.5
1786959112128,2.0,34258944,277643264,0.0
1786959112632,2.0,34258944,277643264,1.5
1786959113135,2.0,34258944,277643264,0.0
1786959113638,4.0,34258944,277643264,1.5
1786959114141,2.0,34258944,277643264,0.0
1786959114644,2.0,34258944,277643264,1.5
1786959115147,0.0,34258944,277643264,0.0
1786959115652,2.0,34258944,277643264,1.0
1786959116157,2.0,34258944,277643264,0.5
1786959116660,2.0,34258944,277643264,1.0
1786959117163,2.0,34258944,277643264,0.0
1786959117668,2.0,34258944,277643264,1.0
1786959118171,2.0,34258944,277643264,0.0
1786959118674,0.0,34258944,277643264,1.5
1786959119178,2.0,34258944,277643264,0.5
1786959119681,2.0,34258944,277643264,1.0
1786959120185,2.0,34258944,277643264,0.0
1786959120688,2.0,34258944,277643264,1.0
1786959121192,2.0,34258944,277643264,0.5
1786959121695,2.0,34258944,277643264,2.0
1786959122198,2.0,34258944,277643264,0.0
1786959122701,4.0,34258944,277643264,2.0
1786959123205,0.0,34258944,277643264,0.5
1786959123710,2.0,34258944,277643264,1.5
1786959124213,2.0,34258944,277643264,0.5
1786959124716,2.0,34258944,277643264,1.0
1786959125219,2.0,34258944,277643264,0.5
1786959125723,2.0,34258944,277643264,1.5
1786959126226,2.0,34258944,277643264,0.0
1786959126729,2.0,34258944,277643264,1.5
1786959127232,2.0,34258944,277643264,0.5
1786959127736,2.0,34258944,277643264,1.0
1786959128239,2.0,34258944,277643264,0.0
1786959128742,2.0,34258944,277643264,2.0
1786959129245,2.0,34258944,277643264,0.5
1786959129749,2.0,34258944,277643264,1.0
1786959130251,0.0,34258944,277643264,0.5
1786959130754,4.0,34258944,277643264,1.5
1786959131258,2.0,34258944,277643264,0.0
1786959131762,2.0,34258944,277643264,1.5
1786959132265,0.0,34258944,277643264,0.5
1786959132768,4.0,34258944,277643264,1.5
1786959133271,0.0,34258944,277643264,1.0
1786959133775,4.0,34258944,277643264,0.5
1786959134278,2.0,34258944,277643264,0.5
1786959134781,0.0,34258944,277643264,2.0
1786959135284,2.0,34258944,277643264,0.5
1786959135788,4.0,34258944,277643264,1.0
1786959136292,2.0,34258944,277643264,0.0
1786959136797,2.0,34258944,277643264,0.5
1786959137301,0.0,34258944,277643264,1.0
1786959137804,4.0,34258944,277643264,1.0
1786959138307,2.0,34258944,277643264,0.5
1786959138811,2.0,34258944,277643264,1.5
1786959139314,0.0,34258944,277643264,0.0
1786959139818,4.0,34258944,277643264,2.0
1786959140321,2.0,34258944,277643264,0.5
1786959140824,2.0,34258944,277643264,1.5
1786959141328,0.0,34258944,277643264,0.5
1786959141831,2.0,34258944,277643264,1.0
1786959142335,2.0,34258944,277643264,0.0
1786959142838,2.0,34258944,277643264,0.5
1786959143342,2.0,34258944,277643264,0.5
1786959143845,2.0,34258944,277643264,2.0
1786959144350,2.0,34258944,277643264,0.0
1786959144853,2.0,34258944,277643264,1.0
1786959145356,0.0,34258944,277643264,0.5
1786959145859,4.0,34258944,277643264,1.0
1786959146362,2.0,34258944,277643264,0.0
1786959146866,2.0,34258944,277643264,1.0
1786959147370,0.0,34258944,277643264,0.5
1786959147873,4.0,34258944,277643264,0.5
1786959148376,0.0,34258944,277643264,0.5
1786959148880,2.0,34258944,277643264,1.0
1786959149383,2.0,34258944,277643264,0.5
1786959149887,4.0,34258944,277643264,2.0
1786959150392,0.0,34258944,277643264,0.0
1786959150895,2.0,34258944,277643264,1.0
1786959151399,4.0,34258944,277643264,0.5
1786959151903,2.0,34258944,277643264,1.5
1786959152407,2.0,34258944,277643264,0.5
1786959152911,2.0,34258944,277643264,1.5
1786959153415,2.0,34258944,277643264,0.5
1786959153918,2.0,34258944,277643264,1.5
1786959154422,0.0,34258944,277643264,0.5
1786959154926,4.0,34258944,277643264,1.0
1786959155430,2.0,34258944,277643264,0.5
1786959155933,0.0,34258944,277643264,1.0
1786959156437,4.0,34258944,277643264,0.0
1786959156940,2.0,34258944,277643264,1.0
1786959157444,2.0,34258944,277643264,1.0
1786959157948,2.0,34258944,277643264,0.5
1786959158452,0.0,34258944,277643264,0.0
1786959158958,4.0,34258944,277643264,2.0
1786959159461,2.0,34258944,277643264,1.0
1786959159965,2.0,34258944,277643264,1.0
1786959160468,2.0,34258944,277643264,0.5
1786959160971,2.0,34258944,277643264,2.0
1786959161475,2.0,34258944,277643264,0.0
1786959161978,2.0,34258944,277643264,1.0
1786959162481,2.0,34258944,277643264,0.0
1786959162985,2.0,34258944,277643264,2.0
1786959163489,2.0,34258944,277643264,0.5
1786959163993,2.0,34258944,277643264,1.0
1786959164496,2.0,34258944,277643264,0.5
1786959165000,2.0,34258944,277643264,1.0
1786959165503,4.0,34258944,277643264,1.0
1786959166006,0.0,34258944,277643264,1.5
1786959166511,2.0,34258944,277643264,0.5
1786959167015,0.0,34258944,277643264,0.5
1786959167518,4.0,34258944,277643264,0.5
1786959168021,2.0,34258944,277643264,1.5
1786959168525,2.0,34258944,277643264,0.5
1786959169028,2.0,34258944,277643264,1.0
1786959169532,2.0,34258944,277643264,0.5
1786959170035,2.0,34258944,277643264,1.0
1786959170539,2.0,34258944,277643264,0.5
1786959171044,2.0,34258944,277643264,1.5
1786959171548,2.0,34258944,277643264,1.0
1786959172050,2.0,34258944,277643264,1.0
1786959172555,2.0,34258944,277643264,1.0
1786959173058,2.0,34258944,277643264,1.5
1786959173561,2.0,34258944,277643264,0.0
1786959174065,2.0,34258944,277643264,1.5
1786959174568,0.0,34258944,277643264,0.0
1786959175072,4.0,34258944,277643264,1.0
1786959175576,2.0,34258944,277643264,0.5
1786959176079,2.0,34258944,277643264,1.0
1786959176582,2.0,34258944,277643264,0.5
1786959177086,2.0,34258944,277643264,1.5
1786959177591,0.0,34258944,277643264,1.0
1786959178094,4.0,34258944,277643264,0.5
1786959178597,2.0,34258944,277643264,0.5
1786959179101,2.0,34258944,277643264,1.5
1786959179604,2.0,34258944,277643264,1.0
1786959180110,2.0,34258944,277643264,1.0
1786959180614,2.0,34258944,277643264,1.5
1786959181119,2.0,34258944,277643264,0.0
1786959181623,2.0,34258944,277643264,2.0
1786959182127,2.0,34258944,277643264,1.0
1786959182630,2.0,34258944,277643264,1.0
1786959183133,2.0,34258944,277643264,1.0
1786959183637,0.0,34258944,277643264,0.5
1786959184141,2.0,34258944,277643264,1.0
1786959184644,4.0,34258944,277643264,0.5
1786959185148,2.0,34258944,277643264,0.5
1786959185651,2.0,34258944,277643264,1.0
1786959186155,0.0,34258944,277643264,0.5
1786959186658,4.0,34258944,277643264,1.0
1786959187161,2.0,34258944,277643264,1.0
1786959187664,2.0,34258944,277643264,0.5
1786959188167,2.0,34258944,277643264,1.5
1786959188671,0.0,34258944,277643264,0.5
1786959189174,2.0,34258944,277643264,0.5
1786959189677,2.0,34258944,277643264,1.0
1786959190180,2.0,34258944,277643264,1.0
1786959190683,2.0,34258944,277643264,1.0
1786959191186,2.0,34258944,277643264,0.5
1786959191690,2.0,34258944,277643264,1.5
1786959192194,2.0,34258944,277643264,0.5
1786959192697,2.0,34258944,277643264,1.0
1786959193201,0.0,34258944,277643264,0.5
1786959193703,2.0,34258944,277643264,0.5
1786959194207,2.0,34258944,277643264,1.0
1786959194710,4.0,34258944,277643264,1.5
1786959195214,2.0,34258944,277643264,0.5
1786959195717,2.0,34258944,277643264,1.0
1786959196221,0.0,34258944,277643264,0.5
1786959196725,2.0,34258944,277643264,1.0
1786959197228,2.0,34258944,277643264,0.5
1786959197731,2.0,34258944,277643264,1.0
1786959198234,2.0,34258944,277643264,0.0
1786959198738,2.0,34258944,277643264,1.5
1786959199242,2.0,34258944,277643264,0.5
1786959199746,2.0,34258944,277643264,1.5
1786959200250,2.0,34258944,277643264,0.5
1786959200754,2.0,34258944,277643264,1.5
1786959201257,0.0,34258944,277643264,1.0
1786959201761,4.0,34258944,277643264,0.5
1786959202264,0.0,34258944,277643264,0.5
1786959202768,4.0,34258944,277643264,1.5
1786959203271,0.0,34258944,277643264,0.5
1786959203775,4.0,34258944,277643264,1.0
1786959204279,0.0,34258944,277643264,0.5
1786959204783,2.0,34258944,277643264,1.0
1786959205287,2.0,34258944,277643264,0.5
1786959205790,2.0,34258944,277643264,1.0
1786959206294,2.0,34258944,277643264,0.5
1786959206798,2.0,34258944,277643264,2.0
1786959207301,0.0,34258944,277643264,0.0
1786959207803,2.0,34258944,277643264,1.5
1786959208307,2.0,34258944,277643264,0.5
1786959208810,2.0,34258944,277643264,0.5
1786959209314,2.0,34258944,277643264,0.5
1786959209817,2.0,34258944,277643264,1.5
1786959210320,2.0,34258944,277643264,0.0
1786959210824,2.0,34258944,277643264,1.0
1786959211328,2.0,34258944,277643264,1.0
1786959211831,2.0,34258944,277643264,1.0
1786959212334,0.0,34258944,277643264,1.0
1786959212839,4.0,34258944,277643264,1.0
1786959213343,2.0,34258944,277643264,0.5
1786959213846,2.0,34258944,277643264,1.0
1786959214350,0.0,34258944,277643264,0.5
1786959214854,2.0,34258944,277643264,1.5
1786959215357,2.0,34258944,277643264,0.5
1786959215860,4.0,34258944,277643264,0.5
1786959216363,0.0,34258944,277643264,1.0
1786959216868,2.0,34258944,277643264,1.0
1786959217371,0.0,34258944,277643264,0.5
1786959217875,4.0,34258944,277643264,1.5
1786959218379,0.0,34258944,277643264,0.0
1786959218883,2.0,34258944,277643264,2.0
1786959219386,2.0,34258944,277643264,0.5
1786959219890,2.0,34258944,277643264,1.5
1786959220393,2.0,34258944,277643264,0.0
1786959220897,4.0,34258944,277643264,1.0
1786959221400,0.0,34258944,277643264,0.0
1786959221903,2.0,34258944,277643264,1.0
1786959222408,2.0,34258944,277643264,1.0
1786959222911,2.0,34258944,277643264,1.5
1786959223414,2.0,34258944,277643264,0.0
1786959223917,2.0,34258944,277643264,1.5
1786959224421,0.0,34258944,277643264,0.0
1786959224925,4.0,34258944,277643264,2.0
1786959225428,0.0,34258944,277643264,0.0
1786959225932,2.0,34258944,277643264,0.5
1786959226435,4.0,34258944,277643264,0.0
1786959226939,2.0,34258944,277643264,1.5
1786959227443,0.0,34258944,277643264,0.5
1786959227946,2.0,34258944,277643264,1.5
1786959228450,2.0,34258944,277643264,0.5
1786959228954,2.0,34258944,277643264,1.0
1786959229458,0.0,34258944,277643264,0.5
1786959229961,2.0,34258944,277643264,0.5
1786959230466,4.0,34258944,277643264,1.0
1786959230969,0.0,34258944,277643264,1.0
1786959231473,4.0,34258944,277643264,0.0
1786959231980,2.0,34258944,277643264,1.5
1786959232483,2.0,34258944,277643264,1.0
1786959232987,0.0,34258944,277643264,0.5
1786959233491,2.0,34258944,277643264,0.5
1786959233993,2.0,34258944,277643264,1.0
1786959234496,2.0,34258944,277643264,1.0
1786959235000,2.0,34258944,277643264,0.0
1786959235504,2.0,34258944,277643264,0.0
1786959236007,2.0,34258944,277643264,1.0
1786959236511,0.0,34258944,277643264,0.0
1786959237014,2.0,34258944,277643264,1.5
1786959237517,2.0,34258944,277643264,0.5
1786959238020,2.0,34258944,277643264,1.0
1786959238524,2.0,34258944,277643264,0.5
1786959239027,2.0,34258944,277643264,0.5
1786959239530,2.0,34258944,277643264,0.0
1786959240034,4.0,34258944,277643264,1.5
1786959240537,0.0,34258944,277643264,0.5
1786959241040,2.0,34258944,277643264,1.0
1786959241544,2.0,34258944,277643264,0.5
1786959242047,2.0,34258944,277643264,2.0
1786959242550,2.0,34258944,277643264,1.0
1786959243053,0.0,34258944,277643264,1.0
1786959243556,2.0,34258944,277643264,0.5
1786959244060,2.0,34258944,277643264,1.0
1786959244564,2.0,34258944,277643264,1.0
1786959245067,2.0,34258944,277643264,0.5
1786959245571,2.0,34258944,277643264,0.5
1786959246074,2.0,34258944,277643264,1.0
1786959246577,2.0,34258944,277643264,0.5
1786959247081,0.0,34258944,277643264,1.0
1786959247584,4.0,34258944,277643264,1.0
1786959248088,2.0,34258944,277643264,0.5
1786959248591,0.0,34258944,277643264,1.0
1786959249094,4.0,34258944,277643264,1.0
1786959249597,0.0,34258944,277643264,1.0
1786959250101,2.0,34258944,277643264,1.0
1786959250604,2.0,34258944,277643264,0.0
1786959251109,4.0,34258944,277643264,1.5
1786959251613,0.0,34258944,277643264,0.5
1786959252118,2.0,34258944,277643264,0.5
1786959252622,4.0,34258944,277643264,1.0
1786959253128,2.0,34258944,277643264,0.5
1786959253632,2.0,34258944,277643264,0.5
1786959254136,2.0,34258944,277643264,0.5
1786959254639,0.0,34258944,277643264,1.5
1786959255143,4.0,34258944,277643264,1.0
1786959255646,0.0,34258944,277643264,0.0
1786959256154,2.0,34258944,277643264,1.5
1786959256659,2.0,34258944,277643264,1.5
1786959257163,2.0,34258944,277643264,0.5
1786959257666,2.0,34258944,277643264,0.5
1786959258169,0.0,34258944,277643264,0.5
1786959258672,4.0,34258944,277643264,1.0
1786959259176,2.0,34258944,277643264,0.0
1786959259681,0.0,34258944,277643264,0.5
1786959260187,2.0,34258944,277643264,0.5
1786959260691,2.0,34258944,277643264,1.0
1786959261195,2.0,34258944,277643264,1.0
1786959261697,4.0,34258944,277643264,1.0
1786959262200,0.0,34258944,277643264,0.5
1786959262703,2.0,34258944,277643264,1.5
1786959263207,2.0,34258944,277643264,0.0
1786959263710,2.0,34258944,277643264,1.0
1786959264213,2.0,34258944,277643264,0.5
1786959264716,2.0,34258944,277643264,1.0
1786959265220,2.0,34258944,277643264,0.5
1786959265724,2.0,34258944,277643264,1.0
1786959266227,0.0,34258944,277643264,1.0
1786959266730,2.0,34258944,277643264,1.0
1786959267234,2.0,34258944,277643264,1.5
1786959267737,2.0,34258944,277643264,1.0
1786959268240,2.0,34258944,277643264,0.5
1786959268742,2.0,34258944,277643264,1.0
1786959269247,2.0,34258944,277643264,1.5
1786959269750,2.0,34258944,277643264,1.0
1786959270253,2.0,34258944,277643264,0.5
1786959270757,2.0,34258944,277643264,1.5
1786959271260,2.0,34258944,277643264,1.0
1786959271764,2.0,34258944,277643264,1.0
1786959272268,2.0,34258944,277643264,0.5
1786959272770,2.0,34258944,277643264,1.0
1786959273274,0.0,34258944,277643264,1.0
1786959273779,2.0,34258944,277643264,0.5
1786959274282,0.0,34258944,277643264,0.5
1786959274786,4.0,34258944,277643264,1.0
1786959275290,2.0,34258944,277643264,1.0
1786959275794,2.0,34258944,277643264,1.0
1786959276298,0.0,34258944,277643264,0.0
1786959276801,2.0,34258944,277643264,2.0
1786959277305,2.0,34258944,277643264,0.0
1786959277808,2.0,34258944,277643264,1.0
1786959278311,2.0,34258944,277643264,0.5
1786959278815,0.0,34258944,277643264,1.0
1786959279319,4.0,34258944,277643264,0.5
1786959279822,2.0,34258944,277643264,0.0
1786959280325,0.0,34258944,277643264,1.0
1786959280828,4.0,34258944,277643264,0.5
1786959281331,2.0,34258944,277643264,0.5
1786959281835,2.0,34258944,277643264,1.0
1786959282338,0.0,34258944,277643264,0.5
1786959282842,2.0,34258944,277643264,1.0
1786959283345,2.0,34258944,277643264,1.0
1786959283848,0.0,34258944,277643264,1.5
1786959284352,2.0,34258944,277643264,0.5
1786959284855,2.0,34258944,277643264,0.5
1786959285358,2.0,34258944,277643264,1.0
1786959285862,2.0,34258944,277643264,0.5
1786959286366,2.0,34258944,277643264,1.0
1786959286869,4.0,34258944,277643264,1.0
1786959287373,0.0,34258944,277643264,1.0
1786959287876,2.0,34258944,277643264,0.5
1786959288380,2.0,34258944,277643264,1.0
1786959288884,2.0,34258944,277643264,1.0
1786959289387,2.0,34258944,277643264,0.5
1786959289892,0.0,34258944,277643264,1.5
1786959290396,2.0,34258944,277643264,0.0
1786959290899,2.0,34258944,277643264,1.5
1786959291403,2.0,34258944,277643264,0.5
1786959291906,2.0,34258944,277643264,0.5
1786959292410,0.0,34258944,277643264,0.5
1786959292913,4.0,34258944,277643264,1.0
1786959293417,2.0,34258944,277643264,1.0
1786959293920,2.0,34258944,277643264,0.0
1786959294423,0.0,34258944,277643264,1.0
1786959294927,2.0,34258944,277643264,1.0
1786959295430,2.0,34258944,277643264,0.5
1786959295934,2.0,34258944,277643264,0.5
1786959296439,2.0,34258944,277643264,1.0
1786959296942,2.0,34258944,277643264,0.5
1786959297445,0.0,34258944,277643264,0.5
1786959297948,4.0,34258944,277643264,1.0
1786959298452,2.0,34258944,277643264,0.5
1786959298956,2.0,34258944,277643264,1.0
1786959299460,0.0,34258944,277643264,0.5
1786959299964,2.0,34258944,277643264,1.0
1786959300468,2.0,34258944,277643264,0.0
1786959300971,2.0,34258944,277643264,1.5
1786959301475,2.0,34258944,277643264,1.0
1786959301980,2.0,34258944,277643264,1.0
1786959302483,0.0,34258944,277643264,0.5
1786959302986,4.0,34258944,277643264,1.0
1786959303490,0.0,34258944,277643264,2.0
1786959303994,2.0,34258944,277643264,1.0
1786959304497,2.0,34258944,277643264,0.0
1786959305001,4.0,34258944,277643264,0.5
1786959305505,2.0,34258944,277643264,0.5
1786959306010,2.0,34258944,277643264,1.0
1786959306513,2.0,34258944,277643264,0.5
1786959307016,0.0,34258944,277643264,0.5
1786959307520,2.0,34258944,277643264,1.0
1786959308023,2.0,34258944,277643264,1.5
1786959308526,2.0,34258944,277643264,0.5
1786959309031,2.0,34258944,277643264,1.5
1786959309534,2.0,34258944,277643264,0.0
1786959310038,0.0,34258944,277643264,1.0
1786959310541,2.0,34258944,277643264,1.0
1786959311045,4.0,34258944,277643264,0.5
1786959311548,2.0,34258944,277643264,1.0
1786959312052,2.0,34258944,277643264,1.0
1786959312554,2.0,34258944,277643264,1.0
1786959313058,0.0,34258944,277643264,1.0
1786959313560,2.0,34258944,277643264,1.0
1786959314064,2.0,34258944,277643264,1.0
1786959314566,2.0,34258944,277643264,0.5
1786959315070,2.0,34258944,277643264,1.5
1786959315573,2.0,34258944,277643264,0.0
1786959316077,0.0,34258944,277643264,1.0
1786959316580,2.0,34258944,277643264,1.5
1786959317083,2.0,34258944,277643264,0.5
1786959317587,4.0,34258944,277643264,0.5
1786959318090,0.0,34258944,277643264,1.0
1786959318594,2.0,34258944,277643264,1.0
1786959319098,2.0,34258944,277643264,1.0
1786959319601,2.0,34258944,277643264,1.0
1786959320106,2.0,34258944,277643264,1.0
1786959320610,2.0,34258944,277643264,1.0
1786959321116,2.0,34258944,277643264,0.5
1786959321619,2.0,34258944,277643264,1.0
1786959322124,2.0,34258944,277643264,0.5
1786959322629,2.0,34258944,277643264,1.0
1786959323132,2.0,34258944,277643264,0.5
1786959323636,0.0,34258944,277643264,0.5
1786959324139,4.0,34258944,277643264,1.5
1786959324643,0.0,34258944,277643264,0.5
1786959325146,4.0,34258944,277643264,0.5
1786959325649,2.0,34258944,277643264,1.0
1786959326152,2.0,34258944,277643264,1.0
1786959326654,0.0,34258944,277643264,1.0
1786959327158,4.0,34258944,277643264,1.0
1786959327662,2.0,34258944,277643264,0.5
1786959328165,2.0,34258944,277643264,0.5
1786959328668,0.0,34258944,277643264,1.0
1786959329171,2.0,34258944,277643264,0.5
1786959329675,2.0,34258944,277643264,1.0
1786959330178,2.0,34258944,277643264,1.5
1786959330681,2.0,34258944,277643264,1.5
1786959331184,0.0,34258944,277643264,1.0
1786959331687,2.0,34258944,277643264,1.5
1786959332191,4.0,34258944,277643264,0.5
1786959332694,2.0,34258944,277643264,1.0
1786959333198,2.0,34258944,277643264,0.5
1786959333701,0.0,34258944,277643264,1.0
1786959334204,2.0,34258944,277643264,1.0
1786959334707,2.0,34258944,277643264,1.0
1786959335211,2.0,34258944,277643264,0.5
1786959335714,0.0,34258944,277643264,1.0
1786959336219,2.0,34258944,277643264,0.5
1786959336723,2.0,34258944,277643264,1.0
1786959337227,2.0,34258944,277643264,0.5
1786959337730,2.0,34258944,277643264,0.5
1786959338234,4.0,34258944,277643264,0.5
1786959338737,2.0,34258944,277643264,1.5
1786959339241,0.0,34258944,277643264,0.5
1786959339744,2.0,34258944,277643264,1.0
1786959340248,2.0,34258944,277643264,0.5
1786959340751,2.0,34258944,277643264,1.0
1786959341254,2.0,34258944,277643264,0.5
1786959341758,2.0,34258944,277643264,0.5
1786959342261,2.0,34258944,277643264,1.0
1786959342765,2.0,34258944,277643264,1.0
1786959343269,0.0,34258944,277643264,0.0
1786959343772,2.0,34258944,277643264,2.0
1786959344275,2.0,34258944,277643264,0.5
1786959344778,2.0,34258944,277643264,1.0
1786959345282,2.0,34258944,277643264,0.5
1786959345785,2.0,34258944,277643264,1.0
1786959346289,2.0,34258944,277643264,1.0
1786959346792,2.0,34258944,277643264,1.0
1786959347295,0.0,34258944,277643264,0.5
1786959347798,2.0,34258944,277643264,1.0
1786959348302,4.0,34258944,277643264,0.5
1786959348805,2.0,34258944,277643264,1.5
1786959349309,0.0,34258944,277643264,0.5
1786959349812,2.0,34258944,277643264,1.0
1786959350315,2.0,34258944,277643264,0.5
1786959350819,2.0,34258944,277643264,2.0
1786959351323,0.0,34258944,277643264,0.5
1786959351826,2.0,34258944,277643264,0.5
1786959352329,2.0,34258944,277643264,0.5
1786959352833,2.0,34258944,277643264,1.5
1786959353337,2.0,34258944,277643264,0.0
1786959353840,4.0,34258944,277643264,0.5
1786959354343,0.0,34258944,277643264,1.0
1786959354847,4.0,34258944,277643264,1.0
1786959355351,0.0,34258944,277643264,0.5
1786959355855,2.0,34258944,277643264,1.5
1786959356358,2.0,34258944,277643264,0.5
1786959356862,2.0,34258944,277643264,1.5
1786959357366,0.0,34258944,277643264,0.5
1786959357869,2.0,34258944,277643264,2.0
1786959358372,2.0,34258944,277643264,0.0
1786959358876,4.0,34258944,277643264,1.0
1786959359379,0.0,34258944,277643264,0.5
1786959359882,2.0,34258944,277643264,0.5
1786959360385,2.0,34258944,277643264,0.5
1786959360889,0.0,34258944,277643264,1.0
1786959361392,4.0,34258944,277643264,1.0
1786959361895,2.0,34258944,277643264,1.0
1786959362399,0.0,34258944,277643264,0.0
1786959362902,2.0,34258944,277643264,1.0
1786959363405,2.0,34258944,277643264,0.5
1786959363909,2.0,34258944,277643264,1.0
1786959364412,0.0,34258944,277643264,0.0
1786959364915,4.0,34258944,277643264,1.0
1786959365418,2.0,34258944,277643264,1.0
1786959365921,2.0,34258944,277643264,0.5
1786959366425,2.0,34258944,277643264,1.0
1786959366928,2.0,34258944,277643264,0.5
1786959367431,0.0,34258944,277643264,1.0
1786959367934,4.0,34258944,277643264,0.5
1786959368437,0.0,34258944,277643264,0.5
1786959368941,2.0,34258944,277643264,2.5
1786959369445,2.0,34258944,277643264,0.0
1786959369949,2.0,34258944,277643264,1.0
1786959370453,2.0,34258944,277643264,1.0
1786959370956,2.0,34258944,277643264,1.0
1786959371460,0.0,34258944,277643264,0.0
1786959371963,2.0,34258944,277643264,1.0
1786959372466,2.0,34258944,277643264,0.5
1786959372970,2.0,34258944,277643264,2.0
1786959373473,2.0,34258944,277643264,0.0
1786959373977,2.0,34258944,277643264,1.0
1786959374480,2.0,34258944,277643264,0.5
1786959374984,2.0,34258944,277643264,1.0
1786959375488,2.0,34258944,277643264,0.0
1786959375992,2.0,34258944,277643264,1.0
1786959376495,0.0,34258944,277643264,0.5
1786959376999,2.0,34258944,277643264,1.5
1786959377502,2.0,34258944,277643264,0.5
1786959378005,4.0,34258944,277643264,1.0
1786959378509,0.0,34258944,277643264,0.5
1786959379012,2.0,34258944,277643264,1.0
1786959379516,2.0,34258944,277643264,0.5
1786959380019,2.0,34258944,277643264,0.5
1786959380523,2.0,34258944,277643264,1.0
1786959381027,2.0,34258944,277643264,1.0
1786959381531,2.0,34258944,277643264,0.5
1786959382035,2.0,34258944,277643264,2.0
1786959382538,0.0,34258944,277643264,0.0
1786959383042,2.0,34258944,277643264,1.0
1786959383546,2.0,34258944,277643264,0.5
1786959384051,2.0,34258944,277643264,1.5
1786959384554,2.0,34258944,277643264,0.5
1786959385058,2.0,34258944,277643264,0.0
1786959385562,2.0,34258944,277643264,0.5
1786959386065,0.0,34258944,277643264,1.5
1786959386569,2.0,34258944,277643264,1.5
1786959387073,2.0,34258944,277643264,0.5
1786959387577,2.0,34258944,277643264,1.0
1786959388080,2.0,34258944,277643264,0.5
1786959388583,2.0,34258944,277643264,0.5
1786959389087,2.0,34258944,277643264,1.0
1786959389590,2.0,34258944,277643264,1.5
1786959390094,2.0,34258944,277643264,0.5
1786959390598,2.0,34258944,277643264,1.0
1786959391101,0.0,34258944,277643264,0.5
1786959391605,4.0,34258944,277643264,1.5
1786959392110,0.0,34258944,277643264,0.5
1786959392614,4.0,34258944,277643264,1.0
1786959393119,2.0,34258944,277643264,1.0
1786959393623,0.0,34258944,277643264,0.5
1786959394128,2.0,34258944,277643264,1.5
1786959394632,2.0,34258944,277643264,0.5
1786959395135,2.0,34258944,277643264,0.5
1786959395639,2.0,34258944,277643264,0.5
1786959396144,2.0,34258944,277643264,0.5
1786959396647,2.0,34258944,277643264,0.5
1786959397151,2.0,34258944,277643264,1.0
1786959397656,2.0,34258944,277643264,0.5
1786959398160,2.0,34258944,277643264,0.0
1786959398663,2.0,34258944,277643264,1.0
1786959399167,2.0,34258944,277643264,1.0
1786959399673,2.0,34258944,277643264,0.5
1786959400176,2.0,34258944,277643264,0.5
1786959400680,2.0,34258944,277643264,0.5
1786959401184,2.0,34258944,277643264,0.5
1786959401688,0.0,34258944,277643264,0.5
1786959402192,2.0,34258944,277643264,0.5
1786959402696,2.0,34258944,277643264,1.0
1786959403200,2.0,34258944,277643264,0.5
1786959403703,0.0,34258944,277643264,1.0
1786959404206,4.0,34258944,277643264,0.5
1786959404710,2.0,34258944,277643264,1.5
1786959405213,0.0,34258944,277643264,0.5
1786959405717,2.0,34258944,277643264,1.5
1786959406220,2.0,34258944,277643264,0.5
1786959406724,2.0,34258944,277643264,1.0
1786959407228,2.0,34258944,277643264,0.0
1786959407731,2.0,34258944,277643264,1.5
1786959408235,2.0,34258944,277643264,1.0
1786959408739,2.0,34258944,277643264,1.0
1786959409242,2.0,34258944,277643264,0.5
1786959409747,0.0,34258944,277643264,1.0
1786959410250,4.0,34258944,277643264,2.0
1786959410754,0.0,34258944,277643264,1.5
1786959411258,2.0,34258944,277643264,1.5
1786959411761,2.0,34258944,277643264,0.5
1786959412267,2.0,34258944,277643264,0.5
1786959412771,2.0,34258944,277643264,1.0
1786959413274,2.0,34258944,277643264,0.5
1786959413779,2.0,34258944,277643264,0.5
1786959414285,2.0,34258944,277643264,1.5
1786959414790,2.0,34258944,277643264,0.5
1786959415293,0.0,34258944,277643264,0.5
1786959415796,2.0,34258944,277643264,1.5
1786959416300,2.0,34258944,277643264,1.0
1786959416803,2.0,34258944,277643264,1.0
1786959417307,4.0,34258944,277643264,1.0
1786959417810,0.0,34258944,277643264,1.0
1786959418313,2.0,34258944,277643264,0.5
1786959418816,2.0,34258944,277643264,1.0
1786959419319,0.0,34258944,277643264,0.5
1786959419824,4.0,34258944,277643264,2.0
1786959420328,2.0,34258944,277643264,0.0
1786959420831,2.0,34258944,277643264,0.5
1786959421333,0.0,34258944,277643264,1.5
1786959421836,4.0,34258944,277643264,0.5
1786959422340,0.0,34258944,277643264,0.5
1786959422844,2.0,34258944,277643264,1.0
1786959423347,2.0,34258944,277643264,0.5
1786959423849,2.0,34258944,277643264,1.0
1786959424353,2.0,34258944,277643264,0.5
1786959424856,2.0,34258944,277643264,0.5
1786959425359,0.0,34258944,277643264,1.0
1786959425863,4.0,34258944,277643264,1.0
1786959426366,0.0,34258944,277643264,0.0
1786959426869,2.0,34258944,277643264,1.0
1786959427373,2.0,34258944,277643264,0.0
1786959427875,2.0,34258944,277643264,1.5
1786959428379,2.0,34258944,277643264,0.0
1786959428883,2.0,34258944,277643264,1.0
1786959429386,0.0,34258944,277643264,0.0
1786959429889,2.0,34258944,277643264,1.5
1786959430393,2.0,34258944,277643264,0.5
1786959430897,4.0,34258944,277643264,1.0
1786959431400,0.0,34258944,277643264,0.0
1786959431903,2.0,34258944,277643264,1.0
1786959432406,2.0,34258944,277643264,0.0
1786959432909,4.0,34258944,277643264,1.0
1786959433413,0.0,34258944,277643264,1.0
1786959433916,2.0,34258944,277643264,0.5
1786959434419,2.0,34258944,277643264,1.0
1786959434922,2.0,34258944,277643264,0.5
1786959435426,2.0,34258944,277643264,1.0
1786959435930,2.0,34258944,277643264,1.0
1786959436433,2.0,34258944,277643264,0.0
1786959436936,2.0,34258944,277643264,1.0
1786959437440,0.0,34258944,277643264,1.0
1786959437943,4.0,34258944,277643264,1.0
1786959438447,0.0,34258944,277643264,0.0
1786959438950,2.0,34258944,277643264,0.0
1786959439453,2.0,34258944,277643264,1.0
1786959439956,2.0,34258944,277643264,1.5
1786959440460,0.0,34258944,277643264,0.5
1786959440964,2.0,34258944,277643264,1.0
1786959441467,4.0,34258944,277643264,0.0
1786959441970,0.0,34258944,277643264,1.5
1786959442473,2.0,34258944,277643264,0.5
1786959442977,2.0,34258944,277643264,0.5
1786959443480,2.0,34258944,277643264,0.5
1786959443984,2.0,34258944,277643264,1.0
1786959444488,2.0,34258944,277643264,0.5
1786959444991,0.0,34258944,277643264,0.5
1786959445495,2.0,34258944,277643264,0.5
1786959445998,4.0,34258944,277643264,1.0
1786959446501,0.0,34258944,277643264,0.5
1786959447004,4.0,34258944,277643264,1.0
1786959447509,0.0,34258944,277643264,0.0
1786959448012,2.0,34258944,277643264,0.5
1786959448516,0.0,34258944,277643264,1.0
1786959449019,4.0,34258944,277643264,0.0
1786959449522,2.0,34258944,277643264,0.5
1786959450025,2.0,34258944,277643264,0.5
1786959450528,0.0,34258944,277643264,0.0
1786959451032,2.0,34258944,277643264,1.5
1786959451535,2.0,34258944,277643264,1.0
1786959452039,4.0,34258944,277643264,1.0
1786959452542,0.0,34258944,277643264,0.5
1786959453046,4.0,34258944,277643264,0.5
1786959453550,0.0,34258944,277643264,1.0
1786959454053,2.0,34258944,277643264,0.5
1786959454557,2.0,34258944,277643264,0.5
1786959455061,2.0,34258944,277643264,1.0
1786959455565,2.0,34258944,277643264,0.5
1786959456068,2.0,34258944,277643264,0.5
1786959456573,2.0,34258944,277643264,0.5
1786959457076,0.0,34258944,277643264,0.5
1786959457580,2.0,34258944,277643264,1.0
1786959458087,2.0,34258944,277643264,1.0
1786959458592,4.0,34258944,277643264,0.5
1786959459096,0.0,34258944,277643264,1.0
1786959459599,2.0,34258944,277643264,1.0
1786959460102,2.0,34258944,277643264,0.5
1786959460606,2.0,34258944,277643264,1.5
1786959461112,2.0,34258944,277643264,0.5
1786959461615,4.0,34258944,277643264,1.0
1786959462121,2.0,34258944,277643264,0.5
1786959462625,2.0,34258944,277643264,1.0
1786959463130,0.0,34258944,277643264,0.5
1786959463633,4.0,34258944,277643264,1.5
1786959464136,0.0,34258944,277643264,1.0
1786959464640,2.0,34258944,277643264,0.5
1786959465143,2.0,34258944,277643264,0.5
1786959465647,2.0,34258944,277643264,1.0
1786959466150,2.0,34258944,277643264,0.5
1786959466655,2.0,34258944,277643264,1.5
1786959467159,2.0,34258944,277643264,0.5
1786959467663,2.0,34258944,277643264,1.5
1786959468167,2.0,34258944,277643264,0.0
1786959468673,0.0,34258944,277643264,1.0
1786959469176,2.0,34258944,277643264,0.5
1786959469680,2.0,34258944,277643264,0.5
1786959470184,2.0,34258944,277643264,0.5
1786959470688,4.0,34258944,277643264,2.5
1786959471191,2.0,34258944,277643264,1.0
1786959471695,0.0,34258944,277643264,1.0
1786959472198,2.0,34258944,277643264,1.0
1786959472702,2.0,34258944,277643264,1.0
1786959473204,2.0,34258944,277643264,1.0
1786959473708,0.0,34258944,277643264,0.5
1786959474211,4.0,34258944,277643264,0.0
1786959474715,2.0,34258944,277643264,2.0
1786959475219,2.0,34258944,277643264,0.5
1786959475722,0.0,34258944,277643264,0.5
1786959476225,2.0,34258944,277643264,1.0
1786959476729,2.0,34258944,277643264,1.5
1786959477232,2.0,34258944,277643264,0.5
1786959477735,2.0,34258944,277643264,2.0
1786959478239,2.0,34258944,277643264,0.5
1786959478742,2.0,34258944,277643264,0.5
1786959479246,2.0,34258944,277643264,1.0
1786959479749,2.0,34258944,277643264,0.5
1786959480252,2.0,34258944,277643264,0.5
1786959480756,2.0,34258944,277643264,1.5
1786959481259,2.0,34258944,277643264,0.5
1786959481762,0.0,34258944,277643264,1.0
1786959482266,2.0,34258944,277643264,0.0
1786959482769,2.0,34258944,277643264,1.5
1786959483272,2.0,34258944,277643264,0.5
1786959483776,2.0,34258944,277643264,1.0
1786959484279,2.0,34258944,277643264,0.5
1786959484783,4.0,34258944,277643264,1.5
1786959485286,2.0,34258944,277643264,0.0
1786959485790,0.0,34258944,277643264,1.0
1786959486293,2.0,34258944,277643264,0.5
1786959486798,2.0,34258944,277643264,1.0
1786959487304,2.0,34258944,277643264,0.5
1786959487807,2.0,34258944,277643264,1.5
1786959488311,2.0,34258944,277643264,0.0
1786959488815,2.0,34258944,277643264,1.5
1786959489318,2.0,34258944,277643264,0.0
1786959489821,2.0,34258944,277643264,1.5
1786959490325,2.0,34258944,277643264,0.5
1786959490828,4.0,34258944,277643264,1.0
1786959491331,0.0,34258944,277643264,0.0
1786959491836,2.0,34258944,277643264,2.0
1786959492339,2.0,34258944,277643264,0.5
1786959492842,2.0,34258944,277643264,1.0
1786959493345,2.0,34258944,277643264,0.5
1786959493849,4.0,34258944,277643264,1.5
1786959494352,0.0,34258944,277643264,0.5
1786959494856,2.0,34258944,277643264,1.0
1786959495359,2.0,34258944,277643264,1.0
1786959495863,2.0,34258944,277643264,1.0
1786959496366,2.0,34258944,277643264,0.0
1786959496869,2.0,34258944,277643264,1.0
1786959497372,0.0,34258944,277643264,1.0
1786959497876,4.0,34258944,277643264,1.5
1786959498379,0.0,34258944,277643264,0.0
1786959498882,4.0,34258944,277643264,1.5
1786959499386,2.0,34258944,277643264,0.5
1786959499889,2.0,34258944,277643264,1.0
1786959500392,2.0,34258944,277643264,0.5
1786959500895,2.0,34258944,277643264,2.0
1786959501400,2.0,34258944,277643264,0.0
1786959501903,2.0,34258944,277643264,1.5
1786959502406,2.0,34258944,277643264,0.5
1786959502910,2.0,34258944,277643264,1.0
1786959503414,2.0,34258944,277643264,0.5
1786959503918,2.0,34258944,277643264,1.0
1786959504422,2.0,34258944,277643264,0.5
1786959504926,2.0,34258944,277643264,1.0
1786959505431,2.0,34258944,277643264,1.0
1786959505935,2.0,34258944,277643264,1.0
1786959506438,0.0,34258944,277643264,0.5
1786959506943,2.0,34258944,277643264,2.0
1786959507446,4.0,34258944,277643264,0.0
1786959507950,2.0,34258944,277643264,2.0
1786959508454,2.0,34258944,277643264,0.5
1786959508958,2.0,34258944,277643264,1.0
1786959509462,0.0,34258944,277643264,0.0
1786959509966,4.0,34258944,277643264,1.5
1786959510469,0.0,34258944,277643264,0.5
1786959510972,2.0,34258944,277643264,0.5
1786959511477,2.0,34258944,277643264,1.0
1786959511980,4.0,34258944,277643264,0.5
1786959512483,0.0,34258944,277643264,0.5
1786959512987,2.0,34258944,277643264,1.0
1786959513490,2.0,34258944,277643264,0.5
1786959513993,2.0,34258944,277643264,1.0
1786959514497,2.0,34258944,277643264,0.5
1786959515001,2.0,34258944,277643264,1.0
1786959515505,2.0,34258944,277643264,0.5
1786959516009,2.0,34258944,277643264,1.5
1786959516513,2.0,34258944,277643264,0.0
1786959517016,2.0,34258944,277643264,1.0
1786959517519,2.0,34258944,277643264,0.0
1786959518024,2.0,34258944,277643264,1.5
1786959518528,2.0,34258944,277643264,0.0
1786959519031,2.0,34258944,277643264,1.0
1786959519535,2.0,34258944,277643264,0.5
1786959520038,0.0,34258944,277643264,1.0
1786959520542,2.0,34258944,277643264,0.5
1786959521046,4.0,34258944,277643264,2.0
1786959521549,2.0,34258944,277643264,0.5
1786959522053,2.0,34258944,277643264,0.5
1786959522556,0.0,34258944,277643264,1.0
1786959523059,2.0,34258944,277643264,1.0
1786959523564,2.0,34258944,277643264,0.0
1786959524066,2.0,34258944,277643264,1.5
1786959524570,2.0,34258944,277643264,0.5
1786959525074,2.0,34258944,277643264,1.5
1786959525577,2.0,34258944,277643264,0.5
1786959526080,2.0,34258944,277643264,0.5
1786959526583,2.0,34258944,277643264,1.0
1786959527087,2.0,34258944,277643264,0.5
1786959527591,2.0,34258944,277643264,2.0
1786959528094,2.0,34258944,277643264,0.5
1786959528597,2.0,34258944,277643264,1.0
1786959529100,2.0,34258944,277643264,1.0
1786959529604,2.0,34258944,277643264,1.0
1786959530109,2.0,34258944,277643264,0.5
1786959530613,2.0,34258944,277643264,0.5
1786959531118,2.0,34258944,277643264,1.5
1786959531623,3.9,34258944,277643264,1.5
1786959532129,2.0,34258944,277643264,1.0
1786959532632,2.0,34258944,277643264,1.5
1786959533137,2.0,34258944,277643264,0.0
1786959533641,2.0,34258944,277643264,1.0
1786959534144,0.0,34258944,277643264,0.5
1786959534647,4.0,34258944,277643264,2.0
1786959535151,0.0,34258944,277643264,0.0
1786959535655,4.0,34258944,277643264,1.5
1786959536158,0.0,34258944,277643264,0.5
1786959536661,4.0,34258944,277643264,1.5
1786959537164,0.0,34258944,277643264,1.0
1786959537667,4.0,34258944,277643264,1.0
1786959538171,2.0,34258944,277643264,0.5
1786959538675,2.0,34258944,277643264,1.5
1786959539179,0.0,34258944,277643264,0.5
1786959539683,2.0,34258944,277643264,0.5
1786959540186,2.0,34258944,277643264,0.5
1786959540689,2.0,34258944,277643264,1.5
1786959541193,0.0,34258944,277643264,0.5
1786959541696,4.0,34258944,277643264,1.0
1786959542200,2.0,34258944,277643264,1.0
1786959542703,0.0,34258944,277643264,0.5
1786959543206,4.0,34258944,277643264,1.0
1786959543709,0.0,34258944,277643264,0.5
1786959544213,2.0,34258944,277643264,1.0
1786959544716,2.0,34258944,277643264,0.5
1786959545220,4.0,34258944,277643264,1.0
1786959545723,0.0,34258944,277643264,0.5
1786959546227,2.0,34258944,277643264,1.0
1786959546731,2.0,34258944,277643264,1.0
1786959547234,2.0,34258944,277643264,1.0
1786959547738,2.0,34258944,277643264,1.0
1786959548241,2.0,34258944,277643264,0.0
1786959548745,2.0,34258944,277643264,1.0
1786959549248,0.0,34258944,277643264,0.5
1786959549753,4.0,34258944,277643264,1.0
1786959550256,2.0,34258944,277643264,1.5
1786959550759,2.0,34258944,277643264,1.0
1786959551262,0.0,34258944,277643264,1.0
1786959551766,2.0,34258944,277643264,1.5
1786959552269,2.0,34258944,277643264,0.5
1786959552772,2.0,34258944,277643264,1.0
1786959553276,2.0,34258944,277643264,0.0
1786959553780,2.0,34258944,277643264,0.5
1786959554283,2.0,34258944,277643264,1.0
1786959554786,0.0,34258944,277643264,0.5
1786959555289,2.0,34258944,277643264,0.5
1786959555793,2.0,34258944,277643264,1.0
1786959556296,4.0,34258944,277643264,0.0
1786959556799,0.0,34258944,277643264,1.0
1786959557302,2.0,34258944,277643264,1.5
1786959557806,2.0,34258944,277643264,1.0
1786959558311,2.0,34258944,277643264,1.0
1786959558814,2.0,34258944,277643264,0.5
1786959559318,2.0,34258944,277643264,2.0
1786959559821,0.0,34258944,277643264,0.5
1786959560325,4.0,34258944,277643264,0.5
1786959560828,0.0,34258944,277643264,0.0
1786959561332,2.0,34258944,277643264,0.5
1786959561835,2.0,34258944,277643264,1.5
1786959562338,2.0,34258944,277643264,0.5
1786959562843,2.0,34258944,277643264,1.0
1786959563347,0.0,34258944,277643264,0.5
1786959563850,4.0,34258944,277643264,1.0
1786959564353,2.0,34258944,277643264,0.5
1786959564857,0.0,34258944,277643264,0.5
1786959565361,2.0,34258944,277643264,0.0
1786959565864,2.0,34258944,277643264,1.0
1786959566367,2.0,34258944,277643264,1.0
1786959566871,2.0,34258944,277643264,1.5
1786959567374,2.0,34258944,277643264,1.5
1786959567878,4.0,34258944,277643264,1.0
1786959568383,0.0,34258944,277643264,0.5
1786959568886,2.0,34258944,277643264,1.5
1786959569389,0.0,34258944,277643264,0.5
1786959569892,2.0,34258944,277643264,1.0
1786959570395,4.0,34258944,277643264,0.5
1786959570898,2.0,34258944,277643264,0.5
1786959571402,0.0,34258944,277643264,0.0
1786959571905,2.0,34258944,277643264,1.5
1786959572408,2.0,34258944,277643264,0.5
1786959572911,4.0,34258944,277643264,2.0
1786959573415,0.0,34258944,277643264,0.0
1786959573918,2.0,34258944,277643264,1.5
1786959574422,2.0,34258944,277643264,0.5
1786959574925,2.0,34258944,277643264,1.0
1786959575429,2.0,34258944,277643264,0.5
1786959575932,2.0,34258944,277643264,1.5
1786959576436,2.0,34258944,277643264,1.5
1786959576939,2.0,34258944,277643264,1.0
1786959577444,0.0,34258944,277643264,0.0
1786959577947,4.0,34258944,277643264,2.0
1786959578451,0.0,34258944,277643264,0.0
1786959578955,2.0,34258944,277643264,2.0
1786959579458,2.0,34258944,277643264,1.0
1786959579961,2.0,34258944,277643264,1.0
1786959580465,0.0,34258944,277643264,0.0
1786959580969,4.0,34258944,277643264,0.5
1786959581472,2.0,34258944,277643264,0.5
1786959581975,2.0,34258944,277643264,1.5
1786959582478,0.0,34258944,277643264,0.5
1786959582981,2.0,34258944,277643264,1.5
1786959583485,2.0,34258944,277643264,0.0
1786959583989,2.0,34258944,277643264,1.0
1786959584492,2.0,34258944,277643264,0.5
1786959584996,2.0,34258944,277643264,2.0
1786959585499,2.0,34258944,277643264,0.0
1786959586003,2.0,34258944,277643264,1.5
1786959586507,2.0,34258944,277643264,0.5
1786959587011,2.0,34258944,277643264,1.0
1786959587514,0.0,34258944,277643264,0.5
1786959588018,2.0,34258944,277643264,1.0
1786959588521,4.0,34258944,277643264,0.5
1786959589025,0.0,34258944,277643264,1.0
1786959589528,2.0,34258944,277643264,0.5
1786959590032,2.0,34258944,277643264,1.5
1786959590536,2.0,34258944,277643264,0.5
1786959591039,2.0,34258944,277643264,2.5
1786959591544,0.0,34258944,277643264,0.5
1786959592047,2.0,34258944,277643264,1.0
1786959592551,2.0,34258944,277643264,0.0
1786959593054,4.0,34258944,277643264,1.5
1786959593558,0.0,34258944,277643264,0.5
1786959594062,2.0,34258944,277643264,1.0
1786959594565,2.0,34258944,277643264,1.0
1786959595069,2.0,34258944,277643264,0.5
1786959595572,2.0,34258944,277643264,0.5
1786959596076,2.0,34258944,277643264,1.0
1786959596579,2.0,34258944,277643264,1.0
1786959597083,2.0,34258944,277643264,1.5
1786959597587,0.0,34258944,277643264,0.5
1786959598090,4.0,34258944,277643264,2.0
1786959598594,0.0,34258944,277643264,0.5
1786959599097,2.0,34258944,277643264,1.5
1786959599601,2.0,34258944,277643264,0.5
1786959600104,2.0,34258944,277643264,0.5
1786959600608,2.0,34258944,277643264,1.0
1786959601113,4.0,34258944,277643264,0.0
1786959601617,0.0,34258944,277643264,1.0
1786959602123,2.0,34258944,277643264,1.0
1786959602626,2.0,34258944,277643264,0.0
1786959603130,2.0,34258944,277643264,1.5
1786959603634,2.0,34258944,277643264,1.0
1786959604137,0.0,34258944,277643264,0.5
1786959604641,2.0,34258944,277643264,0.5
1786959605146,2.0,34258944,277643264,1.0
1786959605651,4.0,34258944,277643264,1.5
1786959606154,2.0,34258944,277643264,0.0
1786959606659,2.0,34258944,277643264,1.5
1786959607162,0.0,34258944,277643264,1.0
1786959607666,2.0,34258944,277643264,1.0
1786959608170,2.0,34258944,277643264,0.5
1786959608673,2.0,34258944,277643264,1.5
1786959609177,2.0,34258944,277643264,0.5
1786959609681,2.0,34258944,277643264,0.5
1786959610185,2.0,34258944,277643264,0.5
1786959610688,2.0,34258944,277643264,1.5
1786959611191,2.0,34258944,277643264,1.0
1786959611695,0.0,34258944,277643264,0.5
1786959612198,4.0,34258944,277643264,1.0
1786959612701,0.0,34258944,277643264,1.5
1786959613205,2.0,34258944,277643264,0.5
1786959613709,4.0,34258944,277643264,1.0
1786959614212,0.0,34258944,277643264,0.5
1786959614716,2.0,34258944,277643264,2.0
1786959615219,0.0,34258944,277643264,0.0
1786959615723,2.0,34258944,277643264,1.5
1786959616227,4.0,34258944,277643264,0.0
1786959616731,0.0,34258944,277643264,2.0
1786959617234,2.0,34258944,277643264,0.0
1786959617738,4.0,34258944,277643264,2.0
1786959618241,0.0,34258944,277643264,0.5
1786959618745,2.0,34258944,277643264,1.0
1786959619248,2.0,34258944,277643264,0.5
1786959619752,2.0,34258944,277643264,1.5
1786959620255,0.0,34258944,277643264,0.0
1786959620759,2.0,34258944,277643264,1.5
1786959621263,4.0,34258944,277643264,0.5
1786959621766,0.0,34258944,277643264,1.0
1786959622269,2.0,34258944,277643264,1.0
1786959622772,2.0,34258944,277643264,1.0
1786959623276,2.0,34258944,277643264,0.5
1786959623778,0.0,34258944,277643264,1.0
1786959624282,4.0,34258944,277643264,0.0
1786959624784,2.0,34258944,277643264,1.5
1786959625288,2.0,34258944,277643264,1.0
1786959625791,0.0,34258944,277643264,0.5
1786959626295,4.0,34258944,277643264,1.0
1786959626797,0.0,34258944,277643264,1.0
1786959627301,2.0,34258944,277643264,0.5
1786959627805,2.0,34258944,277643264,1.0
1786959628308,2.0,34258944,277643264,1.0
1786959628811,2.0,34258944,277643264,1.0
1786959629316,2.0,34258944,277643264,0.0
1786959629819,2.0,34258944,277643264,1.0
1786959630323,2.0,34258944,277643264,1.0
1786959630826,0.0,34258944,277643264,1.0
1786959631329,2.0,34258944,277643264,0.0
1786959631832,2.0,34258944,277643264,1.0
1786959632337,2.0,34258944,277643264,0.5
1786959632840,2.0,34258944,277643264,1.5
1786959633343,0.0,34258944,277643264,0.0
1786959633847,2.0,34258944,277643264,1.5
1786959634350,4.0,34258944,277643264,0.5
1786959634853,0.0,34258944,277643264,2.5
1786959635356,2.0,34258944,277643264,1.0
1786959635859,2.0,34258944,277643264,1.0
1786959636362,2.0,34258944,277643264,0.0
1786959636865,4.0,34258944,277643264,1.5
1786959637368,0.0,34258944,277643264,1.0
1786959637872,2.0,34258944,277643264,1.0
1786959638375,2.0,34258944,277643264,1.0
1786959638879,0.0,34258944,277643264,1.5
1786959639382,4.0,34258944,277643264,0.5
1786959639885,2.0,34258944,277643264,1.0
1786959640388,0.0,34258944,277643264,0.0
1786959640891,2.0,34258944,277643264,1.0
1786959641394,2.0,34258944,277643264,0.5
1786959641897,2.0,34258944,277643264,1.0
1786959642400,2.0,34258944,277643264,0.0
1786959642903,2.0,34258944,277643264,1.5
1786959643406,0.0,34258944,277643264,0.0
1786959643909,4.0,34258944,277643264,1.0
1786959644412,2.0,34258944,277643264,0.5
1786959644915,0.0,34258944,277643264,1.5
1786959645419,2.0,34258944,277643264,0.5
1786959645922,2.0,34258944,277643264,0.5
1786959646425,2.0,34258944,277643264,0.5
1786959646929,2.0,34258944,277643264,1.0
1786959647432,0.0,34258944,277643264,0.0
1786959647936,2.0,34258944,277643264,1.0
1786959648439,2.0,34258944,277643264,0.5
1786959648943,4.0,34258944,277643264,1.0
1786959649447,2.0,34258944,277643264,0.5
1786959649950,0.0,34258944,277643264,1.0
1786959650453,2.0,34258944,277643264,0.0
1786959650957,2.0,34258944,277643264,2.0
1786959651460,2.0,34258944,277643264,1.0
1786959651963,0.0,34258944,277643264,0.5
1786959652468,2.0,34258944,277643264,0.0
1786959652971,4.0,34258944,277643264,1.5
1786959653475,0.0,34258944,277643264,0.5
1786959653978,2.0,34258944,277643264,1.0
1786959654482,2.0,34258944,277643264,0.5
1786959654986,2.0,34258944,277643264,1.0
1786959655489,2.0,34258944,277643264,0.5
1786959655993,2.0,34258944,277643264,0.5
1786959656496,0.0,34258944,277643264,0.0
1786959656999,4.0,34258944,277643264,1.5
1786959657502,2.0,34258944,277643264,0.0
1786959658005,2.0,34258944,277643264,2.0
1786959658509,0.0,34258944,277643264,0.5
1786959659012,4.0,34258944,277643264,1.5
1786959659516,0.0,34258944,277643264,0.0
1786959660020,2.0,34258944,277643264,1.5
1786959660523,2.0,34258944,277643264,0.5
1786959661027,2.0,34258944,277643264,0.5
1786959661530,0.0,34258944,277643264,0.0
1786959662032,4.0,34258944,277643264,1.0
1786959662536,2.0,34258944,277643264,0.5
1786959663040,2.0,34258944,277643264,1.5
1786959663543,2.0,34258944,277643264,0.0
1786959664047,2.0,34258944,277643264,1.5
1786959664551,0.0,34258944,277643264,1.0
1786959665055,2.0,34258944,277643264,0.5
1786959665558,2.0,34258944,277643264,0.0
1786959666062,0.0,34258944,277643264,2.0
1786959666564,2.0,34258944,277643264,0.5
1786959667068,2.0,34258944,277643264,1.0
1786959667571,2.0,34258944,277643264,0.5
1786959668074,2.0,34258944,277643264,1.5
1786959668577,2.0,34258944,277643264,0.5
1786959669081,4.0,34258944,277643264,1.5
1786959669584,0.0,34258944,277643264,0.0
1786959670089,2.0,34258944,277643264,0.5
1786959670592,2.0,34258944,277643264,0.5
1786959671095,2.0,34258944,277643264,1.5
1786959671600,2.0,34258944,277643264,0.5
1786959672103,2.0,34258944,277643264,1.5
1786959672607,0.0,34258944,277643264,1.0
1786959673112,2.0,34258944,277643264,0.5
1786959673616,2.0,34258944,277643264,0.5
1786959674121,2.0,34258944,277643264,1.0
1786959674624,2.0,34258944,277643264,0.5
1786959675128,2.0,34258944,277643264,0.5
1786959675632,2.0,34258944,277643264,1.0
1786959676135,2.0,34258944,277643264,1.5
1786959676640,2.0,34258944,277643264,1.0
1786959677145,2.0,34258944,277643264,0.0
1786959677648,2.0,34258944,277643264,0.5
1786959678153,2.0,34258944,277643264,0.5
1786959678656,2.0,34258944,277643264,1.0
1786959679159,2.0,34258944,277643264,0.0
1786959679664,2.0,34258944,277643264,1.0
1786959680168,2.0,34258944,277643264,0.5
1786959680671,2.0,34258944,277643264,1.0
1786959681175,2.0,34258944,277643264,1.0
1786959681679,0.0,34258944,277643264,0.5
1786959682183,2.0,34258944,277643264,0.5
1786959682687,2.0,34258944,277643264,1.0
1786959683191,2.0,34258944,277643264,0.0
1786959683694,2.0,34258944,277643264,1.5
1786959684197,2.0,34258944,277643264,0.5
1786959684700,2.0,34258944,277643264,1.5
1786959685203,2.0,34258944,277643264,0.5
1786959685707,2.0,34258944,277643264,0.5
1786959686210,0.0,34258944,277643264,0.5
1786959686713,4.0,34258944,277643264,2.0
1786959687216,0.0,34258944,277643264,0.5
1786959687719,2.0,34258944,277643264,1.5
1786959688222,2.0,34258944,277643264,1.0
1786959688725,2.0,34258944,277643264,0.5
1786959689229,0.0,34258944,277643264,0.5
1786959689732,4.0,34258944,277643264,0.5
1786959690236,2.0,34258944,277643264,0.0
1786959690741,2.0,34258944,277643264,0.5
1786959691244,2.0,34258944,277643264,0.0
1786959691748,2.0,34258944,277643264,1.5
1786959692252,0.0,34258944,277643264,0.5
1786959692756,2.0,34258944,277643264,2.0
1786959693259,2.0,34258944,277643264,0.5
1786959693763,2.0,34258944,277643264,1.0
1786959694266,2.0,34258944,277643264,1.0
1786959694770,2.0,34258944,277643264,0.5
1786959695274,0.0,34258944,277643264,0.5
1786959695778,2.0,34258944,277643264,1.5
1786959696282,4.0,34258944,277643264,0.5
1786959696785,2.0,34258944,277643264,1.0
1786959697288,2.0,34258944,277643264,0.5
1786959697793,0.0,34258944,277643264,0.5
1786959698296,2.0,34258944,277643264,0.0
1786959698800,2.0,34258944,277643264,1.5
1786959699303,2.0,34258944,277643264,1.0
1786959699806,2.0,34258944,277643264,0.5
1786959700310,2.0,34258944,277643264,1.0
1786959700813,2.0,34258944,277643264,2.0
1786959701317,2.0,34258944,277643264,0.5
1786959701820,2.0,34258944,277643264,1.0
1786959702324,0.0,34258944,277643264,0.0
1786959702828,2.0,34258944,277643264,1.0
1786959703330,2.0,34258944,277643264,0.5
1786959703834,2.0,34258944,277643264,0.5
1786959704338,2.0,34258944,277643264,0.5
1786959704842,2.0,34258944,277643264,0.5
1786959705345,2.0,34258944,277643264,1.0
1786959705848,0.0,34258944,277643264,1.0
1786959706351,2.0,34258944,277643264,1.0
1786959706854,2.0,34258944,277643264,0.5
1786959707358,4.0,34258944,277643264,1.0
1786959707861,0.0,34258944,277643264,1.0
1786959708364,2.0,34258944,277643264,0.5
1786959708868,0.0,34258944,277643264,1.0
1786959709371,4.0,34258944,277643264,0.5
1786959709874,2.0,34258944,277643264,0.5
1786959710377,2.0,34258944,277643264,0.5
1786959710881,2.0,34258944,277643264,1.5
1786959711384,2.0,34258944,277643264,1.0
1786959711889,0.0,34258944,277643264,1.0
1786959712394,4.0,34258944,277643264,1.0
1786959712898,0.0,34258944,277643264,1.0
1786959713401,2.0,34258944,277643264,1.0
1786959713904,2.0,34258944,277643264,1.0
1786959714408,2.0,34258944,277643264,0.5
1786959714911,0.0,34258944,277643264,1.0
1786959715415,4.0,34258944,277643264,0.0
1786959715918,2.0,34258944,277643264,1.0
1786959716421,0.0,34258944,277643264,0.0
1786959716924,2.0,34258944,277643264,0.5
1786959717427,2.0,34258944,277643264,1.0
1786959717930,2.0,34258944,277643264,1.0
1786959718434,2.0,34258944,277643264,1.0
1786959718937,2.0,34258944,277643264,1.0
1786959719441,2.0,34258944,277643264,0.0
1786959719944,0.0,34258944,277643264,0.5
1786959720448,2.0,34258944,277643264,0.5
1786959720951,4.0,34258944,277643264,1.0
1786959721455,0.0,34258944,277643264,1.0
1786959721958,2.0,34258944,277643264,1.0
1786959722461,2.0,34258944,277643264,0.0
1786959722964,2.0,34258944,277643264,1.5
1786959723468,2.0,34258944,277643264,0.0
1786959723972,2.0,34258944,277643264,1.0
1786959724476,0.0,34258944,277643264,0.5
1786959724979,2.0,34258944,277643264,1.0
1786959725482,2.0,34258944,277643264,0.0
1786959725985,2.0,34258944,277643264,1.5
1786959726489,2.0,34258944,277643264,0.5
1786959726992,2.0,34258944,277643264,0.5
1786959727495,2.0,34258944,277643264,0.5
1786959727999,2.0,34258944,277643264,0.5
1786959728502,0.0,34258944,277643264,1.0
1786959729005,2.0,34258944,277643264,0.5
1786959729508,2.0,34258944,277643264,0.5
1786959730012,2.0,34258944,277643264,0.5
1786959730515,2.0,34258944,277643264,1.0
1786959731018,2.0,34258944,277643264,0.5
1786959731521,2.0,34258944,277643264,1.0
1786959732024,2.0,34258944,277643264,0.5
1786959732528,2.0,34258944,277643264,0.5
1786959733031,2.0,34258944,277643264,1.5
1786959733534,0.0,34258944,277643264,0.5
1786959734038,4.0,34258944,277643264,1.0
1786959734541,2.0,34258944,277643264,0.5
1786959735044,2.0,34258944,277643264,0.5
1786959735547,0.0,34258944,277643264,0.5
1786959736052,2.0,34258944,277643264,1.0
1786959736555,2.0,34258944,277643264,0.5
1786959737059,2.0,34258944,277643264,1.5
1786959737563,0.0,34258944,277643264,0.5
1786959738066,2.0,34258944,277643264,1.5
1786959738570,4.0,34258944,277643264,0.0
1786959739073,2.0,34258944,277643264,1.0
1786959739576,0.0,34258944,277643264,0.0
1786959740079,2.0,34258944,277643264,1.5
1786959740583,2.0,34258944,277643264,0.5
1786959741087,2.0,34258944,277643264,2.0
1786959741590,2.0,34258944,277643264,0.5
1786959742094,2.0,34258944,277643264,0.5
1786959742597,2.0,34258944,277643264,0.5
1786959743101,2.0,34258944,277643264,0.5
1786959743604,2.0,34258944,277643264,1.0
1786959744109,2.0,34258944,277643264,0.5
1786959744612,0.0,34258944,277643264,1.0
1786959745117,4.0,34258944,277643264,0.5
1786959745621,0.0,34258944,277643264,0.5
1786959746127,4.0,34258944,277643264,1.0
1786959746630,0.0,34258944,277643264,0.5
1786959747134,2.0,34258944,277643264,1.0
1786959747637,2.0,34258944,277643264,1.0
1786959748141,2.0,34258944,277643264,0.5
1786959748644,0.0,34258944,277643264,1.0
1786959749148,4.0,34258944,277643264,1.0
1786959749652,0.0,34258944,277643264,1.0
1786959750155,4.0,34258944,277643264,0.0
1786959750659,0.0,34258944,277643264,1.0
1786959751163,2.0,34258944,277643264,0.5
1786959751667,2.0,34258944,277643264,1.0
1786959752170,2.0,34258944,277643264,0.0
1786959752674,2.0,34258944,277643264,2.0
1786959753177,2.0,34258944,277643264,1.0
1786959753681,2.0,34258944,277643264,1.5
1786959754185,2.0,34258944,277643264,1.0
1786959754689,2.0,34258944,277643264,1.0
1786959755192,0.0,34258944,277643264,0.0
1786959755696,2.0,34258944,277643264,1.0
1786959756199,2.0,34258944,277643264,0.5
1786959756703,2.0,34258944,277643264,1.5
1786959757207,2.0,34258944,277643264,0.5
1786959757710,2.0,34258944,277643264,1.0
1786959758214,2.0,34258944,277643264,0.5
1786959758718,2.0,34258944,277643264,1.0
1786959759221,0.0,34258944,277643264,1.0
1786959759725,2.0,34258944,277643264,1.0
1786959760228,2.0,34258944,277643264,0.5
1786959760731,4.0,34258944,277643264,1.0
1786959761234,0.0,34258944,277643264,0.0
1786959761738,2.0,34258944,277643264,1.0
1786959762241,2.0,34258944,277643264,0.0
1786959762744,2.0,34258944,277643264,1.0
1786959763248,2.0,34258944,277643264,0.5
1786959763751,2.0,34258944,277643264,1.0
1786959764254,2.0,34258944,277643264,0.5
1786959764757,2.0,34258944,277643264,2.0
1786959765261,0.0,34258944,277643264,0.0
1786959765764,2.0,34258944,277643264,1.0
1786959766267,2.0,34258944,277643264,0.0
1786959766771,2.0,34258944,277643264,1.0
1786959767273,2.0,34258944,277643264,0.5
1786959767777,2.0,34258944,277643264,2.0
1786959768280,2.0,34258944,277643264,0.0
1786959768783,0.0,34258944,277643264,0.5
1786959769287,2.0,34258944,277643264,1.0
1786959769791,2.0,34258944,277643264,1.5
1786959770294,2.0,34258944,277643264,1.0
1786959770797,4.0,34258944,277643264,1.5
1786959771302,0.0,34258944,277643264,0.0
1786959771806,2.0,34258944,277643264,1.5
1786959772310,2.0,34258944,277643264,1.0
1786959772813,2.0,34258944,277643264,1.5
1786959773316,0.0,34258944,277643264,0.5
1786959773819,4.0,34258944,277643264,2.5
1786959774322,0.0,34258944,277643264,0.5
1786959774826,2.0,34258944,277643264,1.0
1786959775329,2.0,34258944,277643264,1.0
1786959775833,2.0,34258944,277643264,0.5
1786959776336,2.0,34258944,277643264,1.0
1786959776839,2.0,34258944,277643264,1.0
1786959777342,2.0,34258944,277643264,0.0
1786959777846,0.0,34258944,277643264,1.0
1786959778350,4.0,34258944,277643264,0.5
1786959778855,2.0,34258944,277643264,1.0
1786959779360,2.0,34258944,277643264,1.0
1786959779863,0.0,34258944,277643264,0.5
1786959780366,2.0,34258944,277643264,1.5
1786959780869,2.0,34258944,277643264,0.5
1786959781372,2.0,34258944,277643264,1.0
1786959781875,2.0,34258944,277643264,1.0
1786959782378,2.0,34258944,277643264,1.5
1786959782882,0.0,34258944,277643264,1.5
1786959783385,2.0,34258944,277643264,0.5
1786959783889,2.0,34258944,277643264,1.5
1786959784393,2.0,34258944,277643264,0.0
1786959784896,4.0,34258944,277643264,1.0
1786959785399,2.0,34258944,277643264,0.5
1786959785903,0.0,34258944,277643264,1.0
1786959786406,2.0,34258944,277643264,0.5
1786959786910,2.0,34258944,277643264,0.5
1786959787413,2.0,34258944,277643264,1.0
1786959787918,0.0,34258944,277643264,1.0
1786959788421,4.0,34258944,277643264,0.5
1786959788924,0.0,34258944,277643264,0.5
1786959789428,2.0,34258944,277643264,1.5
1786959789931,2.0,34258944,277643264,0.5
1786959790434,2.0,34258944,277643264,1.0
1786959790939,2.0,34258944,277643264,1.0
1786959791442,2.0,34258944,277643264,0.5
1786959791946,2.0,34258944,277643264,1.5
1786959792450,2.0,34258944,277643264,1.0
1786959792953,2.0,34258944,277643264,0.5
1786959793457,2.0,34258944,277643264,0.5
1786959793960,0.0,34258944,277643264,1.0
1786959794466,2.0,34258944,277643264,1.0
1786959794970,2.0,34258944,277643264,1.5
1786959795473,2.0,34258944,277643264,0.5
1786959795977,4.0,34258944,277643264,1.5
1786959796480,2.0,34258944,277643264,0.5
1786959796985,2.0,34258944,277643264,1.0
1786959797489,2.0,34258944,277643264,1.5
1786959797993,2.0,34258944,277643264,0.5
1786959798496,0.0,34258944,277643264,0.5
1786959799000,2.0,34258944,277643264,0.5
1786959799504,2.0,34258944,277643264,0.5
1786959800007,2.0,34258944,277643264,0.5
1786959800510,0.0,34258944,277643264,1.0
1786959801014,4.0,34258944,277643264,1.0
1786959801517,2.0,34258944,277643264,0.5
1786959802022,2.0,34258944,277643264,2.0
1786959802525,0.0,34258944,277643264,0.0
1786959803029,2.0,34258944,277643264,1.0
1786959803533,2.0,34258944,277643264,0.5
1786959804037,2.0,34258944,277643264,1.0
1786959804540,2.0,34258944,277643264,0.5
1786959805044,2.0,34258944,277643264,1.5
1786959805547,0.0,34258944,277643264,0.5
1786959806051,4.0,34258944,277643264,1.0
1786959806554,0.0,34258944,277643264,0.0
1786959807058,2.0,34258944,277643264,0.5
1786959807562,2.0,34258944,277643264,1.0
1786959808066,2.0,34258944,277643264,1.5
1786959808569,2.0,34258944,277643264,0.5
1786959809072,2.0,34258944,277643264,0.5
1786959809575,2.0,34258944,277643264,0.5
1786959810079,0.0,34258944,277643264,1.5
1786959810583,2.0,34258944,277643264,0.0
1786959811086,2.0,34258944,277643264,1.0
1786959811590,2.0,34258944,277643264,0.5
1786959812095,2.0,34258944,277643264,1.0
1786959812598,0.0,34258944,277643264,0.5
1786959813102,4.0,34258944,277643264,1.0
1786959813607,2.0,34258944,277643264,2.0
1786959814112,2.0,34258944,277643264,1.0
1786959814616,2.0,34258944,277643264,0.5
1786959815121,2.0,34258944,277643264,0.5
1786959815625,2.0,34258944,277643264,1.5
1786959816128,2.0,34258944,277643264,0.5
1786959816632,0.0,34258944,277643264,0.5
1786959817136,2.0,34258944,277643264,0.5
1786959817640,2.0,34258944,277643264,0.5
1786959818143,2.0,34258944,277643264,1.5
1786959818647,2.0,34258944,277643264,0.0
1786959819150,2.0,34258944,277643264,1.5
1786959819653,2.0,34258944,277643264,0.5
1786959820157,2.0,34258944,277643264,1.5
1786959820661,2.0,34258944,277643264,0.0
1786959821164,0.0,34258944,277643264,1.0
1786959821667,2.0,34258944,277643264,0.5
1786959822171,2.0,34258944,277643264,0.5
1786959822674,2.0,34258944,277643264,0.5
1786959823177,2.0,34258944,277643264,1.0
1786959823680,2.0,34258944,277643264,1.5
1786959824184,2.0,34258944,277643264,0.0
1786959824688,2.0,34258944,277643264,0.5
1786959825193,2.0,34258944,277643264,0.5
1786959825695,0.0,34258944,277643264,0.5
1786959826199,2.0,34258944,277643264,1.5
1786959826703,0.0,34258944,277643264,0.5
1786959827206,4.0,34258944,277643264,1.0
1786959827709,2.0,34258944,277643264,1.0
1786959828212,2.0,34258944,277643264,1.0
1786959828716,2.0,34258944,277643264,0.5
1786959829219,2.0,34258944,277643264,0.5
1786959829722,0.0,34258944,277643264,0.5
1786959830226,2.0,34258944,277643264,0.5
1786959830729,2.0,34258944,277643264,1.5
1786959831233,2.0,34258944,277643264,0.5
1786959831735,0.0,34258944,277643264,1.0
1786959832239,4.0,34258944,277643264,0.0
1786959832742,2.0,34258944,277643264,1.5
1786959833245,2.0,34258944,277643264,1.0
1786959833748,0.0,34258944,277643264,0.5
1786959834251,2.0,34258944,277643264,0.5
1786959834754,2.0,34258944,277643264,0.5
1786959835260,2.0,34258944,277643264,1.0
1786959835764,0.0,34258944,277643264,0.5
1786959836268,2.0,34258944,277643264,0.0
1786959836772,4.0,34258944,277643264,1.5
1786959837275,2.0,34258944,277643264,1.5
1786959837779,0.0,34258944,277643264,1.0
1786959838283,2.0,34258944,277643264,0.5
1786959838786,4.0,34258944,277643264,1.5
1786959839289,2.0,34258944,277643264,0.0
1786959839794,2.0,34258944,277643264,1.5
1786959840297,0.0,34258944,277643264,0.0
1786959840800,2.0,34258944,277643264,1.0
1786959841303,2.0,34258944,277643264,1.0
1786959841806,2.0,34258944,277643264,0.5
1786959842310,2.0,34258944,277643264,0.5
1786959842813,2.0,34258944,277643264,1.5
1786959843316,2.0,34258944,277643264,0.0
1786959843820,2.0,34258944,277643264,0.5
1786959844323,0.0,34258944,277643264,1.0
1786959844827,2.0,34258944,277643264,1.5
1786959845331,2.0,34258944,277643264,0.5
1786959845834,2.0,34258944,277643264,1.0
1786959846338,0.0,34258944,277643264,0.5
1786959846842,2.0,34258944,277643264,1.5
1786959847345,2.0,34258944,277643264,0.0
1786959847849,2.0,34258944,277643264,1.0
1786959848351,2.0,34258944,277643264,0.5
1786959848855,2.0,34258944,277643264,1.5
1786959849359,2.0,34258944,277643264,0.5
1786959849865,2.0,34258944,277643264,1.0
1786959850368,2.0,34258944,277643264,0.0
1786959850872,2.0,34258944,277643264,1.5
1786959851377,2.0,34258944,277643264,0.5
1786959851879,2.0,34258944,277643264,0.5
1786959852383,0.0,34258944,277643264,2.0
1786959852886,2.0,34258944,277643264,0.5
1786959853389,2.0,34258944,277643264,1.5
1786959853893,2.0,34258944,277643264,1.0
1786959854397,2.0,34258944,277643264,0.5
1786959854900,2.0,34258944,277643264,0.5
1786959855403,0.0,34258944,277643264,1.5
1786959855907,4.0,34258944,277643264,1.0
1786959856411,2.0,34258944,277643264,1.0
1786959856914,2.0,34258944,277643264,1.0
1786959857418,0.0,34258944,277643264,1.0
1786959857922,2.0,34258944,277643264,1.5
1786959858425,2.0,34258944,277643264,0.5
1786959858928,0.0,34258944,277643264,0.5
1786959859432,2.0,34258944,277643264,1.0
1786959859935,2.0,34258944,277643264,1.0
1786959860438,2.0,34258944,277643264,0.5
1786959860942,4.0,34258944,277643264,1.5
1786959861445,2.0,34258944,277643264,0.5
1786959861949,2.0,34258944,277643264,0.5
1786959862452,0.0,34258944,277643264,0.0
1786959862956,2.0,34258944,277643264,1.0
1786959863461,2.0,34258944,277643264,0.0
1786959863965,2.0,34258944,277643264,1.0
1786959864468,2.0,34258944,277643264,0.0
1786959864971,0.0,34258944,277643264,0.5
1786959865474,4.0,34258944,277643264,1.0
1786959865979,0.0,34258944,277643264,1.0
1786959866482,4.0,34258944,277643264,0.5
1786959866985,2.0,34258944,277643264,1.0
1786959867488,2.0,34258944,277643264,0.5
1786959867992,2.0,34258944,277643264,1.5
1786959868495,0.0,34258944,277643264,0.5
1786959868998,2.0,34258944,277643264,1.5
1786959869501,2.0,34258944,277643264,0.5
1786959870005,0.0,34258944,277643264,0.5
1786959870510,4.0,34258944,277643264,1.5
1786959871013,2.0,34258944,277643264,0.5
1786959871516,0.0,34258944,277643264,0.5
1786959872020,2.0,34258944,277643264,1.5
1786959872523,2.0,34258944,277643264,0.5
1786959873026,4.0,34258944,277643264,1.5
1786959873530,0.0,34258944,277643264,0.0
1786959874033,2.0,34258944,277643264,2.0
1786959874536,2.0,34258944,277643264,0.0
1786959875039,2.0,34258944,277643264,1.5
1786959875543,2.0,34258944,277643264,0.5
1786959876046,2.0,34258944,277643264,0.5
1786959876550,0.0,34258944,277643264,0.5
1786959877053,2.0,34258944,277643264,1.0
1786959877556,2.0,34258944,277643264,0.5
1786959878059,2.0,34258944,277643264,1.0
1786959878562,0.0,34258944,277643264,0.5
1786959879065,4.0,34258944,277643264,1.5
1786959879569,2.0,34258944,277643264,0.0
1786959880072,0.0,34258944,277643264,1.0
1786959880576,2.0,34258944,277643264,0.5
1786959881079,4.0,34258944,277643264,1.5
1786959881583,0.0,34258944,277643264,0.0
1786959882087,2.0,34258944,277643264,1.0
1786959882592,2.0,34258944,277643264,0.5
1786959883096,2.0,34258944,277643264,1.5
1786959883599,0.0,34258944,277643264,0.5
1786959884102,4.0,34258944,277643264,1.0
1786959884606,0.0,34258944,277643264,1.5
1786959885112,4.0,34258944,277643264,0.5
1786959885616,2.0,34258944,277643264,1.0
1786959886121,2.0,34258944,277643264,0.5
1786959886624,2.0,34258944,277643264,1.0
1786959887128,2.0,34258944,277643264,1.0
1786959887631,0.0,34258944,277643264,1.0
1786959888134,2.0,34258944,277643264,1.5
1786959888639,2.0,34258944,277643264,0.5
1786959889142,2.0,34258944,277643264,0.0
1786959889646,2.0,34258944,277643264,0.5
1786959890149,2.0,34258944,277643264,0.5
1786959890652,0.0,34258944,277643264,1.0
1786959891156,2.0,34258944,277643264,0.5
1786959891660,2.0,34258944,277643264,1.0
1786959892163,2.0,34258944,277643264,0.5
1786959892666,2.0,34258944,277643264,1.0
1786959893170,2.0,34258944,277643264,0.5
1786959893674,2.0,34258944,277643264,0.0
1786959894177,2.0,34258944,277643264,1.0
1786959894682,2.0,34258944,277643264,1.5
1786959895187,2.0,34258944,277643264,0.5
1786959895692,0.0,34258944,277643264,0.5
1786959896195,2.0,34258944,277643264,1.0
1786959896700,2.0,34258944,277643264,1.0
1786959897203,2.0,34258944,277643264,0.5
1786959897707,2.0,34258944,277643264,1.0
1786959898211,2.0,34258944,277643264,1.5
1786959898714,2.0,34258944,277643264,0.5
1786959899218,2.0,34258944,277643264,0.5
1786959899722,0.0,34258944,277643264,1.0
1786959900226,2.0,34258944,277643264,1.0
1786959900729,2.0,34258944,277643264,1.0
1786959901233,4.0,34258944,277643264,0.5
1786959901737,0.0,34258944,277643264,1.0
1786959902241,2.0,34258944,277643264,0.5
1786959902745,2.0,34258944,277643264,0.5
1786959903248,2.0,34258944,277643264,1.5
1786959903752,2.0,34258944,277643264,1.0
1786959904255,2.0,34258944,277643264,1.5
1786959904759,2.0,34258944,277643264,2.0
1786959905264,2.0,34258944,277643264,0.5
1786959905768,2.0,34258944,277643264,1.0
1786959906272,2.0,34258944,277643264,1.0
1786959906775,0.0,34258944,277643264,1.0
1786959907279,2.0,34258944,277643264,1.0
1786959907785,2.0,34258944,277643264,1.5
1786959908291,0.0,34258944,277643264,1.0
1786959908795,4.0,34258944,277643264,1.0
1786959909298,2.0,34258944,277643264,0.0
1786959909802,2.0,34258944,277643264,2.0
1786959910306,2.0,34258944,277643264,0.5
1786959910810,2.0,34258944,277643264,1.5
1786959911313,0.0,34258944,277643264,0.0
1786959911816,2.0,34258944,277643264,1.5
1786959912319,2.0,34258944,277643264,1.0
1786959912823,2.0,34258944,277643264,0.5
1786959913327,2.0,34258944,277643264,0.0
1786959913829,2.0,34258944,277643264,1.0
1786959914333,0.0,34258944,277643264,0.5
1786959914836,4.0,34258944,277643264,1.5
1786959915340,0.0,34258944,277643264,0.0
1786959915843,2.0,34258944,277643264,1.0
1786959916346,2.0,34258944,277643264,0.0
1786959916850,2.0,34258944,277643264,1.0
1786959917354,2.0,34258944,277643264,1.0
1786959917857,2.0,34258944,277643264,0.5
1786959918361,2.0,34258944,277643264,0.5
1786959918864,2.0,34258944,277643264,0.5
1786959919367,0.0,34258944,277643264,0.5
1786959919871,2.0,34258944,277643264,1.0
1786959920374,2.0,34258944,277643264,0.5
1786959920877,2.0,34258944,277643264,1.5
1786959921381,2.0,34258944,277643264,0.0
1786959921884,2.0,34258944,277643264,1.0
1786959922388,0.0,34258944,277643264,0.0
1786959922891,4.0,34258944,277643264,1.0
1786959923395,2.0,34258944,277643264,0.5
1786959923903,2.0,34258944,277643264,1.0
1786959924407,2.0,34258944,277643264,1.0
1786959924911,0.0,34258944,277643264,0.5
1786959925414,2.0,34258944,277643264,0.0
1786959925918,4.0,34258944,277643264,1.5
1786959926420,0.0,34258944,277643264,0.5
1786959926923,0.0,34258944,277643264,0.0
1786959927427,2.0,34258944,277643264,1.0
1786959927930,4.0,34258944,277643264,0.5
1786959928434,2.0,34258944,277643264,0.0
1786959928937,2.0,34258944,277643264,1.0
1786959929440,0.0,34258944,277643264,0.5
1786959929944,2.0,34258944,277643264,0.5
1786959930449,2.0,34258944,277643264,0.5
1786959930952,2.0,34258944,277643264,0.5
1786959931456,0.0,34258944,277643264,0.5
1786959931959,4.0,34258944,277643264,1.0
1786959932462,0.0,34258944,277643264,0.0
1786959932965,4.0,34258944,277643264,2.5
1786959933469,2.0,34258944,277643264,1.0
1786959933972,0.0,34258944,277643264,1.5
1786959934475,2.0,34258944,277643264,1.5
1786959934978,2.0,34258944,277643264,1.5
1786959935482,2.0,34258944,277643264,0.5
1786959935985,2.0,34258944,277643264,1.0
1786959936488,2.0,34258944,277643264,1.5
1786959936991,2.0,34258944,277643264,1.0
1786959937495,2.0,34258944,277643264,1.0
1786959937999,2.0,34258944,277643264,1.5
1786959938503,2.0,34258944,277643264,1.0
1786959939006,0.0,34258944,277643264,1.0
1786959939509,2.0,34258944,277643264,0.5
1786959940013,2.0,34258944,277643264,1.5
1786959940516,2.0,34258944,277643264,0.0
1786959941019,2.0,34258944,277643264,0.5
1786959941522,0.0,34258944,277643264,0.5
1786959942025,4.0,34258944,277643264,1.5
1786959942528,2.0,34258944,277643264,0.5
1786959943031,0.0,34258944,277643264,0.5
1786959943534,4.0,34258944,277643264,1.5
1786959944038,0.0,34258944,277643264,1.0
1786959944541,4.0,34258944,277643264,0.0
1786959945045,2.0,34258944,277643264,1.5
1786959945548,0.0,34258944,277643264,0.5
1786959946052,2.0,34258944,277643264,0.5
1786959946555,2.0,34258944,277643264,0.0
1786959947059,2.0,34258944,277643264,1.5
1786959947562,2.0,34258944,277643264,0.0
1786959948067,2.0,34258944,277643264,1.0
1786959948570,2.0,34258944,277643264,0.5
1786959949074,0.0,34258944,277643264,1.0
1786959949577,2.0,34258944,277643264,0.5
1786959950081,2.0,34258944,277643264,1.0
1786959950584,2.0,34258944,277643264,1.0
1786959951087,2.0,34258944,277643264,1.5
1786959951590,0.0,34258944,277643264,0.0
1786959952094,2.0,34258944,277643264,1.5
1786959952597,2.0,34258944,277643264,0.5
1786959953100,4.0,34258944,277643264,1.0
1786959953604,0.0,34258944,277643264,0.5
1786959954109,2.0,34258944,277643264,0.5
1786959954613,2.0,34258944,277643264,1.0
1786959955118,2.0,34258944,277643264,1.0
1786959955621,2.0,34258944,277643264,0.5
1786959956126,2.0,34258944,277643264,0.5
1786959956629,2.0,34258944,277643264,0.5
1786959957132,2.0,34258944,277643264,0.5
1786959957636,2.0,34258944,277643264,1.0
1786959958139,2.0,34258944,277643264,0.5
1786959958643,0.0,34258944,277643264,0.5
1786959959146,2.0,34258944,277643264,1.0
1786959959650,2.0,34258944,277643264,0.5
1786959960153,2.0,34258944,277643264,0.5
1786959960656,2.0,34258944,277643264,0.5
1786959961159,2.0,34258944,277643264,0.5
1786959961663,2.0,34258944,277643264,1.0
1786959962167,2.0,34258944,277643264,0.0
1786959962670,0.0,34258944,277643264,1.0
1786959963173,2.0,34258944,277643264,0.5
1786959963676,4.0,34258944,277643264,0.5
1786959964180,2.0,34258944,277643264,0.5
1786959964683,0.0,34258944,277643264,1.0
1786959965187,2.0,34258944,277643264,1.0
1786959965691,0.0,34258944,277643264,1.0
1786959966194,2.0,34258944,277643264,0.5
1786959966698,2.0,34258944,277643264,0.5
1786959967203,2.0,34258944,277643264,0.5
1786959967707,2.0,34258944,277643264,1.0
1786959968211,2.0,34258944,277643264,0.5
1786959968715,2.0,34258944,277643264,1.0
1786959969219,2.0,34258944,277643264,0.5
1786959969723,0.0,34258944,277643264,0.0
1786959970226,4.0,34258944,277643264,0.5
1786959970730,2.0,34258944,277643264,0.5
1786959971234,2.0,34258944,277643264,1.5
1786959971738,0.0,34258944,277643264,0.5
1786959972241,2.0,34258944,277643264,1.5
1786959972746,2.0,34258944,277643264,0.0
1786959973250,2.0,34258944,277643264,1.0
1786959973754,0.0,34258944,277643264,1.0
1786959974257,4.0,34258944,277643264,1.0
1786959974761,2.0,34258944,277643264,0.0
1786959975265,2.0,34258944,277643264,0.5
1786959975768,0.0,34258944,277643264,0.0
1786959976272,2.0,34258944,277643264,0.5
1786959976775,2.0,34258944,277643264,0.5
1786959977279,2.0,34258944,277643264,1.0
1786959977783,2.0,34258944,277643264,1.0
1786959978286,2.0,34258944,277643264,1.5
1786959978791,0.0,34258944,277643264,0.5
1786959979295,4.0,34258944,277643264,0.5
1786959979798,0.0,34258944,277643264,0.5
1786959980302,2.0,34258944,277643264,1.0
1786959980805,2.0,34258944,277643264,1.0
1786959981308,2.0,34258944,277643264,0.5
1786959981813,2.0,34258944,277643264,0.0
1786959982316,2.0,34258944,277643264,1.0
1786959982820,2.0,34258944,277643264,1.0
1786959983324,2.0,34258944,277643264,0.5
1786959983828,2.0,34258944,277643264,0.0
1786959984332,2.0,34258944,277643264,0.5
1786959984835,2.0,34258944,277643264,1.0
1786959985338,2.0,34258944,277643264,0.0
1786959985841,0.0,34258944,277643264,0.5
1786959986345,2.0,34258944,277643264,0.5
1786959986848,2.0,34258944,277643264,1.5
1786959987351,2.0,34258944,277643264,1.0
1786959987855,2.0,34258944,277643264,0.5
1786959988358,2.0,34258944,277643264,1.0
1786959988863,2.0,34258944,277643264,0.0
1786959989366,0.0,34258944,277643264,1.0
1786959989869,2.0,34258944,277643264,1.0
1786959990372,2.0,34258944,277643264,0.5
1786959990876,2.0,34258944,277643264,1.0
1786959991379,2.0,34258944,277643264,0.0
1786959991882,2.0,34258944,277643264,1.5
1786959992386,0.0,34258944,277643264,0.0
1786959992890,4.0,34258944,277643264,1.5
1786959993393,2.0,34258944,277643264,1.0
1786959993897,2.0,34258944,277643264,0.0
1786959994401,2.0,34258944,277643264,0.5
1786959994904,2.0,34258944,277643264,1.0
1786959995408,0.0,34258944,277643264,0.0
1786959995911,2.0,34258944,277643264,1.0
1786959996415,0.0,34258944,277643264,0.0
1786959996918,2.0,34258944,277643264,1.0
1786959997421,2.0,34258944,277643264,0.0
1786959997925,2.0,34258944,277643264,1.0
1786959998428,0.0,34258944,277643264,0.0
1786959998933,4.0,34258944,277643264,0.0
1786959999436,2.0,34258944,277643264,0.5
1786959999939,2.0,34258944,277643264,1.5
1786960000444,2.0,34258944,277643264,0.0
1786960000948,2.0,34258944,277643264,1.0
1786960001451,2.0,34258944,277643264,1.0
1786960001955,2.0,34258944,277643264,1.0
1786960002459,0.0,34258944,277643264,0.0
1786960002961,2.0,34258944,277643264,1.0
1786960003465,2.0,34258944,277643264,1.0
1786960003968,2.0,34258944,277643264,1.0
1786960004471,2.0,34258944,277643264,0.5
1786960004975,0.0,34258944,277643264,1.0
1786960005478,4.0,34258944,277643264,0.0
1786960005983,2.0,34258944,277643264,1.0
1786960006485,2.0,34258944,277643264,1.0
1786960006989,0.0,34258944,277643264,0.5
1786960007491,4.0,34258944,277643264,0.0
1786960007994,0.0,34258944,277643264,0.5
1786960008498,0.0,34258944,277643264,1.0
1786960009001,4.0,34258944,277643264,1.0
1786960009505,2.0,34258944,277643264,0.5
1786960010008,2.0,34258944,277643264,1.0
1786960010512,2.0,34263040,277643264,0.5
1786960011015,0.0,34263040,277643264,0.5
1786960011518,2.0,34263040,277643264,0.0
1786960012023,2.0,34263040,277643264,1.0
1786960012526,2.0,34263040,277643264,1.0
1786960013030,2.0,34263040,277643264,0.0
1786960013532,2.0,34263040,277643264,0.5
1786960014037,0.0,34263040,277643264,1.0
1786960014542,2.0,34263040,277643264,1.0
1786960015045,4.0,34263040,277643264,1.0
1786960015549,0.0,34263040,277643264,0.5
1786960016052,2.0,34263040,277643264,1.0
1786960016556,2.0,34263040,277643264,1.0
1786960017059,2.0,34263040,277643264,1.0
1786960017563,0.0,34263040,277643264,0.5
1786960018067,4.0,34263040,277643264,0.5
1786960018570,2.0,34263040,277643264,1.0
1786960019073,0.0,34263040,277643264,0.5
1786960019579,4.0,34263040,277643264,1.0
1786960020082,2.0,34263040,277643264,0.5
1786960020586,2.0,34263040,277643264,0.5
1786960021090,0.0,34263040,277643264,0.5
1786960021594,2.0,34263040,277643264,1.5
1786960022097,4.0,34263040,277643264,1.0
1786960022601,0.0,34263040,277643264,0.5
1786960023104,2.0,34263040,277643264,2.0
1786960023608,2.0,34263040,277643264,0.5
1786960024114,2.0,34263040,277643264,0.5
1786960024617,4.0,34263040,277643264,1.0
1786960025122,2.0,34263040,277643264,1.5
1786960025625,0.0,34263040,277643264,0.5
1786960026129,2.0,34263040,277643264,0.5
1786960026632,2.0,34263040,277643264,1.0
1786960027136,2.0,34263040,277643264,1.5
1786960027639,2.0,34263040,277643264,0.5
1786960028143,2.0,34263040,277643264,0.5
1786960028646,0.0,34263040,277643264,0.5
1786960029149,2.0,34263040,277643264,0.5
1786960029654,2.0,34263040,277643264,1.5
1786960030157,2.0,34263040,277643264,0.0
1786960030660,2.0,34263040,277643264,1.0
1786960031163,2.0,34263040,277643264,1.5
1786960031666,2.0,34263040,277643264,1.0
1786960032170,2.0,34263040,277643264,1.0
1786960032673,0.0,34263040,277643264,0.5
1786960033177,2.0,34263040,277643264,0.5
1786960033680,4.0,34263040,277643264,1.0
1786960034184,2.0,34263040,277643264,0.5
1786960034688,2.0,34263040,277643264,1.5
1786960035192,2.0,34263040,277643264,0.5
1786960035695,0.0,34263040,277643264,1.0
1786960036198,2.0,34263040,277643264,0.5
1786960036702,2.0,34263040,277643264,1.5
1786960037205,2.0,34263040,277643264,1.0
1786960037708,2.0,34263040,277643264,0.5
1786960038213,0.0,34263040,277643264,0.5
1786960038716,2.0,34263040,277643264,1.0
1786960039220,4.0,34263040,277643264,1.0
1786960039723,0.0,34263040,277643264,0.5
1786960040227,2.0,34263040,277643264,1.5
1786960040730,2.0,34263040,277643264,1.0
1786960041234,2.0,34263040,277643264,0.5
1786960041736,2.0,34263040,277643264,1.0
1786960042240,2.0,34263040,277643264,0.5
1786960042743,0.0,34263040,277643264,1.0
1786960043247,2.0,34263040,277643264,0.5
1786960043750,2.0,34263040,277643264,1.0
1786960044254,2.0,34263040,277643264,0.5
1786960044757,2.0,34263040,277643264,1.0
1786960045260,2.0,34263040,277643264,0.5
1786960045764,0.0,34263040,277643264,1.0
1786960046267,4.0,34263040,277643264,0.0
1786960046770,2.0,34263040,277643264,1.0
1786960047273,2.0,34263040,277643264,1.0
1786960047777,2.0,34263040,277643264,0.5
1786960048280,2.0,34263040,277643264,1.0
1786960048784,2.0,34263040,277643264,1.0
1786960049287,0.0,34263040,277643264,0.5
1786960049790,2.0,34263040,277643264,1.0
1786960050293,2.0,34263040,277643264,1.0
1786960050796,2.0,34263040,277643264,1.0
1786960051299,2.0,34263040,277643264,1.5
1786960051803,0.0,34263040,277643264,1.0
1786960052307,4.0,34263040,277643264,1.5
1786960052811,2.0,34263040,277643264,1.5
1786960053315,2.0,34263040,277643264,1.0
1786960053818,0.0,34263040,277643264,0.5
1786960054323,4.0,34263040,277643264,1.0
1786960054826,0.0,34263040,277643264,1.0
1786960055329,2.0,34263040,277643264,1.0
1786960055833,2.0,34263040,277643264,1.0
1786960056336,2.0,34263040,277643264,1.5
1786960056839,0.0,34263040,277643264,1.5
1786960057343,4.0,34263040,277643264,0.0
1786960057846,2.0,34263040,277643264,1.0
1786960058350,2.0,34263040,277643264,0.0
1786960058853,0.0,34263040,277643264,2.0
1786960059357,2.0,34263040,277643264,0.5
1786960059860,2.0,34263040,277643264,1.5
1786960060363,2.0,34263040,277643264,0.0
1786960060866,2.0,34263040,277643264,1.0
1786960061369,2.0,34263040,277643264,0.5
1786960061872,2.0,34263040,277643264,1.0
1786960062376,2.0,34263040,277643264,0.5
1786960062879,2.0,34263040,277643264,1.0
1786960063383,0.0,34263040,277643264,1.0
1786960063886,4.0,34263040,277643264,0.5
1786960064390,0.0,34263040,277643264,0.5
1786960064894,4.0,34263040,277643264,1.5
1786960065397,0.0,34263040,277643264,0.0
1786960065900,2.0,34263040,277643264,1.5
1786960066403,2.0,34263040,277643264,0.5
1786960066906,0.0,34263040,277643264,1.5
1786960067409,4.0,34263040,277643264,0.5
1786960067913,2.0,34263040,277643264,1.0
1786960068417,2.0,34263040,277643264,0.5
1786960068921,2.0,34263040,277643264,1.0
1786960069424,0.0,34263040,277643264,0.5
1786960069928,2.0,34263040,277643264,1.5
1786960070431,2.0,34263040,277643264,0.5
1786960070936,2.0,34263040,277643264,1.0
1786960071439,2.0,34263040,277643264,0.5
1786960071942,2.0,34263040,277643264,1.0
1786960072445,2.0,34263040,277643264,0.5
1786960072949,2.0,34263040,277643264,1.5
1786960073453,0.0,34263040,277643264,0.0
1786960073956,2.0,34263040,277643264,1.0
1786960074459,2.0,34263040,277643264,0.5
1786960074962,2.0,34263040,277643264,1.0
1786960075467,2.0,34263040,277643264,1.0
1786960075971,2.0,34263040,277643264,1.0
1786960076474,2.0,34263040,277643264,0.5
1786960076978,0.0,34263040,277643264,1.0
1786960077481,4.0,34263040,277643264,2.0
1786960077986,2.0,34263040,277643264,0.5
1786960078490,2.0,34263040,277643264,0.5
1786960078996,2.0,34263040,277643264,1.5
1786960079499,0.0,34263040,277643264,0.0
1786960080004,2.0,34263040,277643264,1.5
1786960080507,2.0,34263040,277643264,1.0
1786960081011,4.0,34263040,277643264,2.0
1786960081514,2.0,34263040,277643264,1.0
1786960082018,0.0,34263040,277643264,1.5
1786960082522,2.0,34263040,277643264,0.0
1786960083025,2.0,34263040,277643264,1.0
1786960083529,2.0,34263040,277643264,1.5
1786960084032,0.0,34263040,277643264,1.0
1786960084536,2.0,34263040,277643264,0.5
1786960085039,4.0,34263040,277643264,1.5
1786960085543,2.0,34263040,277643264,0.5
1786960086046,2.0,34263040,277643264,1.5
1786960086550,0.0,34263040,277643264,0.5
1786960087054,2.0,34263040,277643264,1.0
1786960087557,2.0,34263040,277643264,1.0
1786960088061,2.0,34263040,277643264,0.5
1786960088564,2.0,34263040,277643264,0.5
1786960089067,2.0,34263040,277643264,1.5
1786960089570,2.0,34263040,277643264,0.5
1786960090074,0.0,34263040,277643264,1.0
1786960090578,2.0,34263040,277643264,0.5
1786960091081,2.0,34263040,277643264,1.5
1786960091584,2.0,34263040,277643264,0.5
1786960092089,0.0,34263040,277643264,0.5
1786960092592,4.0,34263040,277643264,1.0
1786960093096,2.0,34263040,277643264,1.0
1786960093599,0.0,34263040,277643264,1.0
1786960094104,2.0,34263040,277643264,1.0
1786960094611,3.9,34263040,277643264,1.0
1786960095116,2.0,34263040,277643264,1.0
1786960095620,2.0,34263040,277643264,1.5
1786960096126,2.0,34263040,277643264,0.5
1786960096629,0.0,34263040,277643264,1.0
1786960097133,4.0,34263040,277643264,1.5
1786960097636,0.0,34263040,277643264,0.5
1786960098139,2.0,34263040,277643264,1.5
1786960098642,2.0,34263040,277643264,0.5
1786960099145,2.0,34263040,277643264,0.0
1786960099648,4.0,34263040,277643264,0.5
1786960100152,2.0,34263040,277643264,1.5
1786960100655,0.0,34263040,277643264,1.5
1786960101158,2.0,34263040,277643264,0.5
1786960101662,2.0,34263040,277643264,0.5
1786960102165,2.0,34263040,277643264,1.0
1786960102669,0.0,34263040,277643264,1.0
1786960103173,2.0,34263040,277643264,0.0
1786960103676,2.0,34263040,277643264,0.5
1786960104180,2.0,34263040,277643264,1.0
1786960104683,2.0,34263040,277643264,0.5
1786960105187,2.0,34263040,277643264,1.5
1786960105691,2.0,34263040,277643264,1.5
1786960106194,0.0,34263040,277643264,0.0
1786960106698,2.0,34263040,277643264,1.5
1786960107202,4.0,34263040,277643264,0.5
1786960107705,2.0,34263040,277643264,1.0
1786960108209,0.0,34263040,277643264,1.0
1786960108713,2.0,34263040,277643264,0.5
1786960109216,4.0,34263040,277643264,1.0
1786960109720,0.0,34263040,277643264,0.5
1786960110224,2.0,34263040,277643264,1.0
1786960110727,2.0,34263040,277643264,0.5
1786960111231,0.0,34263040,277643264,0.0
1786960111735,2.0,34263040,277643264,1.0
1786960112238,4.0,34263040,277643264,1.0
1786960112742,2.0,34263040,277643264,0.5
1786960113245,0.0,34263040,277643264,1.0
1786960113750,2.0,34263040,277643264,0.5
1786960114255,2.0,34263040,277643264,1.0
1786960114759,2.0,34263040,277643264,1.0
1786960115262,2.0,34263040,277643264,0.5
1786960115766,0.0,34263040,277643264,0.5
1786960116269,2.0,34263040,277643264,1.0
1786960116773,2.0,34263040,277643264,1.0
1786960117277,2.0,34263040,277643264,0.5
1786960117780,2.0,34263040,277643264,1.0
1786960118284,2.0,34263040,277643264,0.5
1786960118788,2.0,34263040,277643264,1.0
1786960119291,2.0,34263040,277643264,1.0
1786960119794,0.0,34263040,277643264,1.0
1786960120297,4.0,34263040,277643264,0.5
1786960120801,0.0,34263040,277643264,1.0
1786960121304,4.0,34263040,277643264,0.5
1786960121808,2.0,34263040,277643264,0.5
1786960122312,0.0,34263040,277643264,0.5
1786960122816,2.0,34263040,277643264,0.5
1786960123319,2.0,34263040,277643264,1.0
1786960123824,0.0,34263040,277643264,1.0
1786960124327,2.0,34263040,277643264,1.0
1786960124831,2.0,34263040,277643264,0.5
1786960125336,2.0,34263040,277643264,0.5
1786960125839,4.0,34263040,277643264,1.0
1786960126343,2.0,34263040,277643264,1.5
1786960126846,0.0,34263040,277643264,1.0
1786960127349,2.0,34263040,277643264,0.5
1786960127852,2.0,34263040,277643264,1.5
1786960128355,2.0,34263040,277643264,0.5
1786960128858,2.0,34263040,277643264,0.0
1786960129361,2.0,34263040,277643264,0.5
1786960129865,2.0,34263040,277643264,1.5
1786960130369,0.0,34263040,277643264,0.5
1786960130872,2.0,34263040,277643264,0.5
1786960131375,4.0,34263040,277643264,0.5
1786960131878,2.0,34263040,277643264,1.0
1786960132382,0.0,34263040,277643264,0.5
1786960132885,2.0,34263040,277643264,1.0
1786960133389,2.0,34263040,277643264,0.5
1786960133893,2.0,34263040,277643264,0.5
1786960134396,2.0,34263040,277643264,0.5
1786960134899,2.0,34263040,277643264,1.5
1786960135402,0.0,34263040,277643264,0.0
1786960135905,2.0,34263040,277643264,2.0
1786960136408,2.0,34263040,277643264,0.0
1786960136912,2.0,34263040,277643264,1.5
1786960137415,2.0,34263040,277643264,1.0
1786960137918,2.0,34263040,277643264,1.0
1786960138423,0.0,34263040,277643264,1.0
1786960138927,4.0,34263040,277643264,0.5
1786960139430,2.0,34263040,277643264,1.0
1786960139933,2.0,34263040,277643264,1.0
1786960140436,0.0,34263040,277643264,1.0
1786960140939,2.0,34263040,277643264,0.5
1786960141443,2.0,34263040,277643264,0.5
1786960141947,2.0,34263040,277643264,0.5
1786960142450,2.0,34263040,277643264,1.0
1786960142953,2.0,34263040,277643264,1.0
1786960143457,2.0,34263040,277643264,0.5
1786960143960,0.0,34263040,277643264,1.0
1786960144463,2.0,34263040,277643264,0.5
1786960144966,2.0,34263040,277643264,1.0
1786960145469,2.0,34263040,277643264,0.0
1786960145972,4.0,34263040,277643264,1.5
1786960146475,0.0,34263040,277643264,0.0
1786960146979,4.0,34263040,277643264,2.0
1786960147482,0.0,34263040,277643264,0.0
1786960147986,0.0,34263040,277643264,1.0
1786960148489,4.0,34263040,277643264,1.0
1786960148993,2.0,34263040,277643264,1.0
1786960149496,2.0,34263040,277643264,0.5
1786960149999,0.0,34263040,277643264,1.0
1786960150502,2.0,34263040,277643264,0.0
1786960151006,2.0,34263040,277643264,1.0
1786960151509,2.0,34263040,277643264,1.0
1786960152012,2.0,34263040,277643264,0.5
1786960152516,2.0,34263040,277643264,1.0
1786960153020,2.0,34263040,277643264,1.0
1786960153523,0.0,34263040,277643264,1.0
1786960154026,2.0,34263040,277643264,0.5
1786960154530,4.0,34263040,277643264,0.5
1786960155035,0.0,34263040,277643264,1.5
1786960155538,2.0,34263040,277643264,1.0
1786960156041,2.0,34263040,277643264,0.5
1786960156544,2.0,34263040,277643264,1.5
1786960157047,2.0,34263040,277643264,1.5
1786960157550,2.0,34263040,277643264,0.5
1786960158053,2.0,34263040,277643264,0.5
1786960158556,2.0,34263040,277643264,1.0
1786960159059,0.0,34263040,277643264,1.5
1786960159563,2.0,34263040,277643264,0.0
1786960160067,2.0,34263040,277643264,0.5
1786960160570,2.0,34263040,277643264,0.5
1786960161075,2.0,34263040,277643264,0.5
1786960161578,2.0,34263040,277643264,0.5
1786960162082,2.0,34263040,277643264,1.0
1786960162585,2.0,34263040,277643264,1.0
1786960163089,2.0,34263040,277643264,1.0
1786960163593,2.0,34263040,277643264,1.0
1786960164096,0.0,34263040,277643264,0.5
1786960164600,4.0,34263040,277643264,1.0
1786960165104,2.0,34263040,277643264,0.5
1786960165608,2.0,34263040,277643264,1.5
1786960166113,2.0,34263040,277643264,0.0
1786960166617,2.0,34263040,277643264,1.0
1786960167122,0.0,34263040,277643264,1.0
1786960167625,2.0,34263040,277643264,0.5
1786960168128,4.0,34263040,277643264,0.5
1786960168632,0.0,34263040,277643264,0.5
1786960169135,2.0,34263040,277643264,0.5
1786960169639,2.0,34263040,277643264,1.5
1786960170143,2.0,34263040,277643264,1.0
1786960170648,2.0,34263040,277643264,0.5
1786960171151,2.0,34263040,277643264,1.5
1786960171655,0.0,34263040,277643264,0.5
1786960172158,2.0,34263040,277643264,0.0
1786960172662,2.0,34263040,277643264,1.5
1786960173165,2.0,34263040,277643264,0.5
1786960173669,2.0,34263040,277643264,1.0
1786960174172,4.0,34263040,277643264,1.0
1786960174675,0.0,34263040,277643264,1.0
1786960175178,2.0,34263040,277643264,0.0
1786960175682,0.0,34263040,277643264,1.0
1786960176185,4.0,34263040,277643264,0.5
1786960176688,2.0,34263040,277643264,1.0
1786960177191,2.0,34263040,277643264,0.0
1786960177695,0.0,34263040,277643264,1.5
1786960178198,2.0,34263040,277643264,0.5
1786960178701,2.0,34263040,277643264,1.5
1786960179205,2.0,34263040,277643264,1.0
1786960179708,2.0,34263040,277643264,1.0
1786960180212,2.0,34263040,277643264,1.5
1786960180715,0.0,34263040,277643264,1.0
1786960181220,2.0,34263040,277643264,1.0
1786960181723,2.0,34263040,277643264,0.5
1786960182227,4.0,34263040,277643264,1.5
1786960182730,0.0,34263040,277643264,1.0
1786960183234,2.0,34263040,277643264,0.5
1786960183737,2.0,34263040,277643264,0.5
1786960184241,2.0,34263040,277643264,1.5
1786960184745,2.0,34263040,277643264,1.0
1786960185248,2.0,34263040,277643264,0.5
1786960185752,0.0,34263040,277643264,1.5
1786960186255,2.0,34263040,277643264,1.0
1786960186759,2.0,34263040,277643264,0.5
1786960187262,2.0,34263040,277643264,0.0
1786960187767,2.0,34263040,277643264,1.0
1786960188270,2.0,34263040,277643264,1.0
1786960188774,2.0,34263040,277643264,1.0
1786960189277,2.0,34263040,277643264,0.5
1786960189782,2.0,34263040,277643264,1.0
1786960190286,2.0,34263040,277643264,1.0
1786960190790,2.0,34263040,277643264,1.0
1786960191293,2.0,34263040,277643264,0.0
1786960191797,0.0,34263040,277643264,1.0
1786960192300,2.0,34263040,277643264,0.0
1786960192804,2.0,34263040,277643264,1.0
1786960193308,2.0,34263040,277643264,1.0
1786960193811,2.0,34263040,277643264,0.5
1786960194314,2.0,34263040,277643264,1.0
1786960194818,0.0,34263040,277643264,1.0
1786960195322,2.0,34263040,277643264,0.0
1786960195825,2.0,34263040,277643264,1.0
1786960196329,2.0,34263040,277643264,0.5
1786960196833,2.0,34263040,277643264,0.5
1786960197336,2.0,34263040,277643264,1.0
1786960197840,0.0,34263040,277643264,1.0
1786960198344,4.0,34263040,277643264,0.0
1786960198848,2.0,34263040,277643264,1.0
1786960199352,2.0,34263040,277643264,0.5
1786960199855,0.0,34263040,277643264,1.0
1786960200358,4.0,34263040,277643264,1.0
1786960200861,0.0,34263040,277643264,1.0
1786960201365,2.0,34263040,277643264,0.0
1786960201868,2.0,34263040,277643264,0.5
1786960202372,2.0,34263040,277643264,0.5
1786960202875,2.0,34263040,277643264,1.5
1786960203379,2.0,34263040,277643264,0.5
1786960203883,2.0,34263040,277643264,0.5
1786960204386,2.0,34263040,277643264,0.0
1786960204890,0.0,34263040,277643264,2.0
1786960205394,2.0,34263040,277643264,0.5
1786960205897,2.0,34263040,277643264,0.5
1786960206401,2.0,34263040,277643264,1.0
1786960206904,0.0,34263040,277643264,0.5
1786960207407,4.0,34263040,277643264,0.5
1786960207912,2.0,34263040,277643264,1.5
1786960208418,2.0,34263040,277643264,0.0
1786960208921,2.0,34263040,277643264,1.5
1786960209425,2.0,34263040,277643264,0.5
1786960209928,0.0,34263040,277643264,0.5
1786960210432,2.0,34263040,277643264,0.5
1786960210935,2.0,34263040,277643264,1.0
1786960211439,2.0,34263040,277643264,0.5
1786960211943,2.0,34263040,277643264,1.0
1786960212447,2.0,34263040,277643264,1.0
1786960212950,0.0,34263040,277643264,0.5
1786960213454,2.0,34263040,277643264,0.5
1786960213957,2.0,34263040,277643264,1.0
1786960214460,2.0,34263040,277643264,0.5
1786960214964,2.0,34263040,277643264,1.5
1786960215468,0.0,34263040,277643264,0.5
1786960215971,4.0,34263040,277643264,1.0
1786960216474,2.0,34263040,277643264,0.0
1786960216977,2.0,34263040,277643264,1.0
1786960217480,0.0,34263040,277643264,0.5
1786960217983,2.0,34263040,277643264,1.5
1786960218487,4.0,34263040,277643264,1.5
1786960218991,2.0,34263040,277643264,0.5
1786960219494,0.0,34263040,277643264,1.0
1786960219998,2.0,34263040,277643264,1.5
1786960220501,2.0,34263040,277643264,0.5
1786960221004,2.0,34263040,277643264,2.0
1786960221507,2.0,34263040,277643264,0.5
1786960222011,2.0,34263040,277643264,1.0
1786960222514,0.0,34263040,277643264,0.5
1786960223018,2.0,34263040,277643264,1.0
1786960223521,2.0,34263040,277643264,0.0
1786960224025,2.0,34263040,277643264,1.5
1786960224528,4.0,34263040,277643264,0.5
1786960225033,0.0,34263040,277643264,1.0
1786960225536,2.0,34263040,277643264,0.0
1786960226040,2.0,34263040,277643264,1.0
1786960226543,2.0,34263040,277643264,0.5
1786960227047,2.0,34263040,277643264,1.5
1786960227550,0.0,34263040,277643264,0.5
1786960228053,2.0,34263040,277643264,1.0
1786960228555,2.0,34263040,277643264,0.0
1786960229058,0.0,34263040,277643264,1.0
1786960229562,4.0,34263040,277643264,1.0
1786960230066,0.0,34263040,277643264,1.0
1786960230569,2.0,34263040,277643264,0.5
1786960231074,2.0,34263040,277643264,1.0
1786960231577,2.0,34263040,277643264,0.0
1786960232080,2.0,34263040,277643264,1.5
1786960232584,2.0,34263040,277643264,0.5
1786960233087,4.0,34263040,277643264,1.0
1786960233590,0.0,34263040,277643264,0.5
1786960234093,2.0,34263040,277643264,1.5
1786960234597,2.0,34263040,277643264,0.0
1786960235100,0.0,34263040,277643264,1.0
1786960235603,4.0,34263040,277643264,1.0
1786960236109,2.0,34263040,277643264,1.0
1786960236612,2.0,34263040,277643264,1.0
1786960237118,2.0,34263040,277643264,1.0
1786960237621,2.0,34263040,277643264,1.0
1786960238126,2.0,34263040,277643264,2.0
1786960238630,2.0,34263040,277643264,1.0
1786960239133,0.0,34263040,277643264,1.0
1786960239637,4.0,34263040,277643264,1.0
1786960240140,2.0,34263040,277643264,0.0
1786960240643,2.0,34263040,277643264,2.0
1786960241147,0.0,34263040,277643264,0.5
1786960241650,2.0,34263040,277643264,0.5
1786960242154,2.0,34263040,277643264,0.0
1786960242658,2.0,34263040,277643264,1.5
1786960243162,2.0,34263040,277643264,0.0
1786960243665,2.0,34263040,277643264,0.5
1786960244168,2.0,34263040,277643264,0.5
1786960244671,2.0,34263040,277643264,1.0
1786960245175,2.0,34263040,277643264,0.5
1786960245679,2.0,34263040,277643264,1.0
1786960246183,0.0,34263040,277643264,0.5
1786960246686,2.0,34263040,277643264,0.5
1786960247189,2.0,34263040,277643264,0.5
1786960247693,2.0,34263040,277643264,0.5
1786960248197,2.0,34263040,277643264,1.5
1786960248701,2.0,34263040,277643264,1.0
1786960249204,2.0,34263040,277643264,0.0
1786960249707,2.0,34263040,277643264,1.0
1786960250210,2.0,34263040,277643264,0.0
1786960250714,2.0,34263040,277643264,2.0
1786960251217,0.0,34263040,277643264,0.5
1786960251721,4.0,34263040,277643264,1.0
1786960252223,2.0,34263040,277643264,0.5
1786960252728,0.0,34263040,277643264,1.0
1786960253231,2.0,34263040,277643264,0.5
1786960253735,2.0,34263040,277643264,1.5
1786960254238,2.0,34263040,277643264,1.0
1786960254742,2.0,34263040,277643264,1.0
1786960255245,2.0,34263040,277643264,1.0
1786960255748,2.0,34263040,277643264,1.0
1786960256251,2.0,34263040,277643264,0.5
1786960256754,0.0,34263040,277643264,0.5
1786960257258,2.0,34263040,277643264,1.0
1786960257761,4.0,34263040,277643264,1.0
1786960258265,2.0,34263040,277643264,0.5
1786960258769,0.0,34263040,277643264,0.5
1786960259272,2.0,34263040,277643264,1.0
1786960259776,2.0,34263040,277643264,1.5
1786960260279,2.0,34263040,277643264,0.5
1786960260783,0.0,34263040,277643264,0.5
1786960261288,2.0,34263040,277643264,0.5
1786960261791,2.0,34263040,277643264,0.5
1786960262295,2.0,34263040,277643264,1.5
1786960262799,2.0,34263040,277643264,2.5
1786960263302,2.0,34263040,277643264,0.0
1786960263807,2.0,34263040,277643264,1.0
1786960264310,2.0,34263040,277643264,0.5
1786960264814,0.0,34263040,277643264,1.0
1786960265319,2.0,34263040,277643264,1.0
1786960265822,2.0,34263040,277643264,1.5
1786960266325,4.0,34263040,277643264,0.5
1786960266829,0.0,34263040,277643264,0.5
1786960267332,4.0,34263040,277643264,1.0
1786960267836,0.0,34263040,277643264,1.0
1786960268340,2.0,34263040,277643264,0.0
1786960268843,2.0,34263040,277643264,1.0
1786960269347,2.0,34263040,277643264,1.0
1786960269850,2.0,34263040,277643264,0.5
1786960270355,2.0,34263040,277643264,1.5
1786960270858,0.0,34263040,277643264,1.0
1786960271361,2.0,34263040,277643264,0.0
1786960271865,2.0,34263040,277643264,1.5
1786960272369,2.0,34263040,277643264,0.5
1786960272873,2.0,34263040,277643264,1.0
1786960273376,2.0,34263040,277643264,0.5
1786960273880,2.0,34263040,277643264,1.0
1786960274384,2.0,34263040,277643264,0.0
1786960274888,2.0,34263040,277643264,0.5
1786960275391,2.0,34263040,277643264,1.5
1786960275896,2.0,34263040,277643264,1.5
1786960276399,2.0,34263040,277643264,0.0
1786960276902,2.0,34263040,277643264,0.0
1786960277406,2.0,34263040,277643264,1.5
1786960277910,0.0,34263040,277643264,0.5
1786960278414,2.0,34263040,277643264,0.5
1786960278918,2.0,34263040,277643264,2.0
1786960279423,2.0,34263040,277643264,0.5
1786960279926,2.0,34263040,277643264,1.0
1786960280430,2.0,34263040,277643264,0.5
1786960280934,0.0,34263040,277643264,1.5
1786960281438,4.0,34263040,277643264,1.0
1786960281942,0.0,34263040,277643264,1.0
1786960282446,2.0,34263040,277643264,0.5
1786960282950,4.0,34263040,277643264,1.0
1786960283455,0.0,34263040,277643264,0.5
1786960283959,2.0,34263040,277643264,1.0
1786960284462,2.0,34263040,277643264,1.0
1786960284965,2.0,34263040,277643264,1.5
1786960285469,2.0,34263040,277643264,0.0
1786960285973,2.0,34263040,277643264,1.0
1786960286477,2.0,34263040,277643264,0.5
1786960286981,2.0,34263040,277643264,1.5
1786960287484,0.0,34263040,277643264,0.0
1786960287987,2.0,34263040,277643264,2.0
1786960288490,2.0,34263040,277643264,0.0
1786960288993,4.0,34263040,277643264,1.0
1786960289497,0.0,34263040,277643264,0.0
1786960290001,2.0,34263040,277643264,1.0
1786960290504,2.0,34263040,277643264,0.5
1786960291007,2.0,34263040,277643264,1.0
1786960291510,0.0,34263040,277643264,0.5
1786960292014,4.0,34263040,277643264,1.0
1786960292518,0.0,34263040,277643264,0.5
1786960293021,2.0,34263040,277643264,1.5
1786960293525,0.0,34263040,277643264,0.0
1786960294028,4.0,34263040,277643264,1.5
1786960294532,2.0,34263040,277643264,0.5
1786960295035,2.0,34263040,277643264,2.0
1786960295538,2.0,34263040,277643264,0.0
1786960296043,2.0,34263040,277643264,2.0
1786960296547,0.0,34263040,277643264,0.0
1786960297050,2.0,34263040,277643264,1.5
1786960297553,2.0,34263040,277643264,0.0
1786960298057,4.0,34263040,277643264,1.5
1786960298560,2.0,34263040,277643264,0.5
1786960299063,0.0,34263040,277643264,2.0
1786960299566,2.0,34263040,277643264,0.5
1786960300070,2.0,34263040,277643264,1.0
1786960300573,2.0,34263040,277643264,1.0
1786960301076,2.0,34263040,277643264,0.5
1786960301580,2.0,34263040,277643264,1.0
1786960302083,0.0,34263040,277643264,1.0
1786960302586,2.0,34263040,277643264,0.5
1786960303090,2.0,34263040,277643264,0.5
1786960303593,4.0,34263040,277643264,0.5
1786960304096,2.0,34263040,277643264,1.0
1786960304599,0.0,34263040,277643264,1.0
1786960305103,2.0,34263040,277643264,0.5
1786960305608,2.0,34263040,277643264,1.0
1786960306113,2.0,34263040,277643264,0.5
1786960306617,2.0,34263040,277643264,1.0
1786960307123,2.0,34263040,277643264,1.0
1786960307626,2.0,34263040,277643264,1.5
1786960308130,0.0,34263040,277643264,0.5
1786960308633,2.0,34263040,277643264,1.5
1786960309136,2.0,34263040,277643264,0.5
1786960309640,2.0,34263040,277643264,0.5
1786960310143,2.0,34263040,277643264,0.5
1786960310647,4.0,34263040,277643264,1.5
1786960311150,0.0,34263040,277643264,0.0
1786960311653,4.0,34263040,277643264,1.5
1786960312157,0.0,34263040,277643264,0.0
1786960312660,2.0,34263040,277643264,2.0
1786960313164,2.0,34263040,277643264,0.5
1786960313668,2.0,34263040,277643264,1.0
1786960314171,2.0,34263040,277643264,1.5
1786960314675,2.0,34263040,277643264,0.5
1786960315178,2.0,34263040,277643264,0.5
1786960315683,2.0,34263040,277643264,1.0
1786960316186,0.0,34263040,277643264,0.5
1786960316689,2.0,34263040,277643264,1.5
1786960317193,2.0,34263040,277643264,0.5
1786960317696,2.0,34263040,277643264,0.5
1786960318201,4.0,34263040,277643264,0.0
1786960318704,2.0,34263040,277643264,1.5
1786960319208,0.0,34263040,277643264,0.5
1786960319711,2.0,34263040,277643264,1.0
1786960320215,2.0,34263040,277643264,1.0
1786960320719,2.0,34263040,277643264,1.0
1786960321222,0.0,34263040,277643264,1.0
1786960321725,4.0,34263040,277643264,2.0
1786960322230,2.0,34263040,277643264,0.5
1786960322734,2.0,34263040,277643264,0.5
1786960323237,2.0,34263040,277643264,1.0
1786960323742,2.0,34263040,277643264,1.0
1786960324245,0.0,34263040,277643264,0.5
1786960324749,2.0,34263040,277643264,1.5
1786960325252,2.0,34263040,277643264,0.5
1786960325759,2.0,34263040,277643264,1.5
1786960326263,2.0,34263040,277643264,0.5
1786960326766,2.0,34263040,277643264,0.5
1786960327270,4.0,34263040,277643264,0.0
1786960327773,0.0,34263040,277643264,1.0
1786960328277,2.0,34263040,277643264,0.5
1786960328780,2.0,34263040,277643264,1.5
1786960329285,2.0,34263040,277643264,0.0
1786960329787,2.0,34263040,277643264,1.0
1786960330291,2.0,34263040,277643264,1.0
1786960330794,2.0,34263040,277643264,1.0
1786960331298,2.0,34263040,277643264,0.5
1786960331801,2.0,34263040,277643264,1.5
1786960332305,2.0,34263040,277643264,0.5
1786960332808,0.0,34263040,277643264,1.0
1786960333311,4.0,34263040,277643264,0.5
1786960333814,0.0,34263040,277643264,2.0
1786960334318,4.0,34263040,277643264,0.5
1786960334821,0.0,34263040,277643264,2.0
1786960335324,2.0,34263040,277643264,0.0
1786960335827,2.0,34263040,277643264,0.5
1786960336331,2.0,34263040,277643264,0.5
1786960336834,2.0,34263040,277643264,1.0
1786960337338,2.0,34263040,277643264,0.5
1786960337841,0.0,34263040,277643264,1.0
1786960338344,2.0,34263040,277643264,1.5
1786960338847,2.0,34263040,277643264,1.0
1786960339352,2.0,34263040,277643264,1.0
1786960339855,2.0,34263040,277643264,1.0
1786960340358,2.0,34263040,277643264,0.5
1786960340863,2.0,34263040,277643264,1.5
1786960341368,2.0,34263040,277643264,0.5
1786960341871,2.0,34263040,277643264,1.0
1786960342374,2.0,34263040,277643264,0.5
1786960342878,2.0,34263040,277643264,1.5
1786960343381,2.0,34263040,277643264,0.5
1786960343884,2.0,34263040,277643264,0.0
1786960344388,2.0,34263040,277643264,0.5
1786960344892,0.0,34263040,277643264,1.0
1786960345396,2.0,34263040,277643264,0.0
1786960345899,2.0,34263040,277643264,1.0
1786960346403,2.0,34263040,277643264,1.0
1786960346906,2.0,34263040,277643264,1.5
1786960347410,4.0,34263040,277643264,0.5
1786960347913,0.0,34263040,277643264,1.0
1786960348417,2.0,34263040,277643264,1.0
1786960348920,2.0,34263040,277643264,1.5
1786960349423,2.0,34263040,277643264,0.5
1786960349926,2.0,34263040,277643264,0.5
1786960350430,2.0,34263040,277643264,1.0
1786960350934,0.0,34263040,277643264,1.0
1786960351438,4.0,34263040,277643264,0.5
1786960351941,2.0,34263040,277643264,1.0
1786960352445,2.0,34263040,277643264,1.0
1786960352948,0.0,34263040,277643264,0.5
1786960353452,2.0,34263040,277643264,0.5
1786960353955,2.0,34263040,277643264,1.0
1786960354459,2.0,34263040,277643264,1.5
1786960354963,2.0,34263040,277643264,0.5
1786960355467,2.0,34263040,277643264,0.5
1786960355971,2.0,34263040,277643264,2.0
1786960356474,2.0,34263040,277643264,0.5
1786960356978,2.0,34263040,277643264,1.5
1786960357482,2.0,34263040,277643264,0.5
1786960357986,2.0,34263040,277643264,1.0
1786960358489,2.0,34263040,277643264,1.0
1786960358992,0.0,34263040,277643264,1.0
1786960359496,4.0,34263040,277643264,0.0
1786960359999,2.0,34263040,277643264,0.5
1786960360503,2.0,34263040,277643264,0.5
1786960361007,2.0,34263040,277643264,1.5
1786960361512,0.0,34263040,277643264,0.5
1786960362016,2.0,34263040,277643264,1.0
1786960362520,2.0,34263040,277643264,0.0
1786960363024,2.0,34263040,277643264,1.0
1786960363529,2.0,34263040,277643264,0.5
1786960364034,2.0,34263040,277643264,2.0
1786960364537,2.0,34263040,277643264,0.5
1786960365040,2.0,34263040,277643264,2.0
1786960365543,0.0,34263040,277643264,0.5
1786960366046,4.0,34263040,277643264,1.5
1786960366550,2.0,34263040,277643264,1.0
1786960367054,2.0,34263040,277643264,1.5
1786960367559,0.0,34263040,277643264,1.0
1786960368063,2.0,34263040,277643264,1.0
1786960368566,2.0,34263040,277643264,1.0
1786960369069,2.0,34263040,277643264,1.5
1786960369573,2.0,34263040,277643264,0.5
1786960370076,2.0,34263040,277643264,1.0
1786960370579,0.0,34263040,277643264,0.5
1786960371083,4.0,34263040,277643264,1.0
1786960371587,2.0,34263040,277643264,1.0
1786960372091,2.0,34263040,277643264,0.5
1786960372595,0.0,34263040,277643264,1.0
1786960373098,2.0,34263040,277643264,1.0
1786960373602,2.0,34263040,277643264,1.0
1786960374107,2.0,34263040,277643264,1.0
1786960374611,4.0,34263040,277643264,0.5
1786960375122,2.0,34263040,277643264,1.5
1786960375625,2.0,34263040,277643264,0.5
1786960376129,2.0,34263040,277643264,1.0
1786960376632,2.0,34263040,277643264,1.0
1786960377136,2.0,34263040,277643264,0.0
1786960377640,2.0,34263040,277643264,2.0
1786960378143,0.0,34263040,277643264,1.0
1786960378646,2.0,34263040,277643264,0.5
1786960379151,2.0,34263040,277643264,0.5
1786960379655,2.0,34263040,277643264,1.5
1786960380159,2.0,34263040,277643264,0.0
1786960380662,2.0,34263040,277643264,1.0
1786960381167,2.0,34263040,277643264,0.5
1786960381670,2.0,34263040,277643264,1.5
1786960382174,2.0,34263040,277643264,0.5
1786960382677,2.0,34263040,277643264,1.0
1786960383181,0.0,34263040,277643264,0.5
1786960383684,2.0,34263040,277643264,1.0
1786960384187,4.0,34263040,277643264,0.5
1786960384691,0.0,34263040,277643264,1.0
1786960385194,2.0,34263040,277643264,0.5
1786960385698,2.0,34263040,277643264,2.5
1786960386202,2.0,34263040,277643264,0.5
1786960386705,4.0,34263040,277643264,1.5
1786960387209,0.0,34263040,277643264,0.5
1786960387712,2.0,34263040,277643264,1.5
1786960388216,0.0,34263040,277643264,0.5
1786960388719,4.0,34263040,277643264,1.0
1786960389223,2.0,34263040,277643264,0.0
1786960389726,2.0,34263040,277643264,1.5
1786960390230,2.0,34263040,277643264,1.0
1786960390733,2.0,34263040,277643264,1.5
1786960391236,2.0,34263040,277643264,1.0
1786960391739,2.0,34263040,277643264,0.5
1786960392243,2.0,34263040,277643264,1.0
1786960392746,0.0,34263040,277643264,0.5
1786960393249,2.0,34263040,277643264,0.5
1786960393752,2.0,34263040,277643264,2.5
1786960394256,2.0,34263040,277643264,0.0
1786960394759,2.0,34263040,277643264,1.0
1786960395263,2.0,34263040,277643264,1.0
1786960395766,2.0,34263040,277643264,0.5
1786960396270,2.0,34263040,277643264,1.0
1786960396774,2.0,34263040,277643264,1.0
1786960397278,2.0,34263040,277643264,0.5
1786960397781,0.0,34263040,277643264,1.5
1786960398285,2.0,34263040,277643264,1.0
1786960398789,2.0,34263040,277643264,1.0
1786960399293,2.0,34263040,277643264,0.5
1786960399796,2.0,34263040,277643264,1.0
1786960400299,2.0,34263040,277643264,0.5
1786960400803,2.0,34263040,277643264,1.0
1786960401306,2.0,34263040,277643264,1.0
1786960401810,0.0,34263040,277643264,1.0
1786960402313,2.0,34263040,277643264,0.5
1786960402817,2.0,34263040,277643264,1.5
1786960403321,2.0,34263040,277643264,0.5
1786960403824,2.0,34263040,277643264,0.5
1786960404327,2.0,34263040,277643264,0.5
1786960404831,4.0,34263040,277643264,1.0
1786960405335,2.0,34263040,277643264,1.0
1786960405838,0.0,34263040,277643264,0.0
1786960406341,4.0,34263040,277643264,1.0
1786960406845,0.0,34263040,277643264,1.5
1786960407348,2.0,34263040,277643264,0.5
1786960407852,2.0,34263040,277643264,1.0
1786960408355,2.0,34263040,277643264,1.0
1786960408858,2.0,34263040,277643264,1.0
1786960409363,2.0,34263040,277643264,0.5
1786960409866,2.0,34263040,277643264,1.0
1786960410370,2.0,34263040,277643264,0.0
1786960410873,2.0,34263040,277643264,2.0
1786960411377,2.0,34263040,277643264,1.0
1786960411880,0.0,34263040,277643264,1.0
1786960412384,4.0,34263040,277643264,0.0
1786960412887,2.0,34263040,277643264,1.5
1786960413391,2.0,34263040,277643264,0.5
1786960413894,0.0,34263040,277643264,1.0
1786960414398,2.0,34263040,277643264,0.5
1786960414902,2.0,34263040,277643264,1.0
1786960415405,4.0,34263040,277643264,1.0
1786960415909,2.0,34263040,277643264,0.5
1786960416412,0.0,34263040,277643264,1.0
1786960416917,2.0,34263040,277643264,1.0
1786960417420,2.0,34263040,277643264,1.0
1786960417924,2.0,34263040,277643264,1.0
1786960418427,2.0,34263040,277643264,0.5
1786960418931,2.0,34263040,277643264,0.5
1786960419434,0.0,34263040,277643264,1.0
1786960419937,2.0,34263040,277643264,1.0
1786960420440,4.0,34263040,277643264,0.5
1786960420945,2.0,34263040,277643264,0.0
1786960421447,2.0,34263040,277643264,1.0
1786960421951,2.0,34263040,277643264,1.0
1786960422455,2.0,34263040,277643264,1.0
1786960422958,0.0,34263040,277643264,1.0
1786960423462,2.0,34263040,277643264,1.0
1786960423966,2.0,34263040,277643264,1.0
1786960424469,4.0,34263040,277643264,0.5
1786960424973,0.0,34263040,277643264,2.0
1786960425476,2.0,34263040,277643264,1.0
1786960425980,4.0,34263040,277643264,1.0
1786960426483,0.0,34263040,277643264,0.5
1786960426987,2.0,34263040,277643264,0.5
1786960427490,4.0,34263040,277643264,0.5
1786960427994,2.0,34263040,277643264,1.5
1786960428497,2.0,34263040,277643264,0.5
1786960429000,2.0,34263040,277643264,1.0
1786960429503,2.0,34263040,277643264,0.5
1786960430008,2.0,34263040,277643264,0.5
1786960430511,2.0,34263040,277643264,0.5
1786960431014,0.0,34263040,277643264,1.0
1786960431517,2.0,34263040,277643264,1.0
1786960432021,2.0,34263040,277643264,1.0
1786960432524,2.0,34263040,277643264,0.5
1786960433027,2.0,34263040,277643264,2.0
1786960433530,2.0,34263040,277643264,0.0
1786960434033,2.0,34263040,277643264,1.0
1786960434537,2.0,34263040,277643264,0.5
1786960435041,2.0,34263040,277643264,1.0
1786960435544,0.0,34263040,277643264,0.0
1786960436047,2.0,34263040,277643264,1.0
1786960436551,4.0,34263040,277643264,0.5
1786960437054,0.0,34263040,277643264,0.5
1786960437557,2.0,34263040,277643264,0.5
1786960438061,2.0,34263040,277643264,1.0
1786960438565,2.0,34263040,277643264,0.5
1786960439068,2.0,34263040,277643264,1.0
1786960439571,0.0,34263040,277643264,1.0
1786960440075,4.0,34263040,277643264,1.0
1786960440578,0.0,34263040,277643264,0.5
1786960441083,2.0,34263040,277643264,1.5
1786960441586,2.0,34263040,277643264,0.0
1786960442089,4.0,34263040,277643264,1.5
1786960442593,2.0,34263040,277643264,1.0
1786960443097,2.0,34263040,277643264,1.5
1786960443600,2.0,34263040,277643264,1.0
1786960444104,2.0,34263040,277643264,0.5
1786960444608,2.0,34263040,277643264,1.0
1786960445112,0.0,34263040,277643264,0.5
1786960445618,2.0,34263040,277643264,1.0
1786960446125,2.0,34263040,277643264,0.5
1786960446628,2.0,34263040,277643264,0.5
1786960447131,2.0,34263040,277643264,1.0
1786960447634,4.0,34263040,277643264,1.5
1786960448137,2.0,34263040,277643264,0.5
1786960448641,2.0,34263040,277643264,0.5
1786960449144,0.0,34263040,277643264,1.5
1786960449647,4.0,34263040,277643264,1.0
1786960450150,0.0,34263040,277643264,0.5
1786960450653,2.0,34263040,277643264,0.0
1786960451159,2.0,34263040,277643264,1.5
1786960451663,2.0,34263040,277643264,1.5
1786960452167,2.0,34263040,277643264,0.5
1786960452671,0.0,34263040,277643264,1.0
1786960453174,2.0,34263040,277643264,0.5
1786960453678,2.0,34263040,277643264,0.0
1786960454181,2.0,34263040,277643264,1.0
1786960454686,2.0,34263040,277643264,1.5
1786960455189,2.0,34263040,277643264,0.5
1786960455692,2.0,34263040,277643264,0.5
1786960456196,2.0,34263040,277643264,0.5
1786960456699,2.0,34263040,277643264,1.0
1786960457203,4.0,34263040,277643264,0.5
1786960457706,2.0,34263040,277643264,0.5
1786960458210,0.0,34263040,277643264,1.0
1786960458713,2.0,34263040,277643264,1.5
1786960459217,2.0,34263040,277643264,0.0
1786960459720,2.0,34263040,277643264,1.0
1786960460224,0.0,34263040,277643264,0.5
1786960460727,4.0,34263040,277643264,1.0
1786960461231,2.0,34263040,277643264,1.0
1786960461734,2.0,34263040,277643264,1.0
1786960462237,2.0,34263040,277643264,0.5
1786960462740,2.0,34263040,277643264,1.0
1786960463244,2.0,34263040,277643264,0.5
1786960463747,2.0,34263040,277643264,1.0
1786960464250,0.0,34263040,277643264,0.5
1786960464754,2.0,34263040,277643264,2.0
1786960465257,2.0,34263040,277643264,1.0
1786960465760,2.0,34263040,277643264,1.5
1786960466262,2.0,34263040,277643264,0.0
1786960466766,2.0,34263040,277643264,2.0
1786960467269,2.0,34263040,277643264,0.0
1786960467772,2.0,34263040,277643264,1.0
1786960468276,2.0,34263040,277643264,0.5
1786960468780,2.0,34263040,277643264,1.0
1786960469284,2.0,34263040,277643264,0.5
1786960469787,2.0,34263040,277643264,1.0
1786960470290,0.0,34263040,277643264,0.5
1786960470794,4.0,34263040,277643264,1.5
1786960471298,0.0,34263040,277643264,0.5
1786960471802,4.0,34263040,277643264,0.5
1786960472307,2.0,34263040,277643264,0.5
1786960472812,2.0,34263040,277643264,1.5
1786960473315,0.0,34263040,277643264,0.5
1786960473818,4.0,34263040,277643264,0.5
1786960474322,2.0,34263040,277643264,1.0
1786960474826,2.0,34263040,277643264,1.0
1786960475329,0.0,34263040,277643264,0.5
1786960475833,4.0,34263040,277643264,0.5
1786960476336,2.0,34263040,277643264,1.5
1786960476840,0.0,34263040,277643264,0.5
1786960477344,2.0,34263040,277643264,0.0
1786960477847,4.0,34263040,277643264,1.5
1786960478352,2.0,34263040,277643264,0.5
1786960478855,0.0,34263040,277643264,2.0
1786960479358,4.0,34263040,277643264,1.0
1786960479862,0.0,34263040,277643264,0.5
1786960480365,2.0,34263040,277643264,0.5
1786960480869,2.0,34263040,277643264,1.5
1786960481372,2.0,34263040,277643264,0.0
1786960481875,2.0,34263040,277643264,1.0
1786960482379,2.0,34263040,277643264,1.0
1786960482882,2.0,34263040,277643264,0.5
1786960483385,2.0,34263040,277643264,0.5
1786960483890,2.0,34263040,277643264,0.5
1786960484394,2.0,34263040,277643264,1.0
1786960484898,2.0,34263040,277643264,2.5
1786960485401,2.0,34263040,277643264,0.5
1786960485905,0.0,34263040,277643264,0.5
1786960486408,2.0,34263040,277643264,1.0
1786960486913,4.0,34263040,277643264,0.5
1786960487416,2.0,34263040,277643264,0.5
1786960487920,0.0,34263040,277643264,1.0
1786960488424,2.0,34263040,277643264,1.0
1786960488927,2.0,34263040,277643264,1.0
1786960489431,2.0,34263040,277643264,0.5
1786960489934,2.0,34263040,277643264,1.0
1786960490438,2.0,34263040,277643264,0.5
1786960490941,0.0,34263040,277643264,1.0
1786960491445,2.0,34263040,277643264,0.5
1786960491949,2.0,34263040,277643264,0.5
1786960492453,2.0,34263040,277643264,0.5
1786960492956,2.0,34263040,277643264,0.5
1786960493460,2.0,34263040,277643264,1.0
1786960493964,2.0,34263040,277643264,0.5
1786960494468,2.0,34263040,277643264,0.5
1786960494971,0.0,34263040,277643264,0.5
1786960495475,2.0,34263040,277643264,0.5
1786960495978,2.0,34263040,277643264,0.0
1786960496481,2.0,34263040,277643264,1.0
1786960496985,2.0,34263040,277643264,1.0
1786960497489,4.0,34263040,277643264,0.5
1786960497992,0.0,34263040,277643264,0.5
1786960498495,2.0,34263040,277643264,0.5
1786960498999,2.0,34263040,277643264,1.0
1786960499503,2.0,34263040,277643264,0.5
1786960500007,0.0,34263040,277643264,1.0
1786960500510,2.0,34263040,277643264,1.0
1786960501014,2.0,34263040,277643264,0.5
1786960501517,2.0,34263040,277643264,1.0
1786960502021,2.0,34263040,277643264,0.0
1786960502525,2.0,34263040,277643264,1.0
1786960503028,2.0,34263040,277643264,0.5
1786960503532,2.0,34263040,277643264,0.5
1786960504035,2.0,34263040,277643264,0.5
1786960504539,2.0,34263040,277643264,1.0
1786960505042,2.0,34263040,277643264,0.0
1786960505546,2.0,34263040,277643264,1.0
1786960506050,0.0,34263040,277643264,0.5
1786960506553,2.0,34263040,277643264,1.5
1786960507057,2.0,34263040,277643264,0.0
1786960507560,2.0,34263040,277643264,0.5
1786960508064,2.0,34263040,277643264,0.5
1786960508568,2.0,34263040,277643264,1.0
1786960509072,2.0,34263040,277643264,1.5
1786960509576,2.0,34263040,277643264,0.5
1786960510079,0.0,34263040,277643264,0.0
1786960510582,2.0,34263040,277643264,0.0
1786960511086,2.0,34263040,277643264,1.0
1786960511593,2.0,34263040,277643264,0.5
1786960512096,2.0,34263040,277643264,0.0
1786960512600,2.0,34263040,277643264,0.5
1786960513104,0.0,34263040,277643264,0.0
1786960513610,3.9,34263040,277643264,1.0
1786960514117,2.0,34263040,277643264,0.0
1786960514621,2.0,34263040,277643264,0.5
1786960515126,2.0,34263040,277643264,1.5
1786960515629,2.0,34263040,277643264,0.5
1786960516133,2.0,34263040,277643264,0.5
1786960516638,2.0,34263040,277643264,0.0
1786960517141,2.0,34263040,277643264,1.0
1786960517645,2.0,34263040,277643264,0.5
1786960518151,0.0,34263040,277643264,0.5
1786960518654,2.0,34263040,277643264,1.0
1786960519158,2.0,34263040,277643264,1.0
1786960519662,0.0,34263040,277643264,0.0
1786960520169,3.9,34263040,277643264,1.5
1786960520672,2.0,34263040,277643264,1.5
1786960521175,2.0,34263040,277643264,0.5
1786960521679,2.0,34263040,277643264,0.0
1786960522182,0.0,34263040,277643264,0.5
1786960522687,2.0,34263040,277643264,1.0
1786960523193,2.0,34263040,277643264,0.5
1786960523696,2.0,34263040,277643264,0.5
1786960524199,2.0,34263040,277643264,0.5
1786960524702,2.0,34263040,277643264,0.0
1786960525205,2.0,34263040,277643264,0.5
1786960525708,2.0,34263040,277643264,1.0
1786960526212,0.0,34263040,277643264,0.5
1786960526715,2.0,34263040,277643264,1.5
1786960527218,2.0,34263040,277643264,0.0
1786960527721,2.0,34263040,277643264,1.0
1786960528225,2.0,34263040,277643264,0.0
1786960528728,2.0,34263040,277643264,1.5
1786960529231,2.0,34263040,277643264,0.0
1786960529736,2.0,34263040,277643264,0.5
1786960530239,2.0,34263040,277643264,0.5
1786960530743,2.0,34263040,277643264,1.5
1786960531245,2.0,34263040,277643264,0.0
1786960531749,0.0,34263040,277643264,0.5
1786960532252,2.0,34263040,277643264,0.5
1786960532755,2.0,34263040,277643264,1.0
1786960533259,2.0,34263040,277643264,0.0
1786960533762,2.0,34263040,277643264,0.0
1786960534265,0.0,34263040,277643264,1.0
1786960534769,4.0,34263040,277643264,1.0
1786960535272,2.0,34263040,277643264,0.5
1786960535775,2.0,34263040,277643264,0.5
1786960536279,2.0,34263040,277643264,0.5
1786960536784,2.0,34263040,277643264,1.0
1786960537287,0.0,34263040,277643264,0.5
1786960537791,2.0,34263040,277643264,1.0
1786960538294,2.0,34263040,277643264,0.5
1786960538798,2.0,34263040,277643264,2.0
1786960539301,0.0,34263040,277643264,0.5
1786960539805,4.0,34263040,277643264,1.5
1786960540308,2.0,34263040,277643264,0.5
1786960540812,2.0,34263040,277643264,0.5
1786960541315,0.0,34263040,277643264,0.5
1786960541818,2.0,34263040,277643264,1.5
1786960542321,2.0,34263040,277643264,0.5
1786960542825,2.0,34263040,277643264,1.0
1786960543329,2.0,34263040,277643264,0.0
1786960543832,2.0,34263040,277643264,1.5
1786960544335,0.0,34263040,277643264,0.5
1786960544839,2.0,34263040,277643264,1.0
1786960545342,2.0,34263040,277643264,0.5
1786960545846,2.0,34263040,277643264,1.0
1786960546349,2.0,34263040,277643264,0.5
1786960546852,2.0,34263040,277643264,0.5
1786960547356,2.0,34263040,277643264,0.5
1786960547859,2.0,34263040,277643264,0.5
1786960548363,0.0,34263040,277643264,1.0
1786960548870,3.9,34263040,277643264,0.5
1786960549373,2.0,34263040,277643264,0.0
1786960549877,2.0,34263040,277643264,1.0
1786960550381,2.0,34263040,277643264,0.5
1786960550884,2.0,34263040,277643264,1.5
1786960551388,2.0,34263040,277643264,0.0
1786960551892,2.0,34263040,277643264,0.5
1786960552396,2.0,34263040,277643264,1.0
1786960552899,2.0,34263040,277643264,0.5
1786960553402,0.0,34263040,277643264,0.0
1786960553906,2.0,34263040,277643264,0.5
1786960554409,2.0,34263040,277643264,0.5
1786960554913,2.0,34263040,277643264,1.0
1786960555416,2.0,34263040,277643264,1.5
1786960555920,0.0,34263040,277643264,0.5
1786960556423,4.0,34263040,277643264,1.0
1786960556926,0.0,34263040,277643264,0.0
1786960557431,2.0,34263040,277643264,0.5
1786960557934,2.0,34263040,277643264,0.5
1786960558438,4.0,34263040,277643264,1.0
1786960558942,0.0,34263040,277643264,0.0
1786960559446,2.0,34263040,277643264,1.0
1786960559949,2.0,34263040,277643264,0.5
1786960560453,2.0,34263040,277643264,1.0
1786960560957,2.0,34263040,277643264,0.5
1786960561461,2.0,34263040,277643264,0.5
1786960561964,0.0,34263040,277643264,0.5
1786960562467,2.0,34263040,277643264,0.5
1786960562971,2.0,34263040,277643264,0.5
1786960563475,2.0,34263040,277643264,0.5
1786960563979,2.0,34263040,277643264,0.5
1786960564483,2.0,34263040,277643264,0.5
1786960564987,2.0,34263040,277643264,1.0
1786960565490,2.0,34263040,277643264,0.5
1786960565994,0.0,34263040,277643264,0.5
1786960566497,2.0,34263040,277643264,1.5
1786960567001,2.0,34263040,277643264,1.0
1786960567505,2.0,34263040,277643264,0.5
1786960568008,2.0,34263040,277643264,0.5
1786960568512,2.0,34263040,277643264,0.5
1786960569017,2.0,34263040,277643264,1.5
1786960569520,2.0,34263040,277643264,0.5
1786960570023,2.0,34263040,277643264,1.0
1786960570526,2.0,34263040,277643264,0.0
1786960571030,2.0,34263040,277643264,1.0
1786960571533,2.0,34263040,277643264,0.5
1786960572037,0.0,34263040,277643264,1.0
1786960572541,2.0,34263040,277643264,0.0
1786960573044,2.0,34263040,277643264,1.5
1786960573548,2.0,34263040,277643264,0.5
1786960574051,2.0,34263040,277643264,1.5
1786960574555,2.0,34263040,277643264,0.5
1786960575058,2.0,34263040,277643264,2.0
1786960575562,2.0,34263040,277643264,0.5
1786960576065,0.0,34263040,277643264,1.5
1786960576568,2.0,34263040,277643264,0.5
1786960577073,2.0,34263040,277643264,0.0
1786960577576,4.0,34263040,277643264,0.5
1786960578080,0.0,34263040,277643264,1.0
1786960578583,4.0,34263040,277643264,1.5
1786960579088,0.0,34263040,277643264,0.5
1786960579592,2.0,34263040,277643264,1.0
1786960580096,2.0,34263040,277643264,1.0
1786960580600,2.0,34263040,277643264,0.5
1786960581103,2.0,34263040,277643264,1.5
1786960581607,0.0,34263040,277643264,0.5
1786960582112,2.0,34263040,277643264,1.5
1786960582617,2.0,34263040,277643264,0.5
1786960583121,2.0,34263040,277643264,0.5
1786960583628,2.0,34263040,277643264,1.5
1786960584131,2.0,34263040,277643264,0.0
1786960584635,2.0,34263040,277643264,1.0
1786960585139,2.0,34263040,277643264,0.5
1786960585642,2.0,34263040,277643264,1.5
1786960586146,2.0,34263040,277643264,1.0
1786960586649,2.0,34263040,277643264,1.0
1786960587153,2.0,34263040,277643264,0.5
1786960587656,0.0,34263040,277643264,1.0
1786960588159,4.0,34263040,277643264,0.5
1786960588664,0.0,34263040,277643264,1.5
1786960589167,2.0,34263040,277643264,0.5
1786960589671,2.0,34263040,277643264,1.0
1786960590174,4.0,34263040,277643264,0.0
1786960590678,0.0,34263040,277643264,0.5
1786960591185,3.9,34263040,277643264,0.5
1786960591688,0.0,34263040,277643264,1.0
1786960592192,2.0,34263040,277643264,0.5
1786960592696,2.0,34263040,277643264,1.0
1786960593199,2.0,34263040,277643264,0.5
1786960593703,2.0,34263040,277643264,1.0
1786960594206,0.0,34263040,277643264,0.5
1786960594709,2.0,34263040,277643264,2.0
1786960595212,2.0,34263040,277643264,0.5
1786960595716,2.0,34263040,277643264,1.5
1786960596219,0.0,34263040,277643264,0.5
1786960596722,2.0,34263040,277643264,0.5
1786960597225,4.0,34263040,277643264,1.0
1786960597729,0.0,34263040,277643264,1.0
1786960598231,2.0,34263040,277643264,0.0
1786960598735,2.0,34263040,277643264,1.5
1786960599238,4.0,34263040,277643264,0.5
1786960599741,2.0,34263040,277643264,1.0
1786960600245,0.0,34263040,277643264,0.5
1786960600748,2.0,34263040,277643264,1.5
1786960601251,2.0,34263040,277643264,0.5
1786960601754,2.0,34263040,277643264,1.0
1786960602257,2.0,34263040,277643264,0.5
1786960602761,2.0,34263040,277643264,1.0
1786960603264,0.0,34263040,277643264,0.0
1786960603767,2.0,34263040,277643264,1.5
1786960604271,2.0,34263040,277643264,0.5
1786960604774,2.0,34263040,277643264,2.0
1786960605277,2.0,34263040,277643264,0.5
1786960605781,2.0,34263040,277643264,1.0
1786960606284,0.0,34263040,277643264,0.5
1786960606786,2.0,34263040,277643264,1.0
1786960607291,2.0,34263040,277643264,0.5
1786960607794,2.0,34263040,277643264,2.5
1786960608298,2.0,34263040,277643264,0.5
1786960608802,4.0,34263040,277643264,0.5
1786960609305,0.0,34263040,277643264,0.5
1786960609809,2.0,34263040,277643264,1.0
1786960610312,2.0,34263040,277643264,0.0
1786960610816,2.0,34263040,277643264,2.0
1786960611319,0.0,34263040,277643264,0.5
1786960611823,2.0,34263040,277643264,1.0
1786960612327,2.0,34263040,277643264,0.5
1786960612830,2.0,34263040,277643264,1.5
1786960613334,2.0,34263040,277643264,0.5
1786960613837,2.0,34263040,277643264,1.0
1786960614340,2.0,34263040,277643264,0.5
1786960614843,2.0,34263040,277643264,1.0
1786960615348,0.0,34263040,277643264,0.5
1786960615851,2.0,34263040,277643264,0.5
1786960616354,2.0,34263040,277643264,1.0
1786960616858,2.0,34263040,277643264,1.5
1786960617362,2.0,34263040,277643264,0.0
1786960617866,2.0,34263040,277643264,1.0
1786960618370,2.0,34263040,277643264,1.0
1786960618873,2.0,34263040,277643264,2.0
1786960619378,0.0,34263040,277643264,0.5
1786960619882,4.0,34263040,277643264,1.0
1786960620386,0.0,34263040,277643264,0.5
1786960620889,2.0,34263040,277643264,1.0
1786960621392,2.0,34263040,277643264,0.5
1786960621898,2.0,34263040,277643264,1.0
1786960622402,2.0,34263040,277643264,0.5
1786960622906,2.0,34263040,277643264,2.0
1786960623409,2.0,34263040,277643264,0.0
1786960623913,2.0,34263040,277643264,1.0
1786960624416,0.0,34263040,277643264,0.5
1786960624919,2.0,34263040,277643264,1.5
1786960625423,4.0,34263040,277643264,0.0
1786960625927,0.0,34263040,277643264,0.5
1786960626430,2.0,34263040,277643264,1.0
1786960626934,2.0,34263040,277643264,1.5
1786960627437,2.0,34263040,277643264,0.5
1786960627940,0.0,34263040,277643264,1.0
1786960628443,4.0,34263040,277643264,0.5
1786960628946,2.0,34263040,277643264,1.0
1786960629449,0.0,34263040,277643264,1.5
1786960629952,2.0,34263040,277643264,0.5
1786960630455,2.0,34263040,277643264,0.5
1786960630958,4.0,34263040,277643264,1.0
1786960631461,2.0,34263040,277643264,1.0
1786960631964,0.0,34263040,277643264,0.5
1786960632467,2.0,34263040,277643264,0.5
1786960632971,2.0,34263040,277643264,1.5
1786960633474,2.0,34263040,277643264,0.5
1786960633978,2.0,34263040,277643264,1.0
1786960634482,2.0,34263040,277643264,0.5
1786960634985,0.0,34263040,277643264,1.0
1786960635488,2.0,34263040,277643264,0.5
1786960635992,2.0,34263040,277643264,0.5
1786960636495,2.0,34263040,277643264,1.0
1786960636999,2.0,34263040,277643264,1.5
1786960637502,2.0,34263040,277643264,0.5
1786960638005,2.0,34263040,277643264,0.0
1786960638509,2.0,34263040,277643264,1.0
1786960639012,0.0,34263040,277643264,0.5
1786960639515,4.0,34263040,277643264,0.5
1786960640019,0.0,34263040,277643264,1.0
1786960640522,2.0,34263040,277643264,0.5
1786960641025,2.0,34263040,277643264,1.5
1786960641528,0.0,34263040,277643264,0.0
1786960642031,2.0,34263040,277643264,0.5
1786960642534,4.0,34263040,277643264,1.0
1786960643037,0.0,34263040,277643264,1.0
1786960643540,2.0,34263040,277643264,1.0
1786960644045,2.0,34263040,277643264,1.0
1786960644549,2.0,34263040,277643264,1.0
1786960645052,0.0,34263040,277643264,1.5
1786960645555,4.0,34263040,277643264,0.0
1786960646058,2.0,34263040,277643264,1.0
1786960646561,2.0,34263040,277643264,1.0
1786960647064,2.0,34263040,277643264,0.0
1786960647568,2.0,34263040,277643264,1.0
1786960648071,0.0,34263040,277643264,1.5
1786960648575,2.0,34263040,277643264,1.0
1786960649078,2.0,34263040,277643264,1.0
1786960649581,2.0,34263040,277643264,0.5
1786960650085,2.0,34263040,277643264,1.5
1786960650588,0.0,34263040,277643264,1.0
1786960651092,2.0,34263040,277643264,0.5
1786960651595,4.0,34263040,277643264,0.5
1786960652099,0.0,34263040,277643264,0.0
1786960652603,2.0,34263040,277643264,1.5
1786960653109,2.0,34263040,277643264,1.0
1786960653613,4.0,34263040,277643264,1.0
1786960654117,0.0,34263040,277643264,0.5
1786960654621,2.0,34263040,277643264,1.0
1786960655126,2.0,34263040,277643264,1.0
1786960655629,2.0,34263040,277643264,0.5
1786960656132,2.0,34263040,277643264,0.0
1786960656636,2.0,34263040,277643264,1.5
1786960657140,2.0,34263040,277643264,0.0
1786960657644,2.0,34263040,277643264,1.5
1786960658147,2.0,34263040,277643264,0.0
1786960658651,2.0,34263040,277643264,2.0
1786960659154,0.0,34263040,277643264,0.5
1786960659658,4.0,34263040,277643264,1.0
1786960660161,0.0,34263040,277643264,1.0
1786960660665,2.0,34263040,277643264,1.0
1786960661168,2.0,34263040,277643264,0.5
1786960661672,2.0,34263040,277643264,1.0
1786960662175,0.0,34263040,277643264,0.5
1786960662683,3.9,34263040,277643264,2.0
1786960663186,2.0,34263040,277643264,0.5
1786960663690,2.0,34263040,277643264,1.5
1786960664193,2.0,34263040,277643264,0.0
1786960664697,0.0,34263040,277643264,1.5
1786960665200,2.0,34263040,277643264,0.5
1786960665703,2.0,34263040,277643264,1.0
1786960666206,2.0,34263040,277643264,0.0
1786960666709,2.0,34263040,277643264,1.5
1786960667212,2.0,34263040,277643264,0.5
1786960667716,0.0,34263040,277643264,1.0
1786960668219,4.0,34263040,277643264,1.0
1786960668722,2.0,34263040,277643264,0.5
1786960669226,0.0,34263040,277643264,0.0
1786960669731,2.0,34263040,277643264,1.0
1786960670235,2.0,34263040,277643264,1.0
1786960670739,2.0,34263040,277643264,1.5
1786960671242,2.0,34263040,277643264,0.5
1786960671747,2.0,34263040,277643264,2.0
1786960672250,2.0,34263040,277643264,0.5
1786960672753,2.0,34263040,277643264,1.5
1786960673257,2.0,34263040,277643264,0.5
1786960673760,2.0,34263040,277643264,1.0
1786960674263,2.0,34263040,277643264,0.5
1786960674767,0.0,34263040,277643264,1.5
1786960675270,2.0,34263040,277643264,0.0
1786960675773,2.0,34263040,277643264,1.5
1786960676276,2.0,34263040,277643264,0.5
1786960676779,2.0,34263040,277643264,1.0
1786960677283,2.0,34263040,277643264,0.5
1786960677787,0.0,34263040,277643264,0.5
1786960678290,2.0,34263040,277643264,2.0
1786960678793,2.0,34263040,277643264,1.5
1786960679298,2.0,34263040,277643264,0.5
1786960679803,2.0,34263040,277643264,2.0
1786960680306,2.0,34263040,277643264,0.5
1786960680810,2.0,34263040,277643264,1.5
1786960681314,0.0,34263040,277643264,0.0
1786960681817,6.0,34263040,277643264,1.0
1786960682322,0.0,34263040,277643264,0.5
1786960682826,2.0,34263040,277643264,2.0
1786960683330,2.0,34263040,277643264,0.5
1786960683833,2.0,34263040,277643264,1.0
1786960684336,2.0,34263040,277643264,0.5
1786960684840,2.0,34263040,277643264,1.0
1786960685343,2.0,34263040,277643264,2.0
1786960685847,0.0,34263040,277643264,0.5
1786960686350,2.0,34263040,277643264,0.5
1786960686853,2.0,34263040,277643264,2.0
1786960687356,2.0,34263040,277643264,0.5
1786960687860,4.0,34263040,277643264,1.0
1786960688364,0.0,34263040,277643264,0.0
1786960688867,2.0,34263040,277643264,1.5
1786960689370,2.0,34263040,277643264,0.0
1786960689874,2.0,34263040,277643264,2.0
1786960690378,2.0,34263040,277643264,1.5
1786960690883,2.0,34263040,277643264,1.0
1786960691386,2.0,34263040,277643264,0.5
1786960691889,2.0,34263040,277643264,1.5
1786960692392,0.0,34263040,277643264,0.5
1786960692895,2.0,34263040,277643264,1.0
1786960693399,0.0,34263040,277643264,1.5
1786960693902,4.0,34263040,277643264,0.5
1786960694405,0.0,34263040,277643264,1.0
1786960694909,2.0,34263040,277643264,1.5
1786960695412,4.0,34263040,277643264,0.0
1786960695915,0.0,34263040,277643264,1.0
1786960696419,2.0,34263040,277643264,0.5
1786960696922,2.0,34263040,277643264,1.0
1786960697425,2.0,34263040,277643264,0.5
1786960697929,2.0,34263040,277643264,1.0
1786960698433,2.0,34263040,277643264,1.0
1786960698938,2.0,34263040,277643264,0.5
1786960699441,2.0,34263040,277643264,0.5
1786960699944,2.0,34263040,277643264,1.0
1786960700448,2.0,34263040,277643264,0.5
1786960700951,2.0,34263040,277643264,1.5
1786960701454,2.0,34263040,277643264,0.0
1786960701957,2.0,34263040,277643264,1.5
1786960702462,2.0,34263040,277643264,1.0
1786960702966,0.0,34263040,277643264,1.5
1786960703469,2.0,34263040,277643264,0.5
1786960703972,2.0,34263040,277643264,1.0
1786960704476,2.0,34263040,277643264,0.0
1786960704980,0.0,34263040,277643264,1.0
1786960705485,2.0,34263040,277643264,0.5
1786960705988,2.0,34263040,277643264,1.5
1786960706492,2.0,34263040,277643264,0.0
1786960706997,2.0,34263040,277643264,1.5
1786960707500,2.0,34263040,277643264,0.0
1786960708003,2.0,34263040,277643264,1.0
1786960708507,2.0,34263040,277643264,0.0
1786960709010,2.0,34263040,277643264,1.5
1786960709515,2.0,34263040,277643264,0.5
1786960710018,0.0,34263040,277643264,1.5
1786960710521,2.0,34263040,277643264,0.5
1786960711025,4.0,34263040,277643264,1.0
1786960711528,2.0,34263040,277643264,0.0
1786960712031,0.0,34263040,277643264,1.5
1786960712535,2.0,34263040,277643264,1.0
1786960713039,2.0,34263040,277643264,0.5
1786960713543,2.0,34263040,277643264,0.5
1786960714046,2.0,34263040,277643264,1.0
1786960714550,2.0,34263040,277643264,1.0
1786960715053,2.0,34263040,277643264,1.5
1786960715557,2.0,34263040,277643264,0.5
1786960716060,2.0,34263040,277643264,1.0
1786960716565,2.0,34263040,277643264,1.0
1786960717069,0.0,34263040,277643264,0.5
1786960717573,2.0,34263040,277643264,0.5
1786960718077,2.0,34263040,277643264,0.5
1786960718581,2.0,34263040,277643264,1.0
1786960719084,2.0,34263040,277643264,1.0
1786960719589,2.0,34263040,277643264,0.5
1786960720093,2.0,34263040,277643264,1.5
1786960720596,0.0,34263040,277643264,1.0
1786960721099,2.0,34263040,277643264,1.0
1786960721603,2.0,34263040,277643264,1.0
1786960722106,2.0,34263040,277643264,1.0
1786960722610,2.0,34263040,277643264,1.5
1786960723115,2.0,34263040,277643264,0.0
1786960723618,2.0,34263040,277643264,2.0
1786960724122,2.0,34263040,277643264,0.5
1786960724625,4.0,34263040,277643264,1.0
1786960725129,0.0,34263040,277643264,0.5
1786960725631,2.0,34263040,277643264,4.5
1786960726135,2.0,34263040,277643264,0.5
1786960726638,0.0,34263040,277643264,0.5
1786960727141,4.0,34263040,277643264,0.5
1786960727645,2.0,34263040,277643264,1.5
1786960728148,0.0,34263040,277643264,0.5
1786960728651,2.0,34263040,277643264,1.5
1786960729154,2.0,34263040,277643264,0.0
1786960729657,2.0,34263040,277643264,1.5
1786960730161,2.0,34263040,277643264,1.0
1786960730664,2.0,34263040,277643264,1.5
1786960731167,0.0,34263040,277643264,0.0
1786960731671,4.0,34263040,277643264,2.0
1786960732175,2.0,34263040,277643264,0.0
1786960732678,0.0,34263040,277643264,2.0
1786960733182,2.0,34263040,277643264,0.0
1786960733685,2.0,34263040,277643264,1.5
1786960734188,0.0,34263040,277643264,0.0
1786960734693,2.0,34263040,277643264,1.0
1786960735196,4.0,34263040,277643264,0.5
1786960735700,0.0,34263040,277643264,0.5
1786960736204,2.0,34263040,277643264,1.0
1786960736707,2.0,34263040,277643264,2.5
1786960737212,2.0,34263040,277643264,0.0
1786960737716,2.0,34263040,277643264,1.0
1786960738221,2.0,34263040,277643264,0.0
1786960738724,2.0,34263040,277643264,1.5
1786960739227,2.0,34263040,277643264,0.5
1786960739731,0.0,34263040,277643264,1.5
1786960740234,2.0,34263040,277643264,5.5
1786960740737,2.0,34263040,277643264,14.5
1786960741239,2.0,34263040,277643264,0.0
1786960741742,0.0,34263040,277643264,1.0
1786960742244,0.0,34263040,277643264,1.0
1786960742746,2.0,34263040,277643264,0.5
1786960743248,2.0,34263040,277643264,0.5
1786960743750,0.0,34263040,277643264,0.0
1786960744252,2.0,34263040,277643264,0.5
1786960744754,0.0,34263040,277643264,0.0
1786960745256,0.0,34263040,277643264,0.0
1786960745758,2.0,34263040,277643264,1.0
1786960746261,2.0,34263040,277643264,0.5
1786960746766,0.0,34263040,277643264,0.5
1786960747269,4.0,34263040,277643264,0.5
1786960747773,0.0,34263040,277643264,1.0
1786960748276,2.0,34263040,277643264,0.5
1786960748779,2.0,34263040,277643264,1.5
1786960749282,2.0,34263040,277643264,0.5
1786960749786,0.0,34263040,277643264,0.5
1786960750289,2.0,34263040,277643264,0.0
1786960750792,2.0,34263040,277643264,1.5
1786960751295,2.0,34263040,277643264,0.0
1786960751798,2.0,34263040,277643264,6.4
